account_name,pe_firm,pe_firm_id,pe_hq_city,pe_hq_region,pe_list_role,pe_multi_sector,investment_status,description,region,strategy,website,sources,source_urls,company_url,wikipedia_url,firm_portfolio_url
A Place for Mom,Silver Lake,silver-lake,San Mateo,San Francisco Bay Area,featured,no,current,,,,,official_site,https://www.silverlake.com/wp-json/wp/v2/portfolio,https://www.silverlake.com/portfolio/a-place-for-mom/,,https://www.silverlake.com/portfolio/
Achievers,Silver Lake,silver-lake,San Mateo,San Francisco Bay Area,featured,no,current,,,,,official_site,https://www.silverlake.com/wp-json/wp/v2/portfolio,https://www.silverlake.com/portfolio/achievers/,,https://www.silverlake.com/portfolio/
Airbnb,Silver Lake,silver-lake,San Mateo,San Francisco Bay Area,featured,no,current,,,,,official_site|wikipedia|geig_article,https://www.silverlake.com/wp-json/wp/v2/portfolio|https://en.wikipedia.org/wiki/Airbnb|https://growthequityinterviewguide.com/private-equity/private-equity-primer/technology-private-equity-firms,https://www.silverlake.com/portfolio/airbnb-2/,https://en.wikipedia.org/wiki/Airbnb,https://www.silverlake.com/portfolio/
Airtable,Silver Lake,silver-lake,San Mateo,San Francisco Bay Area,featured,no,current,,,,,official_site,https://www.silverlake.com/wp-json/wp/v2/portfolio,https://www.silverlake.com/portfolio/airtable/,,https://www.silverlake.com/portfolio/
Alchemy,Silver Lake,silver-lake,San Mateo,San Francisco Bay Area,featured,no,current,,,,,official_site,https://www.silverlake.com/wp-json/wp/v2/portfolio,https://www.silverlake.com/portfolio/alchemy/,,https://www.silverlake.com/portfolio/
Alibaba Group,Silver Lake,silver-lake,San Mateo,San Francisco Bay Area,featured,no,current,,,,,official_site|wikipedia,https://www.silverlake.com/wp-json/wp/v2/portfolio|https://en.wikipedia.org/wiki/Alibaba_Group,https://www.silverlake.com/portfolio/alibaba-group/,https://en.wikipedia.org/wiki/Alibaba_Group,https://www.silverlake.com/portfolio/
Allyes,Silver Lake,silver-lake,San Mateo,San Francisco Bay Area,featured,no,current,,,,,official_site,https://www.silverlake.com/wp-json/wp/v2/portfolio,https://www.silverlake.com/portfolio/allyes/,,https://www.silverlake.com/portfolio/
Altera,Silver Lake,silver-lake,San Mateo,San Francisco Bay Area,featured,no,current,,,,,official_site|wikipedia,https://www.silverlake.com/wp-json/wp/v2/portfolio|https://en.wikipedia.org/wiki/Altera,https://www.silverlake.com/portfolio/altera/,https://en.wikipedia.org/wiki/Altera,https://www.silverlake.com/portfolio/
AMC,Silver Lake,silver-lake,San Mateo,San Francisco Bay Area,featured,no,current,,,,,official_site,https://www.silverlake.com/wp-json/wp/v2/portfolio,https://www.silverlake.com/portfolio/amc/,,https://www.silverlake.com/portfolio/
Ancestry,Silver Lake,silver-lake,San Mateo,San Francisco Bay Area,featured,no,current,,,,,official_site,https://www.silverlake.com/wp-json/wp/v2/portfolio,https://www.silverlake.com/portfolio/ancestry/,,https://www.silverlake.com/portfolio/
Ant Group,Silver Lake,silver-lake,San Mateo,San Francisco Bay Area,featured,no,current,,,,,official_site|wikipedia|geig_article,https://www.silverlake.com/wp-json/wp/v2/portfolio|https://en.wikipedia.org/wiki/Ant_Group|https://growthequityinterviewguide.com/private-equity/private-equity-primer/technology-private-equity-firms,https://www.silverlake.com/portfolio/ant-group/,https://en.wikipedia.org/wiki/Ant_Group,https://www.silverlake.com/portfolio/
Aras,Silver Lake,silver-lake,San Mateo,San Francisco Bay Area,featured,no,current,,,,,official_site,https://www.silverlake.com/wp-json/wp/v2/portfolio,https://www.silverlake.com/portfolio/aras/,,https://www.silverlake.com/portfolio/
Australian Professional Leagues,Silver Lake,silver-lake,San Mateo,San Francisco Bay Area,featured,no,current,,,,,official_site,https://www.silverlake.com/wp-json/wp/v2/portfolio,https://www.silverlake.com/portfolio/australian-professional-leagues/,,https://www.silverlake.com/portfolio/
Avago,Silver Lake,silver-lake,San Mateo,San Francisco Bay Area,featured,no,current,,,,,official_site,https://www.silverlake.com/wp-json/wp/v2/portfolio,https://www.silverlake.com/portfolio/avago/,,https://www.silverlake.com/portfolio/
Avaya,Silver Lake,silver-lake,San Mateo,San Francisco Bay Area,featured,no,current,,,,,official_site,https://www.silverlake.com/wp-json/wp/v2/portfolio,https://www.silverlake.com/portfolio/avaya/,,https://www.silverlake.com/portfolio/
AVI-SPL,Silver Lake,silver-lake,San Mateo,San Francisco Bay Area,featured,no,current,,,,,official_site,https://www.silverlake.com/wp-json/wp/v2/portfolio,https://www.silverlake.com/portfolio/avi-spl/,,https://www.silverlake.com/portfolio/
Blackhawk Network,Silver Lake,silver-lake,San Mateo,San Francisco Bay Area,featured,no,current,,,,,official_site,https://www.silverlake.com/wp-json/wp/v2/portfolio,https://www.silverlake.com/portfolio/blackhawk-network/,,https://www.silverlake.com/portfolio/
BlackLine,Silver Lake,silver-lake,San Mateo,San Francisco Bay Area,featured,no,current,,,,,official_site,https://www.silverlake.com/wp-json/wp/v2/portfolio,https://www.silverlake.com/portfolio/blackline/,,https://www.silverlake.com/portfolio/
Blue Danube System,Silver Lake,silver-lake,San Mateo,San Francisco Bay Area,featured,no,current,,,,,official_site,https://www.silverlake.com/wp-json/wp/v2/portfolio,https://www.silverlake.com/portfolio/blue-danube-system/,,https://www.silverlake.com/portfolio/
Broadcom,Silver Lake,silver-lake,San Mateo,San Francisco Bay Area,featured,no,current,,,,,official_site,https://www.silverlake.com/wp-json/wp/v2/portfolio,https://www.silverlake.com/portfolio/broadcom/,,https://www.silverlake.com/portfolio/
Byju’s,Silver Lake,silver-lake,San Mateo,San Francisco Bay Area,featured,no,current,,,,,official_site,https://www.silverlake.com/wp-json/wp/v2/portfolio,https://www.silverlake.com/portfolio/byjus/,,https://www.silverlake.com/portfolio/
Carbon,Silver Lake,silver-lake,San Mateo,San Francisco Bay Area,featured,no,current,,,,,official_site,https://www.silverlake.com/wp-json/wp/v2/portfolio,https://www.silverlake.com/portfolio/carbon/,,https://www.silverlake.com/portfolio/
Caris Life Sciences,Silver Lake,silver-lake,San Mateo,San Francisco Bay Area,featured,no,current,,,,,official_site,https://www.silverlake.com/wp-json/wp/v2/portfolio,https://www.silverlake.com/portfolio/caris-life-sciences/,,https://www.silverlake.com/portfolio/
Carta,Silver Lake,silver-lake,San Mateo,San Francisco Bay Area,featured,no,current,,,,,official_site,https://www.silverlake.com/wp-json/wp/v2/portfolio,https://www.silverlake.com/portfolio/carta/,,https://www.silverlake.com/portfolio/
Casago,Silver Lake,silver-lake,San Mateo,San Francisco Bay Area,featured,no,current,,,,,official_site,https://www.silverlake.com/wp-json/wp/v2/portfolio,https://www.silverlake.com/portfolio/vacasa/,,https://www.silverlake.com/portfolio/
Cast & Crew,Silver Lake,silver-lake,San Mateo,San Francisco Bay Area,featured,no,current,,,,,official_site,https://www.silverlake.com/wp-json/wp/v2/portfolio,https://www.silverlake.com/portfolio/cast-crew/,,https://www.silverlake.com/portfolio/
CDW,Silver Lake,silver-lake,San Mateo,San Francisco Bay Area,featured,no,current,,,,,official_site,https://www.silverlake.com/wp-json/wp/v2/portfolio,https://www.silverlake.com/portfolio/cdw/,,https://www.silverlake.com/portfolio/
Cegid,Silver Lake,silver-lake,San Mateo,San Francisco Bay Area,featured,no,current,,,,,official_site,https://www.silverlake.com/wp-json/wp/v2/portfolio,https://www.silverlake.com/portfolio/cegid/,,https://www.silverlake.com/portfolio/
Celonis,Silver Lake,silver-lake,San Mateo,San Francisco Bay Area,featured,no,current,,,,,official_site,https://www.silverlake.com/wp-json/wp/v2/portfolio,https://www.silverlake.com/portfolio/celonis/,,https://www.silverlake.com/portfolio/
City Football Group,Silver Lake,silver-lake,San Mateo,San Francisco Bay Area,featured,no,current,,,,,official_site|wikipedia,https://www.silverlake.com/wp-json/wp/v2/portfolio|https://en.wikipedia.org/wiki/City_Football_Group,https://www.silverlake.com/portfolio/city-football-group/,https://en.wikipedia.org/wiki/City_Football_Group,https://www.silverlake.com/portfolio/
Clari/Salesloft,Silver Lake,silver-lake,San Mateo,San Francisco Bay Area,featured,no,current,,,,,official_site,https://www.silverlake.com/wp-json/wp/v2/portfolio,https://www.silverlake.com/portfolio/clari/,,https://www.silverlake.com/portfolio/
Con-Pearl,Silver Lake,silver-lake,San Mateo,San Francisco Bay Area,featured,no,current,,,,,official_site,https://www.silverlake.com/wp-json/wp/v2/portfolio,https://www.silverlake.com/portfolio/con-pearl/,,https://www.silverlake.com/portfolio/
Convenience Bee,Silver Lake,silver-lake,San Mateo,San Francisco Bay Area,featured,no,current,,,,,official_site,https://www.silverlake.com/wp-json/wp/v2/portfolio,https://www.silverlake.com/portfolio/convenience-bee/,,https://www.silverlake.com/portfolio/
Cornerstone,Silver Lake,silver-lake,San Mateo,San Francisco Bay Area,featured,no,current,,,,,official_site,https://www.silverlake.com/wp-json/wp/v2/portfolio,https://www.silverlake.com/portfolio/cornerstone/,,https://www.silverlake.com/portfolio/
Credit Karma,Silver Lake,silver-lake,San Mateo,San Francisco Bay Area,featured,no,current,,,,,official_site|wikipedia,https://www.silverlake.com/wp-json/wp/v2/portfolio|https://en.wikipedia.org/wiki/Credit_Karma,https://www.silverlake.com/portfolio/credit-karma/,https://en.wikipedia.org/wiki/Credit_Karma,https://www.silverlake.com/portfolio/
Crystal Decisions / Business Objects,Silver Lake,silver-lake,San Mateo,San Francisco Bay Area,featured,no,current,,,,,official_site,https://www.silverlake.com/wp-json/wp/v2/portfolio,https://www.silverlake.com/portfolio/crystal-decisions-business-objects/,,https://www.silverlake.com/portfolio/
Ctrip,Silver Lake,silver-lake,San Mateo,San Francisco Bay Area,featured,no,current,,,,,official_site,https://www.silverlake.com/wp-json/wp/v2/portfolio,https://www.silverlake.com/portfolio/ctrip/,,https://www.silverlake.com/portfolio/
Datek Online / Ameritrade,Silver Lake,silver-lake,San Mateo,San Francisco Bay Area,featured,no,current,,,,,official_site,https://www.silverlake.com/wp-json/wp/v2/portfolio,https://www.silverlake.com/portfolio/datek-online-ameritrade/,,https://www.silverlake.com/portfolio/
Dell Technologies,Silver Lake,silver-lake,San Mateo,San Francisco Bay Area,featured,no,current,,,,,official_site|wikipedia|geig_article,https://www.silverlake.com/wp-json/wp/v2/portfolio|https://en.wikipedia.org/wiki/Dell_Technologies|https://growthequityinterviewguide.com/private-equity/private-equity-primer/technology-private-equity-firms,https://www.silverlake.com/portfolio/dell-technologies/,https://en.wikipedia.org/wiki/Dell_Technologies,https://www.silverlake.com/portfolio/
Diamond Baseball Holdings,Silver Lake,silver-lake,San Mateo,San Francisco Bay Area,featured,no,current,,,,,official_site|wikipedia,https://www.silverlake.com/wp-json/wp/v2/portfolio|https://en.wikipedia.org/wiki/Diamond_Baseball_Holdings,https://www.silverlake.com/portfolio/diamond-baseball-holdings/,https://en.wikipedia.org/wiki/Diamond_Baseball_Holdings,https://www.silverlake.com/portfolio/
Didi Chuxing,Silver Lake,silver-lake,San Mateo,San Francisco Bay Area,featured,no,current,,,,,official_site,https://www.silverlake.com/wp-json/wp/v2/portfolio,https://www.silverlake.com/portfolio/didi-chuxing/,,https://www.silverlake.com/portfolio/
eConnections,Silver Lake,silver-lake,San Mateo,San Francisco Bay Area,featured,no,current,,,,,official_site,https://www.silverlake.com/wp-json/wp/v2/portfolio,https://www.silverlake.com/portfolio/econnections/,,https://www.silverlake.com/portfolio/
Eka,Silver Lake,silver-lake,San Mateo,San Francisco Bay Area,featured,no,current,,,,,official_site,https://www.silverlake.com/wp-json/wp/v2/portfolio,https://www.silverlake.com/portfolio/eka/,,https://www.silverlake.com/portfolio/
Electronic Arts,Silver Lake,silver-lake,San Mateo,San Francisco Bay Area,featured,no,current,,,,,official_site|wikipedia,https://www.silverlake.com/wp-json/wp/v2/portfolio|https://en.wikipedia.org/wiki/Electronic_Arts,https://www.silverlake.com/portfolio/electronic-arts/,https://en.wikipedia.org/wiki/Electronic_Arts,https://www.silverlake.com/portfolio/
Endeavor Group Holdings,Silver Lake,silver-lake,San Mateo,San Francisco Bay Area,featured,no,current,,,,,official_site,https://www.silverlake.com/wp-json/wp/v2/portfolio,https://www.silverlake.com/portfolio/endeavor/,,https://www.silverlake.com/portfolio/
Enterasys,Silver Lake,silver-lake,San Mateo,San Francisco Bay Area,featured,no,current,,,,,official_site,https://www.silverlake.com/wp-json/wp/v2/portfolio,https://www.silverlake.com/portfolio/enterasys/,,https://www.silverlake.com/portfolio/
Entrata,Silver Lake,silver-lake,San Mateo,San Francisco Bay Area,featured,no,current,,,,,official_site,https://www.silverlake.com/wp-json/wp/v2/portfolio,https://www.silverlake.com/portfolio/entrata/,,https://www.silverlake.com/portfolio/
Equinox Group,Silver Lake,silver-lake,San Mateo,San Francisco Bay Area,featured,no,current,,,,,official_site,https://www.silverlake.com/wp-json/wp/v2/portfolio,https://www.silverlake.com/portfolio/equinox-group/,,https://www.silverlake.com/portfolio/
EverCommerce,Silver Lake,silver-lake,San Mateo,San Francisco Bay Area,featured,no,current,,,,,official_site,https://www.silverlake.com/wp-json/wp/v2/portfolio,https://www.silverlake.com/portfolio/evercommerce/,,https://www.silverlake.com/portfolio/
Exact,Silver Lake,silver-lake,San Mateo,San Francisco Bay Area,featured,no,current,,,,,official_site,https://www.silverlake.com/wp-json/wp/v2/portfolio,https://www.silverlake.com/portfolio/exact/,,https://www.silverlake.com/portfolio/
Expedia Group,Silver Lake,silver-lake,San Mateo,San Francisco Bay Area,featured,no,current,,,,,official_site|wikipedia,https://www.silverlake.com/wp-json/wp/v2/portfolio|https://en.wikipedia.org/wiki/Expedia_Group,https://www.silverlake.com/portfolio/expedia-group/,https://en.wikipedia.org/wiki/Expedia_Group,https://www.silverlake.com/portfolio/
Facile.it,Silver Lake,silver-lake,San Mateo,San Francisco Bay Area,featured,no,current,,,,,official_site|wikipedia,https://www.silverlake.com/wp-json/wp/v2/portfolio|https://en.wikipedia.org/wiki/Facile.it,https://www.silverlake.com/portfolio/facile-it/,https://en.wikipedia.org/wiki/Facile.it,https://www.silverlake.com/portfolio/
Fanatics,Silver Lake,silver-lake,San Mateo,San Francisco Bay Area,featured,no,current,,,,,official_site|wikipedia,https://www.silverlake.com/wp-json/wp/v2/portfolio|https://en.wikipedia.org/wiki/Fanatics%2C_Inc.,https://www.silverlake.com/portfolio/fanatics-inc/,https://en.wikipedia.org/wiki/Fanatics%2C_Inc.,https://www.silverlake.com/portfolio/
Fanatics Collectibles,Silver Lake,silver-lake,San Mateo,San Francisco Bay Area,featured,no,current,,,,,official_site,https://www.silverlake.com/wp-json/wp/v2/portfolio,https://www.silverlake.com/portfolio/fanatics-trading-cards/,,https://www.silverlake.com/portfolio/
FATHOM,Silver Lake,silver-lake,San Mateo,San Francisco Bay Area,featured,no,current,,,,,official_site,https://www.silverlake.com/wp-json/wp/v2/portfolio,https://www.silverlake.com/portfolio/fathom/,,https://www.silverlake.com/portfolio/
First Advantage,Silver Lake,silver-lake,San Mateo,San Francisco Bay Area,featured,no,current,,,,,official_site,https://www.silverlake.com/wp-json/wp/v2/portfolio,https://www.silverlake.com/portfolio/first-advantage/,,https://www.silverlake.com/portfolio/
Flextronics,Silver Lake,silver-lake,San Mateo,San Francisco Bay Area,featured,no,current,,,,,official_site,https://www.silverlake.com/wp-json/wp/v2/portfolio,https://www.silverlake.com/portfolio/flextronics/,,https://www.silverlake.com/portfolio/
Flix,Silver Lake,silver-lake,San Mateo,San Francisco Bay Area,featured,no,current,,,,,official_site,https://www.silverlake.com/wp-json/wp/v2/portfolio,https://www.silverlake.com/portfolio/flix/,,https://www.silverlake.com/portfolio/
ForeFlight,Silver Lake,silver-lake,San Mateo,San Francisco Bay Area,featured,no,current,,,,,official_site,https://www.silverlake.com/wp-json/wp/v2/portfolio,https://www.silverlake.com/portfolio/foreflight/,,https://www.silverlake.com/portfolio/
G42,Silver Lake,silver-lake,San Mateo,San Francisco Bay Area,featured,no,current,,,,,official_site,https://www.silverlake.com/wp-json/wp/v2/portfolio,https://www.silverlake.com/portfolio/group-42/,,https://www.silverlake.com/portfolio/
Gartner,Silver Lake,silver-lake,San Mateo,San Francisco Bay Area,featured,no,current,,,,,official_site,https://www.silverlake.com/wp-json/wp/v2/portfolio,https://www.silverlake.com/portfolio/gartner/,,https://www.silverlake.com/portfolio/
Genies,Silver Lake,silver-lake,San Mateo,San Francisco Bay Area,featured,no,current,,,,,official_site,https://www.silverlake.com/wp-json/wp/v2/portfolio,https://www.silverlake.com/portfolio/genies/,,https://www.silverlake.com/portfolio/
Gerson Lehrman Group,Silver Lake,silver-lake,San Mateo,San Francisco Bay Area,featured,no,current,,,,,official_site,https://www.silverlake.com/wp-json/wp/v2/portfolio,https://www.silverlake.com/portfolio/gerson-lehrman-group/,,https://www.silverlake.com/portfolio/
Getir,Silver Lake,silver-lake,San Mateo,San Francisco Bay Area,featured,no,current,,,,,official_site,https://www.silverlake.com/wp-json/wp/v2/portfolio,https://www.silverlake.com/portfolio/getir/,,https://www.silverlake.com/portfolio/
Global Blue,Silver Lake,silver-lake,San Mateo,San Francisco Bay Area,featured,no,current,,,,,official_site|wikipedia,https://www.silverlake.com/wp-json/wp/v2/portfolio|https://en.wikipedia.org/wiki/Global_Blue,https://www.silverlake.com/portfolio/global-blue/,https://en.wikipedia.org/wiki/Global_Blue,https://www.silverlake.com/portfolio/
Global Payments,Silver Lake,silver-lake,San Mateo,San Francisco Bay Area,featured,no,current,,,,,official_site,https://www.silverlake.com/wp-json/wp/v2/portfolio,https://www.silverlake.com/portfolio/global-payments/,,https://www.silverlake.com/portfolio/
GlobalFoundries,Silver Lake,silver-lake,San Mateo,San Francisco Bay Area,featured,no,current,,,,,official_site,https://www.silverlake.com/wp-json/wp/v2/portfolio,https://www.silverlake.com/portfolio/globalfoundries/,,https://www.silverlake.com/portfolio/
GoDaddy,Silver Lake,silver-lake,San Mateo,San Francisco Bay Area,featured,no,current,,,,,official_site|wikipedia|geig_article,https://www.silverlake.com/wp-json/wp/v2/portfolio|https://en.wikipedia.org/wiki/GoDaddy|https://growthequityinterviewguide.com/private-equity/private-equity-primer/technology-private-equity-firms,https://www.silverlake.com/portfolio/godaddy/,https://en.wikipedia.org/wiki/GoDaddy,https://www.silverlake.com/portfolio/
GoodRx,Silver Lake,silver-lake,San Mateo,San Francisco Bay Area,featured,no,current,,,,,official_site|wikipedia,https://www.silverlake.com/wp-json/wp/v2/portfolio|https://en.wikipedia.org/wiki/GoodRx,https://www.silverlake.com/portfolio/goodrx/,https://en.wikipedia.org/wiki/GoodRx,https://www.silverlake.com/portfolio/
Groupe Meilleurtaux,Silver Lake,silver-lake,San Mateo,San Francisco Bay Area,featured,no,current,,,,,official_site,https://www.silverlake.com/wp-json/wp/v2/portfolio,https://www.silverlake.com/portfolio/groupe-meilleurtaux/,,https://www.silverlake.com/portfolio/
Groupon,Silver Lake,silver-lake,San Mateo,San Francisco Bay Area,featured,no,current,,,,,official_site,https://www.silverlake.com/wp-json/wp/v2/portfolio,https://www.silverlake.com/portfolio/groupon/,,https://www.silverlake.com/portfolio/
Grupo BC,Silver Lake,silver-lake,San Mateo,San Francisco Bay Area,featured,no,current,,,,,official_site,https://www.silverlake.com/wp-json/wp/v2/portfolio,https://www.silverlake.com/portfolio/grupo-bc/,,https://www.silverlake.com/portfolio/
Hillstone Networks,Silver Lake,silver-lake,San Mateo,San Francisco Bay Area,featured,no,current,,,,,official_site,https://www.silverlake.com/wp-json/wp/v2/portfolio,https://www.silverlake.com/portfolio/hillstone-networks/,,https://www.silverlake.com/portfolio/
Hyla Mobile,Silver Lake,silver-lake,San Mateo,San Francisco Bay Area,featured,no,current,,,,,official_site,https://www.silverlake.com/wp-json/wp/v2/portfolio,https://www.silverlake.com/portfolio/hyla-mobile/,,https://www.silverlake.com/portfolio/
i2,Silver Lake,silver-lake,San Mateo,San Francisco Bay Area,featured,no,current,,,,,official_site,https://www.silverlake.com/wp-json/wp/v2/portfolio,https://www.silverlake.com/portfolio/i2/,,https://www.silverlake.com/portfolio/
Imagine Learning,Silver Lake,silver-lake,San Mateo,San Francisco Bay Area,featured,no,current,,,,,official_site,https://www.silverlake.com/wp-json/wp/v2/portfolio,https://www.silverlake.com/portfolio/weld-north-education/,,https://www.silverlake.com/portfolio/
Instinet,Silver Lake,silver-lake,San Mateo,San Francisco Bay Area,featured,no,current,,,,,official_site,https://www.silverlake.com/wp-json/wp/v2/portfolio,https://www.silverlake.com/portfolio/instinet/,,https://www.silverlake.com/portfolio/
Integrity Marketing Group,Silver Lake,silver-lake,San Mateo,San Francisco Bay Area,featured,no,current,,,,,official_site,https://www.silverlake.com/wp-json/wp/v2/portfolio,https://www.silverlake.com/portfolio/integrity-marketing-group/,,https://www.silverlake.com/portfolio/
Intelsat,Silver Lake,silver-lake,San Mateo,San Francisco Bay Area,featured,no,current,,,,,official_site|wikipedia,https://www.silverlake.com/wp-json/wp/v2/portfolio|https://en.wikipedia.org/wiki/Intelsat,https://www.silverlake.com/portfolio/intelsat/,https://en.wikipedia.org/wiki/Intelsat,https://www.silverlake.com/portfolio/
Interactive Data Corporation,Silver Lake,silver-lake,San Mateo,San Francisco Bay Area,featured,no,current,,,,,official_site|wikipedia,https://www.silverlake.com/wp-json/wp/v2/portfolio|https://en.wikipedia.org/wiki/Interactive_Data_Corporation,https://www.silverlake.com/portfolio/interactive-data-corporation/,https://en.wikipedia.org/wiki/Interactive_Data_Corporation,https://www.silverlake.com/portfolio/
IonQ,Silver Lake,silver-lake,San Mateo,San Francisco Bay Area,featured,no,current,,,,,official_site,https://www.silverlake.com/wp-json/wp/v2/portfolio,https://www.silverlake.com/portfolio/ionq/,,https://www.silverlake.com/portfolio/
IPC,Silver Lake,silver-lake,San Mateo,San Francisco Bay Area,featured,no,current,,,,,official_site,https://www.silverlake.com/wp-json/wp/v2/portfolio,https://www.silverlake.com/portfolio/ipc/,,https://www.silverlake.com/portfolio/
Island / Instinet Group,Silver Lake,silver-lake,San Mateo,San Francisco Bay Area,featured,no,current,,,,,official_site,https://www.silverlake.com/wp-json/wp/v2/portfolio,https://www.silverlake.com/portfolio/island-instinet-group/,,https://www.silverlake.com/portfolio/
Iterable,Silver Lake,silver-lake,San Mateo,San Francisco Bay Area,featured,no,current,,,,,official_site,https://www.silverlake.com/wp-json/wp/v2/portfolio,https://www.silverlake.com/portfolio/iterable/,,https://www.silverlake.com/portfolio/
IVC Evidensia,Silver Lake,silver-lake,San Mateo,San Francisco Bay Area,featured,no,current,,,,,official_site,https://www.silverlake.com/wp-json/wp/v2/portfolio,https://www.silverlake.com/portfolio/ivc-evidensia/,,https://www.silverlake.com/portfolio/
Jio Platforms,Silver Lake,silver-lake,San Mateo,San Francisco Bay Area,featured,no,current,,,,,official_site|wikipedia,https://www.silverlake.com/wp-json/wp/v2/portfolio|https://en.wikipedia.org/wiki/Jio_Platforms,https://www.silverlake.com/portfolio/jio-platforms-2/,https://en.wikipedia.org/wiki/Jio_Platforms,https://www.silverlake.com/portfolio/
Khazna Data Centers,Silver Lake,silver-lake,San Mateo,San Francisco Bay Area,featured,no,current,,,,,official_site,https://www.silverlake.com/wp-json/wp/v2/portfolio,https://www.silverlake.com/portfolio/khazna-data-centers/,,https://www.silverlake.com/portfolio/
Klarna,Silver Lake,silver-lake,San Mateo,San Francisco Bay Area,featured,no,current,,,,,official_site,https://www.silverlake.com/wp-json/wp/v2/portfolio,https://www.silverlake.com/portfolio/klarna/,,https://www.silverlake.com/portfolio/
Koubei,Silver Lake,silver-lake,San Mateo,San Francisco Bay Area,featured,no,current,,,,,official_site,https://www.silverlake.com/wp-json/wp/v2/portfolio,https://www.silverlake.com/portfolio/koubei/,,https://www.silverlake.com/portfolio/
LEARFIELD,Silver Lake,silver-lake,San Mateo,San Francisco Bay Area,featured,no,current,,,,,official_site,https://www.silverlake.com/wp-json/wp/v2/portfolio,https://www.silverlake.com/portfolio/learfield-img-college/,,https://www.silverlake.com/portfolio/
LightBox,Silver Lake,silver-lake,San Mateo,San Francisco Bay Area,featured,no,current,,,,,official_site,https://www.silverlake.com/wp-json/wp/v2/portfolio,https://www.silverlake.com/portfolio/lightbox/,,https://www.silverlake.com/portfolio/
Locaweb,Silver Lake,silver-lake,San Mateo,San Francisco Bay Area,featured,no,current,,,,,official_site,https://www.silverlake.com/wp-json/wp/v2/portfolio,https://www.silverlake.com/portfolio/locaweb/,,https://www.silverlake.com/portfolio/
Madison Square Garden Sports,Silver Lake,silver-lake,San Mateo,San Francisco Bay Area,featured,no,current,,,,,official_site,https://www.silverlake.com/wp-json/wp/v2/portfolio,https://www.silverlake.com/portfolio/the-madison-square-garden-company/,,https://www.silverlake.com/portfolio/
MCI,Silver Lake,silver-lake,San Mateo,San Francisco Bay Area,featured,no,current,,,,,official_site,https://www.silverlake.com/wp-json/wp/v2/portfolio,https://www.silverlake.com/portfolio/mci/,,https://www.silverlake.com/portfolio/
Mercury Healthcare,Silver Lake,silver-lake,San Mateo,San Francisco Bay Area,featured,no,current,,,,,official_site,https://www.silverlake.com/wp-json/wp/v2/portfolio,https://www.silverlake.com/portfolio/healthgrades/,,https://www.silverlake.com/portfolio/
Mercury Payment Systems,Silver Lake,silver-lake,San Mateo,San Francisco Bay Area,featured,no,current,,,,,official_site,https://www.silverlake.com/wp-json/wp/v2/portfolio,https://www.silverlake.com/portfolio/mercury-payment-solutions/,,https://www.silverlake.com/portfolio/
Mirakl,Silver Lake,silver-lake,San Mateo,San Francisco Bay Area,featured,no,current,,,,,official_site,https://www.silverlake.com/wp-json/wp/v2/portfolio,https://www.silverlake.com/portfolio/mirakl/,,https://www.silverlake.com/portfolio/
Mission Pet Health,Silver Lake,silver-lake,San Mateo,San Francisco Bay Area,featured,no,current,,,,,official_site,https://www.silverlake.com/wp-json/wp/v2/portfolio,https://www.silverlake.com/portfolio/mission-pet-health/,,https://www.silverlake.com/portfolio/
Motorola Solutions,Silver Lake,silver-lake,San Mateo,San Francisco Bay Area,featured,no,current,,,,,official_site|wikipedia,https://www.silverlake.com/wp-json/wp/v2/portfolio|https://en.wikipedia.org/wiki/Motorola_Solutions,https://www.silverlake.com/portfolio/motorola-solutions/,https://en.wikipedia.org/wiki/Motorola_Solutions,https://www.silverlake.com/portfolio/
MultiPlan,Silver Lake,silver-lake,San Mateo,San Francisco Bay Area,featured,no,current,,,,,official_site,https://www.silverlake.com/wp-json/wp/v2/portfolio,https://www.silverlake.com/portfolio/multiplan/,,https://www.silverlake.com/portfolio/
N-Able,Silver Lake,silver-lake,San Mateo,San Francisco Bay Area,featured,no,current,,,,,official_site,https://www.silverlake.com/wp-json/wp/v2/portfolio,https://www.silverlake.com/portfolio/n-able/,,https://www.silverlake.com/portfolio/
Nasdaq,Silver Lake,silver-lake,San Mateo,San Francisco Bay Area,featured,no,current,,,,,official_site,https://www.silverlake.com/wp-json/wp/v2/portfolio,https://www.silverlake.com/portfolio/nasdaq/,,https://www.silverlake.com/portfolio/
Network General / NetScout,Silver Lake,silver-lake,San Mateo,San Francisco Bay Area,featured,no,current,,,,,official_site,https://www.silverlake.com/wp-json/wp/v2/portfolio,https://www.silverlake.com/portfolio/network-general-netscout/,,https://www.silverlake.com/portfolio/
New Zealand Rugby,Silver Lake,silver-lake,San Mateo,San Francisco Bay Area,featured,no,current,,,,,official_site,https://www.silverlake.com/wp-json/wp/v2/portfolio,https://www.silverlake.com/portfolio/new-zealand-rugby/,,https://www.silverlake.com/portfolio/
Nobao Renewable Energy,Silver Lake,silver-lake,San Mateo,San Francisco Bay Area,featured,no,current,,,,,official_site,https://www.silverlake.com/wp-json/wp/v2/portfolio,https://www.silverlake.com/portfolio/nobao-renewable-energy/,,https://www.silverlake.com/portfolio/
Noom,Silver Lake,silver-lake,San Mateo,San Francisco Bay Area,featured,no,current,,,,,official_site,https://www.silverlake.com/wp-json/wp/v2/portfolio,https://www.silverlake.com/portfolio/noom/,,https://www.silverlake.com/portfolio/
NortonLifeLock,Silver Lake,silver-lake,San Mateo,San Francisco Bay Area,featured,no,current,,,,,official_site,https://www.silverlake.com/wp-json/wp/v2/portfolio,https://www.silverlake.com/portfolio/nortonlifelock/,,https://www.silverlake.com/portfolio/
NXP,Silver Lake,silver-lake,San Mateo,San Francisco Bay Area,featured,no,current,,,,,official_site,https://www.silverlake.com/wp-json/wp/v2/portfolio,https://www.silverlake.com/portfolio/nxp/,,https://www.silverlake.com/portfolio/
Oak View Group,Silver Lake,silver-lake,San Mateo,San Francisco Bay Area,featured,no,current,,,,,official_site,https://www.silverlake.com/wp-json/wp/v2/portfolio,https://www.silverlake.com/portfolio/oak-view-group/,,https://www.silverlake.com/portfolio/
Omio,Silver Lake,silver-lake,San Mateo,San Francisco Bay Area,featured,no,current,,,,,official_site,https://www.silverlake.com/wp-json/wp/v2/portfolio,https://www.silverlake.com/portfolio/omio/,,https://www.silverlake.com/portfolio/
Opera Solutions,Silver Lake,silver-lake,San Mateo,San Francisco Bay Area,featured,no,current,,,,,official_site,https://www.silverlake.com/wp-json/wp/v2/portfolio,https://www.silverlake.com/portfolio/opera-solutions/,,https://www.silverlake.com/portfolio/
Outspoken,Silver Lake,silver-lake,San Mateo,San Francisco Bay Area,featured,no,current,,,,,official_site,https://www.silverlake.com/wp-json/wp/v2/portfolio,https://www.silverlake.com/portfolio/outspoken/,,https://www.silverlake.com/portfolio/
Peloton,Silver Lake,silver-lake,San Mateo,San Francisco Bay Area,featured,no,current,,,,,official_site,https://www.silverlake.com/wp-json/wp/v2/portfolio,https://www.silverlake.com/portfolio/peloton/,,https://www.silverlake.com/portfolio/
Plaid,Silver Lake,silver-lake,San Mateo,San Francisco Bay Area,featured,no,current,,,,,official_site,https://www.silverlake.com/wp-json/wp/v2/portfolio,https://www.silverlake.com/portfolio/plaid/,,https://www.silverlake.com/portfolio/
Power-One,Silver Lake,silver-lake,San Mateo,San Francisco Bay Area,featured,no,current,,,,,official_site,https://www.silverlake.com/wp-json/wp/v2/portfolio,https://www.silverlake.com/portfolio/power-one/,,https://www.silverlake.com/portfolio/
PrimeSense,Silver Lake,silver-lake,San Mateo,San Francisco Bay Area,featured,no,current,,,,,official_site,https://www.silverlake.com/wp-json/wp/v2/portfolio,https://www.silverlake.com/portfolio/primesense/,,https://www.silverlake.com/portfolio/
ProService,Silver Lake,silver-lake,San Mateo,San Francisco Bay Area,featured,no,current,,,,,official_site,https://www.silverlake.com/wp-json/wp/v2/portfolio,https://www.silverlake.com/portfolio/proservice/,,https://www.silverlake.com/portfolio/
Qualtrics,Silver Lake,silver-lake,San Mateo,San Francisco Bay Area,featured,no,current,,,,,official_site,https://www.silverlake.com/wp-json/wp/v2/portfolio,https://www.silverlake.com/portfolio/qualtrics/,,https://www.silverlake.com/portfolio/
Quorum Software,Silver Lake,silver-lake,San Mateo,San Francisco Bay Area,featured,no,current,,,,,official_site,https://www.silverlake.com/wp-json/wp/v2/portfolio,https://www.silverlake.com/portfolio/quorum-software/,,https://www.silverlake.com/portfolio/
RAC,Silver Lake,silver-lake,San Mateo,San Francisco Bay Area,featured,no,current,,,,,official_site,https://www.silverlake.com/wp-json/wp/v2/portfolio,https://www.silverlake.com/portfolio/rac/,,https://www.silverlake.com/portfolio/
Red Ventures,Silver Lake,silver-lake,San Mateo,San Francisco Bay Area,featured,no,current,,,,,official_site|wikipedia,https://www.silverlake.com/wp-json/wp/v2/portfolio|https://en.wikipedia.org/wiki/Red_Ventures,https://www.silverlake.com/portfolio/red-ventures/,https://en.wikipedia.org/wiki/Red_Ventures,https://www.silverlake.com/portfolio/
Relativity,Silver Lake,silver-lake,San Mateo,San Francisco Bay Area,featured,no,current,,,,,official_site,https://www.silverlake.com/wp-json/wp/v2/portfolio,https://www.silverlake.com/portfolio/relativity/,,https://www.silverlake.com/portfolio/
Reliance Retail,Silver Lake,silver-lake,San Mateo,San Francisco Bay Area,featured,no,current,,,,,official_site,https://www.silverlake.com/wp-json/wp/v2/portfolio,https://www.silverlake.com/portfolio/reliance-retail/,,https://www.silverlake.com/portfolio/
Renovate America,Silver Lake,silver-lake,San Mateo,San Francisco Bay Area,featured,no,current,,,,,official_site,https://www.silverlake.com/wp-json/wp/v2/portfolio,https://www.silverlake.com/portfolio/renovate-america/,,https://www.silverlake.com/portfolio/
Riverstone Networks,Silver Lake,silver-lake,San Mateo,San Francisco Bay Area,featured,no,current,,,,,official_site,https://www.silverlake.com/wp-json/wp/v2/portfolio,https://www.silverlake.com/portfolio/riverstone/,,https://www.silverlake.com/portfolio/
Root,Silver Lake,silver-lake,San Mateo,San Francisco Bay Area,featured,no,current,,,,,official_site,https://www.silverlake.com/wp-json/wp/v2/portfolio,https://www.silverlake.com/portfolio/root/,,https://www.silverlake.com/portfolio/
Sabre,Silver Lake,silver-lake,San Mateo,San Francisco Bay Area,featured,no,current,,,,,official_site,https://www.silverlake.com/wp-json/wp/v2/portfolio,https://www.silverlake.com/portfolio/sabre/,,https://www.silverlake.com/portfolio/
Seagate,Silver Lake,silver-lake,San Mateo,San Francisco Bay Area,featured,no,current,,,,,official_site,https://www.silverlake.com/wp-json/wp/v2/portfolio,https://www.silverlake.com/portfolio/seagate/,,https://www.silverlake.com/portfolio/
Sensata Technologies,Silver Lake,silver-lake,San Mateo,San Francisco Bay Area,featured,no,current,,,,,official_site,https://www.silverlake.com/wp-json/wp/v2/portfolio,https://www.silverlake.com/portfolio/sensata-technologies/,,https://www.silverlake.com/portfolio/
SenseTime,Silver Lake,silver-lake,San Mateo,San Francisco Bay Area,featured,no,current,,,,,official_site,https://www.silverlake.com/wp-json/wp/v2/portfolio,https://www.silverlake.com/portfolio/sensetime/,,https://www.silverlake.com/portfolio/
Serena,Silver Lake,silver-lake,San Mateo,San Francisco Bay Area,featured,no,current,,,,,official_site,https://www.silverlake.com/wp-json/wp/v2/portfolio,https://www.silverlake.com/portfolio/serena/,,https://www.silverlake.com/portfolio/
ServiceMax,Silver Lake,silver-lake,San Mateo,San Francisco Bay Area,featured,no,current,,,,,official_site|wikipedia,https://www.silverlake.com/wp-json/wp/v2/portfolio|https://en.wikipedia.org/wiki/ServiceMax,https://www.silverlake.com/portfolio/servicemax/,https://en.wikipedia.org/wiki/ServiceMax,https://www.silverlake.com/portfolio/
Shadowbox Studios,Silver Lake,silver-lake,San Mateo,San Francisco Bay Area,featured,no,current,,,,,official_site,https://www.silverlake.com/wp-json/wp/v2/portfolio,https://www.silverlake.com/portfolio/shadowbox/,,https://www.silverlake.com/portfolio/
Silae,Silver Lake,silver-lake,San Mateo,San Francisco Bay Area,featured,no,current,,,,,official_site,https://www.silverlake.com/wp-json/wp/v2/portfolio,https://www.silverlake.com/portfolio/silae/,,https://www.silverlake.com/portfolio/
Skype,Silver Lake,silver-lake,San Mateo,San Francisco Bay Area,featured,no,current,,,,,official_site|wikipedia,https://www.silverlake.com/wp-json/wp/v2/portfolio|https://en.wikipedia.org/wiki/Skype,https://www.silverlake.com/portfolio/skype/,https://en.wikipedia.org/wiki/Skype,https://www.silverlake.com/portfolio/
SMART Global Holdings,Silver Lake,silver-lake,San Mateo,San Francisco Bay Area,featured,no,current,,,,,official_site,https://www.silverlake.com/wp-json/wp/v2/portfolio,https://www.silverlake.com/portfolio/smart-global-holdings/,,https://www.silverlake.com/portfolio/
SMART Storage Systems,Silver Lake,silver-lake,San Mateo,San Francisco Bay Area,featured,no,current,,,,,official_site,https://www.silverlake.com/wp-json/wp/v2/portfolio,https://www.silverlake.com/portfolio/smart-storage-systems/,,https://www.silverlake.com/portfolio/
SoFi,Silver Lake,silver-lake,San Mateo,San Francisco Bay Area,featured,no,current,,,,,official_site,https://www.silverlake.com/wp-json/wp/v2/portfolio,https://www.silverlake.com/portfolio/sofi/,,https://www.silverlake.com/portfolio/
Software AG,Silver Lake,silver-lake,San Mateo,San Francisco Bay Area,featured,no,current,,,,,official_site|wikipedia,https://www.silverlake.com/wp-json/wp/v2/portfolio|https://en.wikipedia.org/wiki/Software_AG,https://www.silverlake.com/portfolio/software-ag/,https://en.wikipedia.org/wiki/Software_AG,https://www.silverlake.com/portfolio/
SolarCity,Silver Lake,silver-lake,San Mateo,San Francisco Bay Area,featured,no,current,,,,,official_site,https://www.silverlake.com/wp-json/wp/v2/portfolio,https://www.silverlake.com/portfolio/solarcity/,,https://www.silverlake.com/portfolio/
SolarWinds,Silver Lake,silver-lake,San Mateo,San Francisco Bay Area,featured,no,current,,,,,official_site,https://www.silverlake.com/wp-json/wp/v2/portfolio,https://www.silverlake.com/portfolio/solarwinds/,,https://www.silverlake.com/portfolio/
Spansion,Silver Lake,silver-lake,San Mateo,San Francisco Bay Area,featured,no,current,,,,,official_site,https://www.silverlake.com/wp-json/wp/v2/portfolio,https://www.silverlake.com/portfolio/spansion/,,https://www.silverlake.com/portfolio/
Splunk,Silver Lake,silver-lake,San Mateo,San Francisco Bay Area,featured,no,current,,,,,official_site,https://www.silverlake.com/wp-json/wp/v2/portfolio,https://www.silverlake.com/portfolio/splunk-2/,,https://www.silverlake.com/portfolio/
Spreadtrum,Silver Lake,silver-lake,San Mateo,San Francisco Bay Area,featured,no,current,,,,,official_site,https://www.silverlake.com/wp-json/wp/v2/portfolio,https://www.silverlake.com/portfolio/spreadtrum/,,https://www.silverlake.com/portfolio/
Stripe,Silver Lake,silver-lake,San Mateo,San Francisco Bay Area,featured,no,current,,,,,official_site,https://www.silverlake.com/wp-json/wp/v2/portfolio,https://www.silverlake.com/portfolio/stripe/,,https://www.silverlake.com/portfolio/
SubmitOrder,Silver Lake,silver-lake,San Mateo,San Francisco Bay Area,featured,no,current,,,,,official_site,https://www.silverlake.com/wp-json/wp/v2/portfolio,https://www.silverlake.com/portfolio/submitorder/,,https://www.silverlake.com/portfolio/
SunGard,Silver Lake,silver-lake,San Mateo,San Francisco Bay Area,featured,no,current,,,,,official_site,https://www.silverlake.com/wp-json/wp/v2/portfolio,https://www.silverlake.com/portfolio/sungard/,,https://www.silverlake.com/portfolio/
TAL Education Group,Silver Lake,silver-lake,San Mateo,San Francisco Bay Area,featured,no,current,,,,,official_site,https://www.silverlake.com/wp-json/wp/v2/portfolio,https://www.silverlake.com/portfolio/tal-education-group/,,https://www.silverlake.com/portfolio/
Talend,Silver Lake,silver-lake,San Mateo,San Francisco Bay Area,featured,no,current,,,,,official_site,https://www.silverlake.com/wp-json/wp/v2/portfolio,https://www.silverlake.com/portfolio/talend/,,https://www.silverlake.com/portfolio/
Tandberg,Silver Lake,silver-lake,San Mateo,San Francisco Bay Area,featured,no,current,,,,,official_site,https://www.silverlake.com/wp-json/wp/v2/portfolio,https://www.silverlake.com/portfolio/tandberg/,,https://www.silverlake.com/portfolio/
TeamSystem,Silver Lake,silver-lake,San Mateo,San Francisco Bay Area,featured,no,current,,,,,official_site,https://www.silverlake.com/wp-json/wp/v2/portfolio,https://www.silverlake.com/portfolio/teamsystem/,,https://www.silverlake.com/portfolio/
TEG,Silver Lake,silver-lake,San Mateo,San Francisco Bay Area,featured,no,current,,,,,official_site,https://www.silverlake.com/wp-json/wp/v2/portfolio,https://www.silverlake.com/portfolio/teg/,,https://www.silverlake.com/portfolio/
Terremark,Silver Lake,silver-lake,San Mateo,San Francisco Bay Area,featured,no,current,,,,,official_site,https://www.silverlake.com/wp-json/wp/v2/portfolio,https://www.silverlake.com/portfolio/terremark/,,https://www.silverlake.com/portfolio/
Tesla,Silver Lake,silver-lake,San Mateo,San Francisco Bay Area,featured,no,current,,,,,official_site,https://www.silverlake.com/wp-json/wp/v2/portfolio,https://www.silverlake.com/portfolio/tesla/,,https://www.silverlake.com/portfolio/
Thomson,Silver Lake,silver-lake,San Mateo,San Francisco Bay Area,featured,no,current,,,,,official_site,https://www.silverlake.com/wp-json/wp/v2/portfolio,https://www.silverlake.com/portfolio/thomson/,,https://www.silverlake.com/portfolio/
Thrasio,Silver Lake,silver-lake,San Mateo,San Francisco Bay Area,featured,no,current,,,,,official_site,https://www.silverlake.com/wp-json/wp/v2/portfolio,https://www.silverlake.com/portfolio/thrasio/,,https://www.silverlake.com/portfolio/
TikTok USDS JV,Silver Lake,silver-lake,San Mateo,San Francisco Bay Area,featured,no,current,,,,,official_site,https://www.silverlake.com/wp-json/wp/v2/portfolio,https://www.silverlake.com/portfolio/tiktok-usds-jv/,,https://www.silverlake.com/portfolio/
Tintri,Silver Lake,silver-lake,San Mateo,San Francisco Bay Area,featured,no,current,,,,,official_site,https://www.silverlake.com/wp-json/wp/v2/portfolio,https://www.silverlake.com/portfolio/tintri/,,https://www.silverlake.com/portfolio/
Twitter,Silver Lake,silver-lake,San Mateo,San Francisco Bay Area,featured,no,current,,,,,official_site,https://www.silverlake.com/wp-json/wp/v2/portfolio,https://www.silverlake.com/portfolio/twitter/,,https://www.silverlake.com/portfolio/
UFC,Silver Lake,silver-lake,San Mateo,San Francisco Bay Area,featured,no,current,,,,,official_site,https://www.silverlake.com/wp-json/wp/v2/portfolio,https://www.silverlake.com/portfolio/ufc/,,https://www.silverlake.com/portfolio/
UGS,Silver Lake,silver-lake,San Mateo,San Francisco Bay Area,featured,no,current,,,,,official_site,https://www.silverlake.com/wp-json/wp/v2/portfolio,https://www.silverlake.com/portfolio/ugs/,,https://www.silverlake.com/portfolio/
UiPath,Silver Lake,silver-lake,San Mateo,San Francisco Bay Area,featured,no,current,,,,,official_site,https://www.silverlake.com/wp-json/wp/v2/portfolio,https://www.silverlake.com/portfolio/uipath/,,https://www.silverlake.com/portfolio/
Unity,Silver Lake,silver-lake,San Mateo,San Francisco Bay Area,featured,no,current,,,,,official_site,https://www.silverlake.com/wp-json/wp/v2/portfolio,https://www.silverlake.com/portfolio/unity/,,https://www.silverlake.com/portfolio/
Unitymedia,Silver Lake,silver-lake,San Mateo,San Francisco Bay Area,featured,no,current,,,,,official_site,https://www.silverlake.com/wp-json/wp/v2/portfolio,https://www.silverlake.com/portfolio/unitymedia/,,https://www.silverlake.com/portfolio/
Vantage Data Centers,Silver Lake,silver-lake,San Mateo,San Francisco Bay Area,featured,no,current,,,,,official_site,https://www.silverlake.com/wp-json/wp/v2/portfolio,https://www.silverlake.com/portfolio/vantage-data-centers/,,https://www.silverlake.com/portfolio/
Velocity Technology Solutions,Silver Lake,silver-lake,San Mateo,San Francisco Bay Area,featured,no,current,,,,,official_site,https://www.silverlake.com/wp-json/wp/v2/portfolio,https://www.silverlake.com/portfolio/velocity-technology-solutions/,,https://www.silverlake.com/portfolio/
Verily,Silver Lake,silver-lake,San Mateo,San Francisco Bay Area,featured,no,current,,,,,official_site|wikipedia,https://www.silverlake.com/wp-json/wp/v2/portfolio|https://en.wikipedia.org/wiki/Verily,https://www.silverlake.com/portfolio/verily/,https://en.wikipedia.org/wiki/Verily,https://www.silverlake.com/portfolio/
Virtu Financial,Silver Lake,silver-lake,San Mateo,San Francisco Bay Area,featured,no,current,,,,,official_site,https://www.silverlake.com/wp-json/wp/v2/portfolio,https://www.silverlake.com/portfolio/virtu-financial/,,https://www.silverlake.com/portfolio/
VMware,Silver Lake,silver-lake,San Mateo,San Francisco Bay Area,featured,no,current,,,,,official_site,https://www.silverlake.com/wp-json/wp/v2/portfolio,https://www.silverlake.com/portfolio/vmware/,,https://www.silverlake.com/portfolio/
Waymo,Silver Lake,silver-lake,San Mateo,San Francisco Bay Area,featured,no,current,,,,,official_site|wikipedia,https://www.silverlake.com/wp-json/wp/v2/portfolio|https://en.wikipedia.org/wiki/Waymo,https://www.silverlake.com/portfolio/waymo/,https://en.wikipedia.org/wiki/Waymo,https://www.silverlake.com/portfolio/
WP Engine,Silver Lake,silver-lake,San Mateo,San Francisco Bay Area,featured,no,current,,,,,official_site|wikipedia,https://www.silverlake.com/wp-json/wp/v2/portfolio|https://en.wikipedia.org/wiki/WP_Engine,https://www.silverlake.com/portfolio/wp-engine/,https://en.wikipedia.org/wiki/WP_Engine,https://www.silverlake.com/portfolio/
Xoriant,Silver Lake,silver-lake,San Mateo,San Francisco Bay Area,featured,no,current,,,,,official_site,https://www.silverlake.com/wp-json/wp/v2/portfolio,https://www.silverlake.com/portfolio/xoriant/,,https://www.silverlake.com/portfolio/
Xplor Technologies,Silver Lake,silver-lake,San Mateo,San Francisco Bay Area,featured,no,current,,,,,official_site,https://www.silverlake.com/wp-json/wp/v2/portfolio,https://www.silverlake.com/portfolio/clubessential-holdings/,,https://www.silverlake.com/portfolio/
ZPG,Silver Lake,silver-lake,San Mateo,San Francisco Bay Area,featured,no,current,,,,,official_site,https://www.silverlake.com/wp-json/wp/v2/portfolio,https://www.silverlake.com/portfolio/zpg/,,https://www.silverlake.com/portfolio/
Zuora,Silver Lake,silver-lake,San Mateo,San Francisco Bay Area,featured,no,current,,,,,official_site,https://www.silverlake.com/wp-json/wp/v2/portfolio,https://www.silverlake.com/portfolio/zuora/,,https://www.silverlake.com/portfolio/
Zynga,Silver Lake,silver-lake,San Mateo,San Francisco Bay Area,featured,no,current,,,,,official_site,https://www.silverlake.com/wp-json/wp/v2/portfolio,https://www.silverlake.com/portfolio/zynga/,,https://www.silverlake.com/portfolio/
4human,Accel-KKR,accel-kkr,Menlo Park,San Francisco Bay Area,featured,no,current,HR and quality management software,emea,equity,https://4human.no,official_site,https://www.accel-kkr.com/portfolio/,https://www.accel-kkr.com/portfolio-company/4human/,,https://www.accel-kkr.com/portfolio/
Abrigo,Accel-KKR,accel-kkr,Menlo Park,San Francisco Bay Area,featured,no,current,Risk management for financial institutions,north america,equity,https://www.abrigo.com,official_site,https://www.accel-kkr.com/portfolio/,https://www.accel-kkr.com/portfolio-company/abrigo/,,https://www.accel-kkr.com/portfolio/
Accertify,Accel-KKR,accel-kkr,Menlo Park,San Francisco Bay Area,featured,no,current,Fraud prevention and payment gateway solutions,north america,credit,https://www.accertify.com,official_site,https://www.accel-kkr.com/portfolio/,https://www.accel-kkr.com/portfolio-company/accertify/,,https://www.accel-kkr.com/portfolio/
AccessPay,Accel-KKR,accel-kkr,Menlo Park,San Francisco Bay Area,featured,no,current,Payments operations platform for finance,emea,equity,https://accesspay.com,official_site,https://www.accel-kkr.com/portfolio/,https://www.accel-kkr.com/portfolio-company/accesspay/,,https://www.accel-kkr.com/portfolio/
Appspace,Accel-KKR,accel-kkr,Menlo Park,San Francisco Bay Area,featured,no,current,Workplace experience platform,north america,equity,https://lltrck.com,official_site,https://www.accel-kkr.com/portfolio/,https://www.accel-kkr.com/portfolio-company/appspace/,,https://www.accel-kkr.com/portfolio/
Arbiter,Accel-KKR,accel-kkr,Menlo Park,San Francisco Bay Area,featured,no,current,Arbiter is the trusted leader in school and athletic program management,north america,equity,https://lltrck.com,official_site,https://www.accel-kkr.com/portfolio/,https://www.accel-kkr.com/portfolio-company/arbiter/,,https://www.accel-kkr.com/portfolio/
Basware,Accel-KKR,accel-kkr,Menlo Park,San Francisco Bay Area,featured,no,current,AP automation and invoicing platform,emea,equity,https://www.basware.com/en-en/home,official_site,https://www.accel-kkr.com/portfolio/,https://www.accel-kkr.com/portfolio-company/basware/,,https://www.accel-kkr.com/portfolio/
Birdeye,Accel-KKR,accel-kkr,Menlo Park,San Francisco Bay Area,featured,no,current,Customer experience platform,north america,equity,https://lltrck.com,official_site,https://www.accel-kkr.com/portfolio/,https://www.accel-kkr.com/portfolio-company/birdeye/,,https://www.accel-kkr.com/portfolio/
Blue Mountain,Accel-KKR,accel-kkr,Menlo Park,San Francisco Bay Area,featured,no,current,Asset management for life sciences,north america,equity,https://www.bluemountain.io,official_site,https://www.accel-kkr.com/portfolio/,https://www.accel-kkr.com/portfolio-company/blue-mountain-quality-resources/,,https://www.accel-kkr.com/portfolio/
Cendyn,Accel-KKR,accel-kkr,Menlo Park,San Francisco Bay Area,featured,no,current,Sales and marketing platform for travel and hospitality,north america,equity,https://lltrck.com,official_site,https://www.accel-kkr.com/portfolio/,https://www.accel-kkr.com/portfolio-company/cendyn/,,https://www.accel-kkr.com/portfolio/
CXT Software,Accel-KKR,accel-kkr,Menlo Park,San Francisco Bay Area,featured,no,current,"Software for courier, last-mile, LTL, distribution, and customized logistics",north america,credit,https://cxtsoftware.com,official_site,https://www.accel-kkr.com/portfolio/,https://www.accel-kkr.com/portfolio-company/cxt-software/,,https://www.accel-kkr.com/portfolio/
Dalet,Accel-KKR,accel-kkr,Menlo Park,San Francisco Bay Area,featured,no,current,Media production and distribution workflow solutions,emea,credit,https://www.dalet.com,official_site,https://www.accel-kkr.com/portfolio/,https://www.accel-kkr.com/portfolio-company/dalet/,,https://www.accel-kkr.com/portfolio/
Drips,Accel-KKR,accel-kkr,Menlo Park,San Francisco Bay Area,featured,no,current,Conversational texting and AI-powered engagement,north america,equity,https://drips.com,official_site,https://www.accel-kkr.com/portfolio/,https://www.accel-kkr.com/portfolio-company/drips/,,https://www.accel-kkr.com/portfolio/
Duett,Accel-KKR,accel-kkr,Menlo Park,San Francisco Bay Area,featured,no,current,SaaS solutions for accounting offices,emea,equity,https://lltrck.com,official_site,https://www.accel-kkr.com/portfolio/,https://www.accel-kkr.com/portfolio-company/duett-as/,,https://www.accel-kkr.com/portfolio/
Eletive,Accel-KKR,accel-kkr,Menlo Park,San Francisco Bay Area,featured,no,current,Employee engagement and performance management software,emea,equity,https://eletive.com,official_site,https://www.accel-kkr.com/portfolio/,https://www.accel-kkr.com/portfolio-company/eletive/,,https://www.accel-kkr.com/portfolio/
Endalia,Accel-KKR,accel-kkr,Menlo Park,San Francisco Bay Area,featured,no,current,HCM and payroll SaaS for businesses in Spain,emea,equity,https://lltrck.com,official_site,https://www.accel-kkr.com/portfolio/,https://www.accel-kkr.com/portfolio-company/endalia/,,https://www.accel-kkr.com/portfolio/
Engageware,Accel-KKR,accel-kkr,Menlo Park,San Francisco Bay Area,featured,no,current,Customer engagement solutions with AI,north america,credit,https://engageware.com,official_site,https://www.accel-kkr.com/portfolio/,https://www.accel-kkr.com/portfolio-company/engageware/,,https://www.accel-kkr.com/portfolio/
Enmark,Accel-KKR,accel-kkr,Menlo Park,San Francisco Bay Area,featured,no,current,Enterprise software for the metals industry,north america,equity,https://lltrck.com,official_site,https://www.accel-kkr.com/portfolio/,https://www.accel-kkr.com/portfolio-company/enmark/,,https://www.accel-kkr.com/portfolio/
Entersekt,Accel-KKR,accel-kkr,Menlo Park,San Francisco Bay Area,featured,no,current,Device identity and authentication software,emea,equity,https://www.entersekt.com,official_site,https://www.accel-kkr.com/portfolio/,https://www.accel-kkr.com/portfolio-company/entersekt/,,https://www.accel-kkr.com/portfolio/
ESG,Accel-KKR,accel-kkr,Menlo Park,San Francisco Bay Area,featured,no,current,Transaction management for retail energy,emea,credit,https://esgglobal.com,official_site,https://www.accel-kkr.com/portfolio/,https://www.accel-kkr.com/portfolio-company/esg/,,https://www.accel-kkr.com/portfolio/
ESO,Accel-KKR,accel-kkr,Menlo Park,San Francisco Bay Area,featured,no,current,"Software for EMS agencies, fire departments, and hospitals",north america,credit,https://www.eso.com,official_site,https://www.accel-kkr.com/portfolio/,https://www.accel-kkr.com/portfolio-company/eso/,,https://www.accel-kkr.com/portfolio/
ESTELA,Accel-KKR,accel-kkr,Menlo Park,San Francisco Bay Area,featured,no,current,Electronic tax and signature solutions,latin america,equity,https://www.estela.com,official_site,https://www.accel-kkr.com/portfolio/,https://www.accel-kkr.com/portfolio-company/estela/,,https://www.accel-kkr.com/portfolio/
Exxat,Accel-KKR,accel-kkr,Menlo Park,San Francisco Bay Area,featured,no,current,Technology for clinical and experiential education,north america,equity,https://lltrck.com,official_site,https://www.accel-kkr.com/portfolio/,https://www.accel-kkr.com/portfolio-company/exaat/,,https://www.accel-kkr.com/portfolio/
FastSpring,Accel-KKR,accel-kkr,Menlo Park,San Francisco Bay Area,featured,no,current,Cloud-based e-commerce platform,north america,equity,https://fastspring.com,official_site,https://www.accel-kkr.com/portfolio/,https://www.accel-kkr.com/portfolio-company/fastspring/,,https://www.accel-kkr.com/portfolio/
FRISS,Accel-KKR,accel-kkr,Menlo Park,San Francisco Bay Area,featured,no,current,Fraud and risk detection for insurance,emea,equity,https://www.friss.com,official_site,https://www.accel-kkr.com/portfolio/,https://www.accel-kkr.com/portfolio-company/friss/,,https://www.accel-kkr.com/portfolio/
GPS Insight,Accel-KKR,accel-kkr,Menlo Park,San Francisco Bay Area,featured,no,current,Fleet management and field service software,north america,equity,https://www.gpsinsight.com,official_site,https://www.accel-kkr.com/portfolio/,https://www.accel-kkr.com/portfolio-company/gps-insight/,,https://www.accel-kkr.com/portfolio/
Greenshades,Accel-KKR,accel-kkr,Menlo Park,San Francisco Bay Area,featured,no,current,"Provider of payroll, tax compliance, and HR solutions",north america,equity,https://go.greenshades.com,official_site,https://www.accel-kkr.com/portfolio/,https://www.accel-kkr.com/portfolio-company/greenshades/,,https://www.accel-kkr.com/portfolio/
Humanforce,Accel-KKR,accel-kkr,Menlo Park,San Francisco Bay Area,featured,no,current,Workforce management solutions,asia pacific,equity,https://humanforce.com,official_site,https://www.accel-kkr.com/portfolio/,https://www.accel-kkr.com/portfolio-company/humanforce/,,https://www.accel-kkr.com/portfolio/
imed,Accel-KKR,accel-kkr,Menlo Park,San Francisco Bay Area,featured,no,current,Online platform for Chilean healthcare,latin america,equity,https://imed.cl,official_site,https://www.accel-kkr.com/portfolio/,https://www.accel-kkr.com/portfolio-company/imed/,,https://www.accel-kkr.com/portfolio/
IntelePeer,Accel-KKR,accel-kkr,Menlo Park,San Francisco Bay Area,featured,no,current,Communications automation with AI,north america,credit,https://intelepeer.ai,official_site,https://www.accel-kkr.com/portfolio/,https://www.accel-kkr.com/portfolio-company/intelepeer/,,https://www.accel-kkr.com/portfolio/
isolved HCM,Accel-KKR,accel-kkr,Menlo Park,San Francisco Bay Area,featured,no,current,Employee experience and HCM solutions,north america,equity,https://www.isolvedhcm.com,official_site,https://www.accel-kkr.com/portfolio/,https://www.accel-kkr.com/portfolio-company/isolvedhcm/,,https://www.accel-kkr.com/portfolio/
Kaleris,Accel-KKR,accel-kkr,Menlo Park,San Francisco Bay Area,featured,no,current,Transportation and yard management solutions,north america,credit,https://www.kaleris.com,official_site,https://www.accel-kkr.com/portfolio/,https://www.accel-kkr.com/portfolio-company/kaleris/,,https://www.accel-kkr.com/portfolio/
Kantata,Accel-KKR,accel-kkr,Menlo Park,San Francisco Bay Area,featured,no,current,Professional services automation software,emea,equity,https://lltrck.com,official_site,https://www.accel-kkr.com/portfolio/,https://www.accel-kkr.com/portfolio-company/kantata/,,https://www.accel-kkr.com/portfolio/
LeagueApps,Accel-KKR,accel-kkr,Menlo Park,San Francisco Bay Area,featured,no,current,Youth sports management platform,north america,equity,https://leagueapps.com,official_site,https://www.accel-kkr.com/portfolio/,https://www.accel-kkr.com/portfolio-company/leagueapps/,,https://www.accel-kkr.com/portfolio/
LeanDNA,Accel-KKR,accel-kkr,Menlo Park,San Francisco Bay Area,featured,no,current,AI supply chain technology,emea,equity,https://lltrck.com,official_site,https://www.accel-kkr.com/portfolio/,https://www.accel-kkr.com/portfolio-company/leandna/,,https://www.accel-kkr.com/portfolio/
Lemontech,Accel-KKR,accel-kkr,Menlo Park,San Francisco Bay Area,featured,no,current,SaaS software for law firms in Latin America,latin america,equity,https://www.lemontech.com,official_site,https://www.accel-kkr.com/portfolio/,https://www.accel-kkr.com/portfolio-company/lemontech/,,https://www.accel-kkr.com/portfolio/
Loftware,Accel-KKR,accel-kkr,Menlo Park,San Francisco Bay Area,featured,no,current,Enterprise labeling and artwork management,north america,equity,https://www.loftware.com,official_site,https://www.accel-kkr.com/portfolio/,https://www.accel-kkr.com/portfolio-company/loftware/,,https://www.accel-kkr.com/portfolio/
Masabi,Accel-KKR,accel-kkr,Menlo Park,San Francisco Bay Area,featured,no,current,Fare payments-as-a-service for public transit,emea,equity,https://www.masabi.com,official_site,https://www.accel-kkr.com/portfolio/,https://www.accel-kkr.com/portfolio-company/masabi/,,https://www.accel-kkr.com/portfolio/
Mcmtech,Accel-KKR,accel-kkr,Menlo Park,San Francisco Bay Area,featured,no,current,"Mission-critical asset, inventory and work order management software",emea,equity,https://www.mcmtechnology.com,official_site,https://www.accel-kkr.com/portfolio/,https://www.accel-kkr.com/portfolio-company/mcmtech/,,https://www.accel-kkr.com/portfolio/
Mobile Health,Accel-KKR,accel-kkr,Menlo Park,San Francisco Bay Area,featured,no,current,Digital health and virtual care solutions,north america,credit,https://lltrck.com,official_site,https://www.accel-kkr.com/portfolio/,https://www.accel-kkr.com/portfolio-company/mobile-health/,,https://www.accel-kkr.com/portfolio/
MyComplianceOffice,Accel-KKR,accel-kkr,Menlo Park,San Francisco Bay Area,featured,no,current,Compliance management software,emea,credit,https://mco.mycomplianceoffice.com,official_site,https://www.accel-kkr.com/portfolio/,https://www.accel-kkr.com/portfolio-company/mycomplianceoffice/,,https://www.accel-kkr.com/portfolio/
NAVTOR,Accel-KKR,accel-kkr,Menlo Park,San Francisco Bay Area,featured,no,current,E-navigation solutions for the maritime sector,emea,equity,https://www.navtor.com,official_site,https://www.accel-kkr.com/portfolio/,https://www.accel-kkr.com/portfolio-company/navtor/,,https://www.accel-kkr.com/portfolio/
NovoPath,Accel-KKR,accel-kkr,Menlo Park,San Francisco Bay Area,featured,no,current,Laboratory information systems,north america,equity,https://lltrck.com,official_site,https://www.accel-kkr.com/portfolio/,https://www.accel-kkr.com/portfolio-company/novopath/,,https://www.accel-kkr.com/portfolio/
Ntracts,Accel-KKR,accel-kkr,Menlo Park,San Francisco Bay Area,featured,no,current,Contract lifecycle management for healthcare,north america,equity,https://www.ntracts.com,official_site,https://www.accel-kkr.com/portfolio/,https://www.accel-kkr.com/portfolio-company/ntracts/,,https://www.accel-kkr.com/portfolio/
Nutrislice,Accel-KKR,accel-kkr,Menlo Park,San Francisco Bay Area,featured,no,current,Foodservice engagement platform,north america,equity,https://lltrck.com,official_site,https://www.accel-kkr.com/portfolio/,https://www.accel-kkr.com/portfolio-company/nutrislice/,,https://www.accel-kkr.com/portfolio/
Ocuco,Accel-KKR,accel-kkr,Menlo Park,San Francisco Bay Area,featured,no,current,Omnichannel software for the eyecare market,emea,equity,https://lltrck.com,official_site,https://www.accel-kkr.com/portfolio/,https://www.accel-kkr.com/portfolio-company/ocuco/,,https://www.accel-kkr.com/portfolio/
Office Timeline,Accel-KKR,accel-kkr,Menlo Park,San Francisco Bay Area,featured,no,current,Project management visualization tools,north america,equity,https://www.officetimeline.com,official_site,https://www.accel-kkr.com/portfolio/,https://www.accel-kkr.com/portfolio-company/office-timeline/,,https://www.accel-kkr.com/portfolio/
OneShield,Accel-KKR,accel-kkr,Menlo Park,San Francisco Bay Area,featured,no,current,Business solutions for property and casualty insurers,north america,credit,https://oneshield.com,official_site,https://www.accel-kkr.com/portfolio/,https://www.accel-kkr.com/portfolio-company/oneshield/,,https://www.accel-kkr.com/portfolio/
OrthoFi,Accel-KKR,accel-kkr,Menlo Park,San Francisco Bay Area,featured,no,current,Tech-enabled solutions for orthodontists,north america,equity,https://orthofi.com,official_site,https://www.accel-kkr.com/portfolio/,https://www.accel-kkr.com/portfolio-company/orthofi/,,https://www.accel-kkr.com/portfolio/
Pacera,Accel-KKR,accel-kkr,Menlo Park,San Francisco Bay Area,featured,no,current,"Pacera unifies financial close, consolidation and FP&A.",emea,equity,https://pacera.com,official_site,https://www.accel-kkr.com/portfolio/,https://www.accel-kkr.com/portfolio-company/pacera/,,https://www.accel-kkr.com/portfolio/
Partnerize,Accel-KKR,accel-kkr,Menlo Park,San Francisco Bay Area,featured,no,current,Partnership automation platform,emea,equity,https://partnerize.com/en,official_site,https://www.accel-kkr.com/portfolio/,https://www.accel-kkr.com/portfolio-company/partnerize/,,https://www.accel-kkr.com/portfolio/
Paymentus (NYSE: PAY),Accel-KKR,accel-kkr,Menlo Park,San Francisco Bay Area,featured,no,current,Cloud-based bill payment technology,north america,equity,https://www.paymentus.com,official_site,https://www.accel-kkr.com/portfolio/,https://www.accel-kkr.com/portfolio-company/paymentus/,,https://www.accel-kkr.com/portfolio/
Phocas Software,Accel-KKR,accel-kkr,Menlo Park,San Francisco Bay Area,featured,no,current,ERP-connected data platform.,emea,equity,https://lltrck.com,official_site,https://www.accel-kkr.com/portfolio/,https://www.accel-kkr.com/portfolio-company/phocas-software/,,https://www.accel-kkr.com/portfolio/
PropLogix,Accel-KKR,accel-kkr,Menlo Park,San Francisco Bay Area,featured,no,current,Due diligence reports and services for title agents,north america,equity,https://lltrck.com,official_site,https://www.accel-kkr.com/portfolio/,https://www.accel-kkr.com/portfolio-company/proplogix/,,https://www.accel-kkr.com/portfolio/
Quartex,Accel-KKR,accel-kkr,Menlo Park,San Francisco Bay Area,featured,no,current,Workforce management and EHS software,asia pacific,equity,https://quartexsoftware.com,official_site,https://www.accel-kkr.com/portfolio/,https://www.accel-kkr.com/portfolio-company/quartex/,,https://www.accel-kkr.com/portfolio/
Reapit,Accel-KKR,accel-kkr,Menlo Park,San Francisco Bay Area,featured,no,current,CRM and client accounting for real estate,emea,equity,https://lltrck.com,official_site,https://www.accel-kkr.com/portfolio/,https://www.accel-kkr.com/portfolio-company/reapit/,,https://www.accel-kkr.com/portfolio/
Recurly,Accel-KKR,accel-kkr,Menlo Park,San Francisco Bay Area,featured,no,current,Subscription management and billing platform,north america,equity,https://recurly.com,official_site|geig_article,https://www.accel-kkr.com/portfolio/|https://growthequityinterviewguide.com/private-equity/private-equity-primer/technology-private-equity-firms,https://www.accel-kkr.com/portfolio-company/recurly/,,https://www.accel-kkr.com/portfolio/
REG Technologies,Accel-KKR,accel-kkr,Menlo Park,San Francisco Bay Area,featured,no,current,Compliance and regulatory software for insurance & financial sectors,emea,equity,https://reg.uk.com,official_site,https://www.accel-kkr.com/portfolio/,https://www.accel-kkr.com/portfolio-company/reg-technologies/,,https://www.accel-kkr.com/portfolio/
Residex,Accel-KKR,accel-kkr,Menlo Park,San Francisco Bay Area,featured,no,current,A software solution for assisted living and group homes,north america,equity,https://lltrck.com,official_site,https://www.accel-kkr.com/portfolio/,https://www.accel-kkr.com/portfolio-company/residex/,,https://www.accel-kkr.com/portfolio/
Safeguard Global,Accel-KKR,accel-kkr,Menlo Park,San Francisco Bay Area,featured,no,current,Global workforce deployment solutions,north america,equity,https://www.safeguardglobal.com,official_site,https://www.accel-kkr.com/portfolio/,https://www.accel-kkr.com/portfolio-company/safeguard-global/,,https://www.accel-kkr.com/portfolio/
Salary.com,Accel-KKR,accel-kkr,Menlo Park,San Francisco Bay Area,featured,no,current,Compensation data and software,north america,equity,https://www.salary.com,official_site|geig_article,https://www.accel-kkr.com/portfolio/|https://growthequityinterviewguide.com/private-equity/private-equity-primer/technology-private-equity-firms,https://www.accel-kkr.com/portfolio-company/salary-com/,,https://www.accel-kkr.com/portfolio/
Sensor Tower,Accel-KKR,accel-kkr,Menlo Park,San Francisco Bay Area,featured,no,current,Market intelligence for the digital economy,north america,credit,https://sensortower.com,official_site,https://www.accel-kkr.com/portfolio/,https://www.accel-kkr.com/portfolio-company/sensor-tower/,,https://www.accel-kkr.com/portfolio/
Siigo,Accel-KKR,accel-kkr,Menlo Park,San Francisco Bay Area,featured,no,current,Accounting and administrative software in Colombia,latin america,equity,https://lltrck.com,official_site,https://www.accel-kkr.com/portfolio/,https://www.accel-kkr.com/portfolio-company/siigo/,,https://www.accel-kkr.com/portfolio/
Singletrack,Accel-KKR,accel-kkr,Menlo Park,San Francisco Bay Area,featured,no,current,Client engagement for capital markets,emea,equity,https://www.singletrack.com,official_site,https://www.accel-kkr.com/portfolio/,https://www.accel-kkr.com/portfolio-company/singletrack/,,https://www.accel-kkr.com/portfolio/
Smart Communications,Accel-KKR,accel-kkr,Menlo Park,San Francisco Bay Area,featured,no,current,Cloud-based customer communications,emea,credit,https://www.smartcommunications.com,official_site,https://www.accel-kkr.com/portfolio/,https://www.accel-kkr.com/portfolio-company/smart-communications/,,https://www.accel-kkr.com/portfolio/
Springbrook Software,Accel-KKR,accel-kkr,Menlo Park,San Francisco Bay Area,featured,no,current,Cloud-based finance for local government,north america,equity,https://lltrck.com,official_site,https://www.accel-kkr.com/portfolio/,https://www.accel-kkr.com/portfolio-company/springbrook-software/,,https://www.accel-kkr.com/portfolio/
Staritas,Accel-KKR,accel-kkr,Menlo Park,San Francisco Bay Area,featured,no,current,Helps healthcare supply chain leaders make informed decisions,north america,equity,https://staritas.com,official_site,https://www.accel-kkr.com/portfolio/,https://www.accel-kkr.com/portfolio-company/staritas/,,https://www.accel-kkr.com/portfolio/
StoreForce,Accel-KKR,accel-kkr,Menlo Park,San Francisco Bay Area,featured,no,current,Sales performance platform for specialty retail,north america,equity,https://storeforcesolutions.com,official_site,https://www.accel-kkr.com/portfolio/,https://www.accel-kkr.com/portfolio-company/storeforce/,,https://www.accel-kkr.com/portfolio/
Submittable,Accel-KKR,accel-kkr,Menlo Park,San Francisco Bay Area,featured,no,current,Social impact platform for managing programs,north america,equity,https://lltrck.com,official_site,https://www.accel-kkr.com/portfolio/,https://www.accel-kkr.com/portfolio-company/submittable/,,https://www.accel-kkr.com/portfolio/
SugarAI,Accel-KKR,accel-kkr,Menlo Park,San Francisco Bay Area,featured,no,current,An AI-powered platform for account intelligence and growth,north america,credit,https://sugarai.com,official_site,https://www.accel-kkr.com/portfolio/,https://www.accel-kkr.com/portfolio-company/sugarai/,,https://www.accel-kkr.com/portfolio/
Sycurio,Accel-KKR,accel-kkr,Menlo Park,San Francisco Bay Area,featured,no,current,Compliance software for contact centers,emea,credit,https://sycurio.com,official_site,https://www.accel-kkr.com/portfolio/,https://www.accel-kkr.com/portfolio-company/sycurio/,,https://www.accel-kkr.com/portfolio/
Symfonia,Accel-KKR,accel-kkr,Menlo Park,San Francisco Bay Area,featured,no,current,ERP and payroll software for SMEs in Poland,emea,equity,https://symfonia.pl,official_site,https://www.accel-kkr.com/portfolio/,https://www.accel-kkr.com/portfolio-company/symfonia/,,https://www.accel-kkr.com/portfolio/
Tactiq,Accel-KKR,accel-kkr,Menlo Park,San Francisco Bay Area,featured,no,current,Solutions for the DSD distribution model,north america,credit,https://www.tactiqtech.com,official_site,https://www.accel-kkr.com/portfolio/,https://www.accel-kkr.com/portfolio-company/tactiq/,,https://www.accel-kkr.com/portfolio/
Tai Software,Accel-KKR,accel-kkr,Menlo Park,San Francisco Bay Area,featured,no,current,Transportation management software,north america,equity,https://tai-software.com,official_site,https://www.accel-kkr.com/portfolio/,https://www.accel-kkr.com/portfolio-company/tai-software/,,https://www.accel-kkr.com/portfolio/
TapClicks,Accel-KKR,accel-kkr,Menlo Park,San Francisco Bay Area,featured,no,current,Smart marketing cloud platform,north america,credit,https://www.tapclicks.com,official_site,https://www.accel-kkr.com/portfolio/,https://www.accel-kkr.com/portfolio-company/tapclicks/,,https://www.accel-kkr.com/portfolio/
TaxDome,Accel-KKR,accel-kkr,Menlo Park,San Francisco Bay Area,featured,no,current,Practice management software for accounting and tax firms,north america,credit,https://taxdome.com,official_site,https://www.accel-kkr.com/portfolio/,https://www.accel-kkr.com/portfolio-company/taxdome/,,https://www.accel-kkr.com/portfolio/
Teamcore,Accel-KKR,accel-kkr,Menlo Park,San Francisco Bay Area,featured,no,current,In-store availability management for retail,latin america,equity,https://www.teamcore.net,official_site,https://www.accel-kkr.com/portfolio/,https://www.accel-kkr.com/portfolio-company/teamcore/,,https://www.accel-kkr.com/portfolio/
TELCOR,Accel-KKR,accel-kkr,Menlo Park,San Francisco Bay Area,featured,no,current,Laboratory revenue cycle management software,north america,equity,https://telcor.com,official_site,https://www.accel-kkr.com/portfolio/,https://www.accel-kkr.com/portfolio-company/telcor/,,https://www.accel-kkr.com/portfolio/
Tipalti,Accel-KKR,accel-kkr,Menlo Park,San Francisco Bay Area,featured,no,current,The agentic AI platform for finance,north america,,https://tipalti.com,official_site,https://www.accel-kkr.com/portfolio/,https://www.accel-kkr.com/portfolio-company/tipalti/,,https://www.accel-kkr.com/portfolio/
Tithe.ly,Accel-KKR,accel-kkr,Menlo Park,San Francisco Bay Area,featured,no,current,Software for churches and faith-based organizations,north america,equity,https://get.tithe.ly,official_site,https://www.accel-kkr.com/portfolio/,https://www.accel-kkr.com/portfolio-company/tithe-ly/,,https://www.accel-kkr.com/portfolio/
ToolsGroup,Accel-KKR,accel-kkr,Menlo Park,San Francisco Bay Area,featured,no,current,Supply chain planning and demand analytics,emea,equity,https://lltrck.com,official_site,https://www.accel-kkr.com/portfolio/,https://www.accel-kkr.com/portfolio-company/toolsgroup/,,https://www.accel-kkr.com/portfolio/
Trax Technologies,Accel-KKR,accel-kkr,Menlo Park,San Francisco Bay Area,featured,no,current,Transportation spend management solutions,north america,credit,https://www.traxtech.com,official_site,https://www.accel-kkr.com/portfolio/,https://www.accel-kkr.com/portfolio-company/trax/,,https://www.accel-kkr.com/portfolio/
TREND Health Partners,Accel-KKR,accel-kkr,Menlo Park,San Francisco Bay Area,featured,no,current,Healthcare payment integrity solutions,north america,credit,https://lltrck.com,official_site,https://www.accel-kkr.com/portfolio/,https://www.accel-kkr.com/portfolio-company/trend-health-partners/,,https://www.accel-kkr.com/portfolio/
TrueCommerce,Accel-KKR,accel-kkr,Menlo Park,San Francisco Bay Area,featured,no,current,Global commerce network for trading partners,north america,credit,https://lltrck.com,official_site,https://www.accel-kkr.com/portfolio/,https://www.accel-kkr.com/portfolio-company/truecommerce/,,https://www.accel-kkr.com/portfolio/
Unimarket,Accel-KKR,accel-kkr,Menlo Park,San Francisco Bay Area,featured,no,current,Cloud-based procurement solution,asia pacific,equity,https://unimarket.com,official_site,https://www.accel-kkr.com/portfolio/,https://www.accel-kkr.com/portfolio-company/unimarket/,,https://www.accel-kkr.com/portfolio/
UpKeep,Accel-KKR,accel-kkr,Menlo Park,San Francisco Bay Area,featured,no,current,"One Platform for CMMS, Safety, and Asset Operations",north america,equity,https://lltrck.com,official_site,https://www.accel-kkr.com/portfolio/,https://www.accel-kkr.com/portfolio-company/upkeep/,,https://www.accel-kkr.com/portfolio/
Vendavo,Accel-KKR,accel-kkr,Menlo Park,San Francisco Bay Area,featured,no,current,Pricing and sales SaaS solutions for manufacturers,north america,equity,https://lltrck.com,official_site,https://www.accel-kkr.com/portfolio/,https://www.accel-kkr.com/portfolio-company/vendavo/,,https://www.accel-kkr.com/portfolio/
Veoci,Accel-KKR,accel-kkr,Menlo Park,San Francisco Bay Area,featured,no,current,Emergency response & resilience mgmt software platform,emea,credit,https://veoci.com,official_site,https://www.accel-kkr.com/portfolio/,https://www.accel-kkr.com/portfolio-company/veoci/,,https://www.accel-kkr.com/portfolio/
Veryon,Accel-KKR,accel-kkr,Menlo Park,San Francisco Bay Area,featured,no,current,Aviation software and information services,north america,equity,https://veryon.com,official_site,https://www.accel-kkr.com/portfolio/,https://www.accel-kkr.com/portfolio-company/veryon/,,https://www.accel-kkr.com/portfolio/
VisiQuate,Accel-KKR,accel-kkr,Menlo Park,San Francisco Bay Area,featured,no,current,Revenue cycle analytics and automation for healthcare,north america,equity,https://www.visiquate.com,official_site,https://www.accel-kkr.com/portfolio/,https://www.accel-kkr.com/portfolio-company/visiquate/,,https://www.accel-kkr.com/portfolio/
Vitu,Accel-KKR,accel-kkr,Menlo Park,San Francisco Bay Area,featured,no,current,Vehicle-to-government process management solutions,north america,equity,https://lltrck.com,official_site,https://www.accel-kkr.com/portfolio/,https://www.accel-kkr.com/portfolio-company/vitu/,,https://www.accel-kkr.com/portfolio/
Whip Around,Accel-KKR,accel-kkr,Menlo Park,San Francisco Bay Area,featured,no,current,Fleet maintenance and compliance software provider.,emea,equity,https://lltrck.com,official_site,https://www.accel-kkr.com/portfolio/,https://www.accel-kkr.com/portfolio-company/whip-around/,,https://www.accel-kkr.com/portfolio/
Yes Energy,Accel-KKR,accel-kkr,Menlo Park,San Francisco Bay Area,featured,no,current,Power market data and analytics,north america,credit,https://www.yesenergy.com,official_site,https://www.accel-kkr.com/portfolio/,https://www.accel-kkr.com/portfolio-company/yes-energy/,,https://www.accel-kkr.com/portfolio/
ABRA Auto Body & Glass,Hellman & Friedman,hellman-friedman,San Francisco,San Francisco Bay Area,featured,no,current,,,,,official_site,https://hf.com/wp-json/wp/v2/portfolio,https://hf.com/portfolio/abra/,,https://hf.com/portfolio/
Action,Hellman & Friedman,hellman-friedman,San Francisco,San Francisco Bay Area,featured,no,current,,,,,official_site,https://hf.com/wp-json/wp/v2/portfolio,https://hf.com/portfolio/action/,,https://hf.com/portfolio/
Activant Solutions,Hellman & Friedman,hellman-friedman,San Francisco,San Francisco Bay Area,featured,no,current,,,,,official_site,https://hf.com/wp-json/wp/v2/portfolio,https://hf.com/portfolio/activant/,,https://hf.com/portfolio/
Advanstar Communications,Hellman & Friedman,hellman-friedman,San Francisco,San Francisco Bay Area,featured,no,current,,,,,official_site,https://hf.com/wp-json/wp/v2/portfolio,https://hf.com/portfolio/advanstar-communications/,,https://hf.com/portfolio/
"AlixPartners, LLP",Hellman & Friedman,hellman-friedman,San Francisco,San Francisco Bay Area,featured,no,current,,,,,official_site,https://hf.com/wp-json/wp/v2/portfolio,https://hf.com/portfolio/alixpartners-llp/,,https://hf.com/portfolio/
Allfunds S.A.,Hellman & Friedman,hellman-friedman,San Francisco,San Francisco Bay Area,featured,no,current,,,,,official_site,https://hf.com/wp-json/wp/v2/portfolio,https://hf.com/portfolio/allfunds/,,https://hf.com/portfolio/
Applied Systems,Hellman & Friedman,hellman-friedman,San Francisco,San Francisco Bay Area,featured,no,current,,,,,official_site,https://hf.com/wp-json/wp/v2/portfolio,https://hf.com/portfolio/applied-systems-inc/,,https://hf.com/portfolio/
Arch Capital Group,Hellman & Friedman,hellman-friedman,San Francisco,San Francisco Bay Area,featured,no,current,,,,,official_site,https://hf.com/wp-json/wp/v2/portfolio,https://hf.com/portfolio/arch-capital-group/,,https://hf.com/portfolio/
Artisan Partners Asset Management,Hellman & Friedman,hellman-friedman,San Francisco,San Francisco Bay Area,featured,no,current,,,,,official_site,https://hf.com/wp-json/wp/v2/portfolio,https://hf.com/portfolio/artisan-partners-asset-management-inc/,,https://hf.com/portfolio/
Associated Materials Incorporated,Hellman & Friedman,hellman-friedman,San Francisco,San Francisco Bay Area,featured,no,current,,,,,official_site,https://hf.com/wp-json/wp/v2/portfolio,https://hf.com/portfolio/associated-materials-incorporated/,,https://hf.com/portfolio/
At Home,Hellman & Friedman,hellman-friedman,San Francisco,San Francisco Bay Area,featured,no,current,,,,,official_site,https://hf.com/wp-json/wp/v2/portfolio,https://hf.com/portfolio/at-home/,,https://hf.com/portfolio/
athenahealth,Hellman & Friedman,hellman-friedman,San Francisco,San Francisco Bay Area,featured,no,current,,,,,official_site,https://hf.com/wp-json/wp/v2/portfolio,https://hf.com/portfolio/athenahealth/,,https://hf.com/portfolio/
AutoScout24,Hellman & Friedman,hellman-friedman,San Francisco,San Francisco Bay Area,featured,no,current,,,,,official_site,https://hf.com/wp-json/wp/v2/portfolio,https://hf.com/portfolio/autoscout24/,,https://hf.com/portfolio/
Axel Springer AG,Hellman & Friedman,hellman-friedman,San Francisco,San Francisco Bay Area,featured,no,current,,,,,official_site,https://hf.com/wp-json/wp/v2/portfolio,https://hf.com/portfolio/axel-springer-ag/,,https://hf.com/portfolio/
Baker Tilly,Hellman & Friedman,hellman-friedman,San Francisco,San Francisco Bay Area,featured,no,current,,,,,official_site,https://hf.com/wp-json/wp/v2/portfolio,https://hf.com/portfolio/baker-tilly/,,https://hf.com/portfolio/
Belron,Hellman & Friedman,hellman-friedman,San Francisco,San Francisco Bay Area,featured,no,current,,,,,official_site,https://hf.com/wp-json/wp/v2/portfolio,https://hf.com/portfolio/belron/,,https://hf.com/portfolio/
Blackbaud,Hellman & Friedman,hellman-friedman,San Francisco,San Francisco Bay Area,featured,no,current,,,,,official_site,https://hf.com/wp-json/wp/v2/portfolio,https://hf.com/portfolio/blackbaud-inc/,,https://hf.com/portfolio/
Caliber Collision,Hellman & Friedman,hellman-friedman,San Francisco,San Francisco Bay Area,featured,no,current,,,,,official_site,https://hf.com/wp-json/wp/v2/portfolio,https://hf.com/portfolio/caliber-collision/,,https://hf.com/portfolio/
CarProof Corporation,Hellman & Friedman,hellman-friedman,San Francisco,San Francisco Bay Area,featured,no,current,,,,,official_site,https://hf.com/wp-json/wp/v2/portfolio,https://hf.com/portfolio/carproof-corporation/,,https://hf.com/portfolio/
Catalina Marketing Corporation,Hellman & Friedman,hellman-friedman,San Francisco,San Francisco Bay Area,featured,no,current,,,,,official_site,https://hf.com/wp-json/wp/v2/portfolio,https://hf.com/portfolio/catalina-marketing-corporation/,,https://hf.com/portfolio/
Change Healthcare,Hellman & Friedman,hellman-friedman,San Francisco,San Francisco Bay Area,featured,no,current,,,,,official_site,https://hf.com/wp-json/wp/v2/portfolio,https://hf.com/portfolio/change-healthcare/,,https://hf.com/portfolio/
Checkmarx,Hellman & Friedman,hellman-friedman,San Francisco,San Francisco Bay Area,featured,no,current,,,,,official_site|geig_article,https://hf.com/wp-json/wp/v2/portfolio|https://growthequityinterviewguide.com/private-equity/private-equity-primer/technology-private-equity-firms,https://hf.com/portfolio/checkmarx/,,https://hf.com/portfolio/
Circana,Hellman & Friedman,hellman-friedman,San Francisco,San Francisco Bay Area,featured,no,current,,,,,official_site,https://hf.com/wp-json/wp/v2/portfolio,https://hf.com/portfolio/circana/,,https://hf.com/portfolio/
Claritev Corporation,Hellman & Friedman,hellman-friedman,San Francisco,San Francisco Bay Area,featured,no,current,,,,,official_site,https://hf.com/wp-json/wp/v2/portfolio,https://hf.com/portfolio/claritev/,,https://hf.com/portfolio/
Cordis,Hellman & Friedman,hellman-friedman,San Francisco,San Francisco Bay Area,featured,no,current,,,,,official_site,https://hf.com/wp-json/wp/v2/portfolio,https://hf.com/portfolio/cordis/,,https://hf.com/portfolio/
Curriculum Associates,Hellman & Friedman,hellman-friedman,San Francisco,San Francisco Bay Area,featured,no,current,,,,,official_site,https://hf.com/wp-json/wp/v2/portfolio,https://hf.com/portfolio/curriculum-associates/,,https://hf.com/portfolio/
Digitas,Hellman & Friedman,hellman-friedman,San Francisco,San Francisco Bay Area,featured,no,current,,,,,official_site,https://hf.com/wp-json/wp/v2/portfolio,https://hf.com/portfolio/digitas-inc/,,https://hf.com/portfolio/
DoubleClick,Hellman & Friedman,hellman-friedman,San Francisco,San Francisco Bay Area,featured,no,current,,,,,official_site,https://hf.com/wp-json/wp/v2/portfolio,https://hf.com/portfolio/doubleclick-inc/,,https://hf.com/portfolio/
Edelman Financial Engines,Hellman & Friedman,hellman-friedman,San Francisco,San Francisco Bay Area,featured,no,current,,,,,official_site,https://hf.com/wp-json/wp/v2/portfolio,https://hf.com/portfolio/edelman-financial-engines/,,https://hf.com/portfolio/
Eller Media,Hellman & Friedman,hellman-friedman,San Francisco,San Francisco Bay Area,featured,no,current,,,,,official_site,https://hf.com/wp-json/wp/v2/portfolio,https://hf.com/portfolio/eller-media-company-inc/,,https://hf.com/portfolio/
Ellucian,Hellman & Friedman,hellman-friedman,San Francisco,San Francisco Bay Area,featured,no,current,,,,,official_site,https://hf.com/wp-json/wp/v2/portfolio,https://hf.com/portfolio/ellucian-inc/,,https://hf.com/portfolio/
Enverus,Hellman & Friedman,hellman-friedman,San Francisco,San Francisco Bay Area,featured,no,current,,,,,official_site,https://hf.com/wp-json/wp/v2/portfolio,https://hf.com/portfolio/enverus/,,https://hf.com/portfolio/
Formula One Holdings Limited,Hellman & Friedman,hellman-friedman,San Francisco,San Francisco Bay Area,featured,no,current,,,,,official_site,https://hf.com/wp-json/wp/v2/portfolio,https://hf.com/portfolio/formula-one-holdings-limited/,,https://hf.com/portfolio/
Franklin Resources,Hellman & Friedman,hellman-friedman,San Francisco,San Francisco Bay Area,featured,no,current,,,,,official_site,https://hf.com/wp-json/wp/v2/portfolio,https://hf.com/portfolio/franklin-resources-inc/,,https://hf.com/portfolio/
Gartmore Investment Management Limited,Hellman & Friedman,hellman-friedman,San Francisco,San Francisco Bay Area,featured,no,current,,,,,official_site,https://hf.com/wp-json/wp/v2/portfolio,https://hf.com/portfolio/gartmore-investment-mgmt-limited/,,https://hf.com/portfolio/
Gaztransport & Technigaz S.A.S.,Hellman & Friedman,hellman-friedman,San Francisco,San Francisco Bay Area,featured,no,current,,,,,official_site,https://hf.com/wp-json/wp/v2/portfolio,https://hf.com/portfolio/gaztransport-technigaz-s-a-s/,,https://hf.com/portfolio/
Genesys,Hellman & Friedman,hellman-friedman,San Francisco,San Francisco Bay Area,featured,no,current,,,,,official_site,https://hf.com/wp-json/wp/v2/portfolio,https://hf.com/portfolio/genesys/,,https://hf.com/portfolio/
GeoVera Insurance Group Holdings,Hellman & Friedman,hellman-friedman,San Francisco,San Francisco Bay Area,featured,no,current,,,,,official_site,https://hf.com/wp-json/wp/v2/portfolio,https://hf.com/portfolio/geovera-insurance-group-holdings-ltd/,,https://hf.com/portfolio/
Getty Images,Hellman & Friedman,hellman-friedman,San Francisco,San Francisco Bay Area,featured,no,current,,,,,official_site,https://hf.com/wp-json/wp/v2/portfolio,https://hf.com/portfolio/getty-images-inc/,,https://hf.com/portfolio/
Global Music Rights,Hellman & Friedman,hellman-friedman,San Francisco,San Francisco Bay Area,featured,no,current,,,,,official_site,https://hf.com/wp-json/wp/v2/portfolio,https://hf.com/portfolio/global-music-rights/,,https://hf.com/portfolio/
Goodman Global,Hellman & Friedman,hellman-friedman,San Francisco,San Francisco Bay Area,featured,no,current,,,,,official_site,https://hf.com/wp-json/wp/v2/portfolio,https://hf.com/portfolio/goodman-global-inc/,,https://hf.com/portfolio/
Grocery Outlet,Hellman & Friedman,hellman-friedman,San Francisco,San Francisco Bay Area,featured,no,current,,,,,official_site,https://hf.com/wp-json/wp/v2/portfolio,https://hf.com/portfolio/grocery-outlet-inc/,,https://hf.com/portfolio/
Grosvenor Capital Management,Hellman & Friedman,hellman-friedman,San Francisco,San Francisco Bay Area,featured,no,current,,,,,official_site,https://hf.com/wp-json/wp/v2/portfolio,https://hf.com/portfolio/grosvenor-capital-management/,,https://hf.com/portfolio/
HUB International Limited,Hellman & Friedman,hellman-friedman,San Francisco,San Francisco Bay Area,featured,no,current,,,,,official_site,https://hf.com/wp-json/wp/v2/portfolio,https://hf.com/portfolio/hub-international-limited/,,https://hf.com/portfolio/
Intergraph Corporation,Hellman & Friedman,hellman-friedman,San Francisco,San Francisco Bay Area,featured,no,current,,,,,official_site,https://hf.com/wp-json/wp/v2/portfolio,https://hf.com/portfolio/intergraph-corporation/,,https://hf.com/portfolio/
Internet Brands,Hellman & Friedman,hellman-friedman,San Francisco,San Francisco Bay Area,featured,no,current,,,,,official_site,https://hf.com/wp-json/wp/v2/portfolio,https://hf.com/portfolio/internet-brands-inc/,,https://hf.com/portfolio/
IRIS Software Group Limited,Hellman & Friedman,hellman-friedman,San Francisco,San Francisco Bay Area,featured,no,current,,,,,official_site,https://hf.com/wp-json/wp/v2/portfolio,https://hf.com/portfolio/iris-software-group-limited/,,https://hf.com/portfolio/
LPL Financial Holdings,Hellman & Friedman,hellman-friedman,San Francisco,San Francisco Bay Area,featured,no,current,,,,,official_site,https://hf.com/wp-json/wp/v2/portfolio,https://hf.com/portfolio/lpl-financial-holdings-inc/,,https://hf.com/portfolio/
Medline,Hellman & Friedman,hellman-friedman,San Francisco,San Francisco Bay Area,featured,no,current,,,,,official_site,https://hf.com/wp-json/wp/v2/portfolio,https://hf.com/portfolio/medline/,,https://hf.com/portfolio/
Mehiläinen,Hellman & Friedman,hellman-friedman,San Francisco,San Francisco Bay Area,featured,no,current,,,,,official_site,https://hf.com/wp-json/wp/v2/portfolio,https://hf.com/portfolio/mehilainen/,,https://hf.com/portfolio/
Mitchell International Holdings,Hellman & Friedman,hellman-friedman,San Francisco,San Francisco Bay Area,featured,no,current,,,,,official_site,https://hf.com/wp-json/wp/v2/portfolio,https://hf.com/portfolio/mitchell-international-holdings-inc/,,https://hf.com/portfolio/
Mondrian Investment Partners,Hellman & Friedman,hellman-friedman,San Francisco,San Francisco Bay Area,featured,no,current,,,,,official_site,https://hf.com/wp-json/wp/v2/portfolio,https://hf.com/portfolio/mondrian-investment-partners-ltd/,,https://hf.com/portfolio/
Nasdaq Stock Market,Hellman & Friedman,hellman-friedman,San Francisco,San Francisco Bay Area,featured,no,current,,,,,official_site,https://hf.com/wp-json/wp/v2/portfolio,https://hf.com/portfolio/nasdaq-stock-market-llc/,,https://hf.com/portfolio/
Nets A/S,Hellman & Friedman,hellman-friedman,San Francisco,San Francisco Bay Area,featured,no,current,,,,,official_site,https://hf.com/wp-json/wp/v2/portfolio,https://hf.com/portfolio/nets-a-s/,,https://hf.com/portfolio/
Nexi,Hellman & Friedman,hellman-friedman,San Francisco,San Francisco Bay Area,featured,no,current,,,,,official_site,https://hf.com/wp-json/wp/v2/portfolio,https://hf.com/portfolio/nexi/,,https://hf.com/portfolio/
Nielsen N.V.,Hellman & Friedman,hellman-friedman,San Francisco,San Francisco Bay Area,featured,no,current,,,,,official_site,https://hf.com/wp-json/wp/v2/portfolio,https://hf.com/portfolio/nielsen-n-v/,,https://hf.com/portfolio/
OpenLink International Holdings,Hellman & Friedman,hellman-friedman,San Francisco,San Francisco Bay Area,featured,no,current,,,,,official_site,https://hf.com/wp-json/wp/v2/portfolio,https://hf.com/portfolio/openlink-international-holdings-inc/,,https://hf.com/portfolio/
PARIS RE Holdings Limited,Hellman & Friedman,hellman-friedman,San Francisco,San Francisco Bay Area,featured,no,current,,,,,official_site,https://hf.com/wp-json/wp/v2/portfolio,https://hf.com/portfolio/paris-re-holdings-limited/,,https://hf.com/portfolio/
Pharmaceutical Product Development,Hellman & Friedman,hellman-friedman,San Francisco,San Francisco Bay Area,featured,no,current,,,,,official_site,https://hf.com/wp-json/wp/v2/portfolio,https://hf.com/portfolio/pharmaceutical-product-development-llc/,,https://hf.com/portfolio/
PointClickCare,Hellman & Friedman,hellman-friedman,San Francisco,San Francisco Bay Area,featured,no,current,,,,,official_site,https://hf.com/wp-json/wp/v2/portfolio,https://hf.com/portfolio/pointclickcare/,,https://hf.com/portfolio/
ProSiebenSat.1 Media AG,Hellman & Friedman,hellman-friedman,San Francisco,San Francisco Bay Area,featured,no,current,,,,,official_site,https://hf.com/wp-json/wp/v2/portfolio,https://hf.com/portfolio/prosiebensat-1-media-ag/,,https://hf.com/portfolio/
Renaissance Learning,Hellman & Friedman,hellman-friedman,San Francisco,San Francisco Bay Area,featured,no,current,,,,,official_site,https://hf.com/wp-json/wp/v2/portfolio,https://hf.com/portfolio/renaissance-learning-inc/,,https://hf.com/portfolio/
Safe-Guard,Hellman & Friedman,hellman-friedman,San Francisco,San Francisco Bay Area,featured,no,current,,,,,official_site,https://hf.com/wp-json/wp/v2/portfolio,https://hf.com/portfolio/safe-guard/,,https://hf.com/portfolio/
Scout24 Holding GmbH,Hellman & Friedman,hellman-friedman,San Francisco,San Francisco Bay Area,featured,no,current,,,,,official_site,https://hf.com/wp-json/wp/v2/portfolio,https://hf.com/portfolio/scout24-holding-gmbh/,,https://hf.com/portfolio/
Sedgwick CMS,Hellman & Friedman,hellman-friedman,San Francisco,San Francisco Bay Area,featured,no,current,,,,,official_site,https://hf.com/wp-json/wp/v2/portfolio,https://hf.com/portfolio/sedgwick-cms/,,https://hf.com/portfolio/
Sheridan Holdings,Hellman & Friedman,hellman-friedman,San Francisco,San Francisco Bay Area,featured,no,current,,,,,official_site,https://hf.com/wp-json/wp/v2/portfolio,https://hf.com/portfolio/sheridan-holdings-inc/,,https://hf.com/portfolio/
SimpliSafe,Hellman & Friedman,hellman-friedman,San Francisco,San Francisco Bay Area,featured,no,current,,,,,official_site,https://hf.com/wp-json/wp/v2/portfolio,https://hf.com/portfolio/simplisafe/,,https://hf.com/portfolio/
Snap One,Hellman & Friedman,hellman-friedman,San Francisco,San Francisco Bay Area,featured,no,current,,,,,official_site,https://hf.com/wp-json/wp/v2/portfolio,https://hf.com/portfolio/snapone/,,https://hf.com/portfolio/
Splunk,Hellman & Friedman,hellman-friedman,San Francisco,San Francisco Bay Area,featured,no,current,,,,,official_site,https://hf.com/wp-json/wp/v2/portfolio,https://hf.com/portfolio/splunk/,,https://hf.com/portfolio/
Sprinklr,Hellman & Friedman,hellman-friedman,San Francisco,San Francisco Bay Area,featured,no,current,,,,,official_site,https://hf.com/wp-json/wp/v2/portfolio,https://hf.com/portfolio/sprinklr/,,https://hf.com/portfolio/
SSP Holdings,Hellman & Friedman,hellman-friedman,San Francisco,San Francisco Bay Area,featured,no,current,,,,,official_site,https://hf.com/wp-json/wp/v2/portfolio,https://hf.com/portfolio/ssp-holdings-plc/,,https://hf.com/portfolio/
TeamSystem,Hellman & Friedman,hellman-friedman,San Francisco,San Francisco Bay Area,featured,no,current,,,,,official_site,https://hf.com/wp-json/wp/v2/portfolio,https://hf.com/portfolio/teamsystem/,,https://hf.com/portfolio/
Texas Genco,Hellman & Friedman,hellman-friedman,San Francisco,San Francisco Bay Area,featured,no,current,,,,,official_site,https://hf.com/wp-json/wp/v2/portfolio,https://hf.com/portfolio/texas-genco-llc/,,https://hf.com/portfolio/
UKG (Ultimate Kronos Group),Hellman & Friedman,hellman-friedman,San Francisco,San Francisco Bay Area,featured,no,current,,,,,official_site,https://hf.com/wp-json/wp/v2/portfolio,https://hf.com/portfolio/ukg-ultimate-kronos-group/,,https://hf.com/portfolio/
Vantage Group Holdings,Hellman & Friedman,hellman-friedman,San Francisco,San Francisco Bay Area,featured,no,current,,,,,official_site,https://hf.com/wp-json/wp/v2/portfolio,https://hf.com/portfolio/vantage-group-holdings-ltd/,,https://hf.com/portfolio/
Verisure,Hellman & Friedman,hellman-friedman,San Francisco,San Francisco Bay Area,featured,no,current,,,,,official_site,https://hf.com/wp-json/wp/v2/portfolio,https://hf.com/portfolio/verisure/,,https://hf.com/portfolio/
Vertafore,Hellman & Friedman,hellman-friedman,San Francisco,San Francisco Bay Area,featured,no,current,,,,,official_site,https://hf.com/wp-json/wp/v2/portfolio,https://hf.com/portfolio/vertafore-inc/,,https://hf.com/portfolio/
Web Reservations International,Hellman & Friedman,hellman-friedman,San Francisco,San Francisco Bay Area,featured,no,current,,,,,official_site,https://hf.com/wp-json/wp/v2/portfolio,https://hf.com/portfolio/web-reservations-international-ltd/,,https://hf.com/portfolio/
Wood Mackenzie,Hellman & Friedman,hellman-friedman,San Francisco,San Francisco Bay Area,featured,no,current,,,,,official_site,https://hf.com/wp-json/wp/v2/portfolio,https://hf.com/portfolio/wood-mackenzie-ltd/,,https://hf.com/portfolio/
Young & Rubicam,Hellman & Friedman,hellman-friedman,San Francisco,San Francisco Bay Area,featured,no,current,,,,,official_site,https://hf.com/wp-json/wp/v2/portfolio,https://hf.com/portfolio/young-rubicam-inc/,,https://hf.com/portfolio/
Zendesk,Hellman & Friedman,hellman-friedman,San Francisco,San Francisco Bay Area,featured,no,current,,,,,official_site,https://hf.com/wp-json/wp/v2/portfolio,https://hf.com/portfolio/zendesk/,,https://hf.com/portfolio/
zooplus,Hellman & Friedman,hellman-friedman,San Francisco,San Francisco Bay Area,featured,no,current,,,,,official_site,https://hf.com/wp-json/wp/v2/portfolio,https://hf.com/portfolio/zooplus/,,https://hf.com/portfolio/
2-10 Home Buyers Warranty,Genstar Capital,genstar-capital,San Francisco,San Francisco Bay Area,honorable_mention,yes,current,,,,,official_site,https://www.gencap.com/companies/,,,https://www.gencap.com/companies/
8am,Genstar Capital,genstar-capital,San Francisco,San Francisco Bay Area,honorable_mention,yes,current,,,,,official_site,https://www.gencap.com/companies/,,,https://www.gencap.com/companies/
Abracon,Genstar Capital,genstar-capital,San Francisco,San Francisco Bay Area,honorable_mention,yes,current,,,,,official_site,https://www.gencap.com/companies/,,,https://www.gencap.com/companies/
ACA Group,Genstar Capital,genstar-capital,San Francisco,San Francisco Bay Area,honorable_mention,yes,current,,,,,official_site,https://www.gencap.com/companies/,,,https://www.gencap.com/companies/
Accruent,Genstar Capital,genstar-capital,San Francisco,San Francisco Bay Area,honorable_mention,yes,current,,,,,official_site,https://www.gencap.com/companies/,,,https://www.gencap.com/companies/
Acrisure,Genstar Capital,genstar-capital,San Francisco,San Francisco Bay Area,honorable_mention,yes,current,,,,,official_site,https://www.gencap.com/companies/,,,https://www.gencap.com/companies/
Advarra,Genstar Capital,genstar-capital,San Francisco,San Francisco Bay Area,honorable_mention,yes,current,,,,,official_site,https://www.gencap.com/companies/,,,https://www.gencap.com/companies/
Alera Group,Genstar Capital,genstar-capital,San Francisco,San Francisco Bay Area,honorable_mention,yes,current,,,,,official_site,https://www.gencap.com/companies/,,,https://www.gencap.com/companies/
Altra Industrial Motion,Genstar Capital,genstar-capital,San Francisco,San Francisco Bay Area,honorable_mention,yes,current,,,,,official_site,https://www.gencap.com/companies/,,,https://www.gencap.com/companies/
AmeriLife,Genstar Capital,genstar-capital,San Francisco,San Francisco Bay Area,honorable_mention,yes,current,,,,,official_site,https://www.gencap.com/companies/,,,https://www.gencap.com/companies/
Amwins Group,Genstar Capital,genstar-capital,San Francisco,San Francisco Bay Area,honorable_mention,yes,current,,,,,official_site,https://www.gencap.com/companies/,,,https://www.gencap.com/companies/
Aperture,Genstar Capital,genstar-capital,San Francisco,San Francisco Bay Area,honorable_mention,yes,current,,,,,official_site,https://www.gencap.com/companies/,,,https://www.gencap.com/companies/
Apex Group,Genstar Capital,genstar-capital,San Francisco,San Francisco Bay Area,honorable_mention,yes,current,,,,,official_site,https://www.gencap.com/companies/,,,https://www.gencap.com/companies/
Arrowhead Engineered Products,Genstar Capital,genstar-capital,San Francisco,San Francisco Bay Area,honorable_mention,yes,current,,,,,official_site,https://www.gencap.com/companies/,,,https://www.gencap.com/companies/
Artivest,Genstar Capital,genstar-capital,San Francisco,San Francisco Bay Area,honorable_mention,yes,current,,,,,official_site,https://www.gencap.com/companies/,,,https://www.gencap.com/companies/
Ascensus,Genstar Capital,genstar-capital,San Francisco,San Francisco Bay Area,honorable_mention,yes,current,,,,,official_site,https://www.gencap.com/companies/,,,https://www.gencap.com/companies/
AssetMark,Genstar Capital,genstar-capital,San Francisco,San Francisco Bay Area,honorable_mention,yes,current,,,,,official_site,https://www.gencap.com/companies/,,,https://www.gencap.com/companies/
Association Member Benefits Advisors,Genstar Capital,genstar-capital,San Francisco,San Francisco Bay Area,honorable_mention,yes,current,,,,,official_site,https://www.gencap.com/companies/,,,https://www.gencap.com/companies/
AWL,Genstar Capital,genstar-capital,San Francisco,San Francisco Bay Area,honorable_mention,yes,current,,,,,official_site,https://www.gencap.com/companies/,,,https://www.gencap.com/companies/
Axia,Genstar Capital,genstar-capital,San Francisco,San Francisco Bay Area,honorable_mention,yes,current,,,,,official_site,https://www.gencap.com/companies/,,,https://www.gencap.com/companies/
Boyd Corporation,Genstar Capital,genstar-capital,San Francisco,San Francisco Bay Area,honorable_mention,yes,current,,,,,official_site,https://www.gencap.com/companies/,,,https://www.gencap.com/companies/
Brook + Whittle,Genstar Capital,genstar-capital,San Francisco,San Francisco Bay Area,honorable_mention,yes,current,,,,,official_site,https://www.gencap.com/companies/,,,https://www.gencap.com/companies/
Bullhorn,Genstar Capital,genstar-capital,San Francisco,San Francisco Bay Area,honorable_mention,yes,current,,,,,official_site,https://www.gencap.com/companies/,,,https://www.gencap.com/companies/
Catalent Pharma Solutions,Genstar Capital,genstar-capital,San Francisco,San Francisco Bay Area,honorable_mention,yes,current,,,,,official_site,https://www.gencap.com/companies/,,,https://www.gencap.com/companies/
Cerity Partners,Genstar Capital,genstar-capital,San Francisco,San Francisco Bay Area,honorable_mention,yes,current,,,,,official_site,https://www.gencap.com/companies/,,,https://www.gencap.com/companies/
Cetera Financial Group,Genstar Capital,genstar-capital,San Francisco,San Francisco Bay Area,honorable_mention,yes,current,,,,,official_site,https://www.gencap.com/companies/,,,https://www.gencap.com/companies/
Clarience Technologies,Genstar Capital,genstar-capital,San Francisco,San Francisco Bay Area,honorable_mention,yes,current,,,,,official_site,https://www.gencap.com/companies/,,,https://www.gencap.com/companies/
Community Brands,Genstar Capital,genstar-capital,San Francisco,San Francisco Bay Area,honorable_mention,yes,current,,,,,official_site,https://www.gencap.com/companies/,,,https://www.gencap.com/companies/
Confie Seguros,Genstar Capital,genstar-capital,San Francisco,San Francisco Bay Area,honorable_mention,yes,current,,,,,official_site,https://www.gencap.com/companies/,,,https://www.gencap.com/companies/
ConnectiveRx,Genstar Capital,genstar-capital,San Francisco,San Francisco Bay Area,honorable_mention,yes,current,,,,,official_site,https://www.gencap.com/companies/,,,https://www.gencap.com/companies/
ConstructConnect,Genstar Capital,genstar-capital,San Francisco,San Francisco Bay Area,honorable_mention,yes,current,,,,,official_site,https://www.gencap.com/companies/,,,https://www.gencap.com/companies/
Cyncly,Genstar Capital,genstar-capital,San Francisco,San Francisco Bay Area,honorable_mention,yes,current,,,,,official_site,https://www.gencap.com/companies/,,,https://www.gencap.com/companies/
Daxko,Genstar Capital,genstar-capital,San Francisco,San Francisco Bay Area,honorable_mention,yes,current,,,,,official_site,https://www.gencap.com/companies/,,,https://www.gencap.com/companies/
Docupace,Genstar Capital,genstar-capital,San Francisco,San Francisco Bay Area,honorable_mention,yes,current,,,,,official_site,https://www.gencap.com/companies/,,,https://www.gencap.com/companies/
ECM Industries,Genstar Capital,genstar-capital,San Francisco,San Francisco Bay Area,honorable_mention,yes,current,,,,,official_site,https://www.gencap.com/companies/,,,https://www.gencap.com/companies/
Enverus,Genstar Capital,genstar-capital,San Francisco,San Francisco Bay Area,honorable_mention,yes,current,,,,,official_site,https://www.gencap.com/companies/,,,https://www.gencap.com/companies/
eResearch Technologies,Genstar Capital,genstar-capital,San Francisco,San Francisco Bay Area,honorable_mention,yes,current,,,,,official_site,https://www.gencap.com/companies/,,,https://www.gencap.com/companies/
Evolution1,Genstar Capital,genstar-capital,San Francisco,San Francisco Bay Area,honorable_mention,yes,current,,,,,official_site,https://www.gencap.com/companies/,,,https://www.gencap.com/companies/
Financial Horizons Group,Genstar Capital,genstar-capital,San Francisco,San Francisco Bay Area,honorable_mention,yes,current,,,,,official_site,https://www.gencap.com/companies/,,,https://www.gencap.com/companies/
First Eagle Investments,Genstar Capital,genstar-capital,San Francisco,San Francisco Bay Area,honorable_mention,yes,current,,,,,official_site,https://www.gencap.com/companies/,,,https://www.gencap.com/companies/
Flourish,Genstar Capital,genstar-capital,San Francisco,San Francisco Bay Area,honorable_mention,yes,current,,,,,official_site,https://www.gencap.com/companies/,,,https://www.gencap.com/companies/
Fort Dearborn,Genstar Capital,genstar-capital,San Francisco,San Francisco Bay Area,honorable_mention,yes,current,,,,,official_site,https://www.gencap.com/companies/,,,https://www.gencap.com/companies/
Infinite Electronics,Genstar Capital,genstar-capital,San Francisco,San Francisco Bay Area,honorable_mention,yes,current,,,,,official_site,https://www.gencap.com/companies/,,,https://www.gencap.com/companies/
Innovative Aftermarket Systems,Genstar Capital,genstar-capital,San Francisco,San Francisco Bay Area,honorable_mention,yes,current,,,,,official_site,https://www.gencap.com/companies/,,,https://www.gencap.com/companies/
Inside Real Estate,Genstar Capital,genstar-capital,San Francisco,San Francisco Bay Area,honorable_mention,yes,current,,,,,official_site,https://www.gencap.com/companies/,,,https://www.gencap.com/companies/
insightsoftware,Genstar Capital,genstar-capital,San Francisco,San Francisco Bay Area,honorable_mention,yes,current,,,,,official_site,https://www.gencap.com/companies/,,,https://www.gencap.com/companies/
Institutional Shareholder Services,Genstar Capital,genstar-capital,San Francisco,San Francisco Bay Area,honorable_mention,yes,current,,,,,official_site,https://www.gencap.com/companies/,,,https://www.gencap.com/companies/
Insurity,Genstar Capital,genstar-capital,San Francisco,San Francisco Bay Area,honorable_mention,yes,current,,,,,official_site,https://www.gencap.com/companies/,,,https://www.gencap.com/companies/
Jet Support Services,Genstar Capital,genstar-capital,San Francisco,San Francisco Bay Area,honorable_mention,yes,current,,,,,official_site,https://www.gencap.com/companies/,,,https://www.gencap.com/companies/
Lightspeed Systems,Genstar Capital,genstar-capital,San Francisco,San Francisco Bay Area,honorable_mention,yes,current,,,,,official_site,https://www.gencap.com/companies/,,,https://www.gencap.com/companies/
Likewize,Genstar Capital,genstar-capital,San Francisco,San Francisco Bay Area,honorable_mention,yes,current,,,,,official_site,https://www.gencap.com/companies/,,,https://www.gencap.com/companies/
MASA Global,Genstar Capital,genstar-capital,San Francisco,San Francisco Bay Area,honorable_mention,yes,current,,,,,official_site,https://www.gencap.com/companies/,,,https://www.gencap.com/companies/
Mercer Advisors,Genstar Capital,genstar-capital,San Francisco,San Francisco Bay Area,honorable_mention,yes,current,,,,,official_site,https://www.gencap.com/companies/,,,https://www.gencap.com/companies/
MidCap Financial,Genstar Capital,genstar-capital,San Francisco,San Francisco Bay Area,honorable_mention,yes,current,,,,,official_site,https://www.gencap.com/companies/,,,https://www.gencap.com/companies/
mSupply,Genstar Capital,genstar-capital,San Francisco,San Francisco Bay Area,honorable_mention,yes,current,,,,,official_site,https://www.gencap.com/companies/,,,https://www.gencap.com/companies/
MW Industries,Genstar Capital,genstar-capital,San Francisco,San Francisco Bay Area,honorable_mention,yes,current,,,,,official_site,https://www.gencap.com/companies/,,,https://www.gencap.com/companies/
Netsmart Technologies,Genstar Capital,genstar-capital,San Francisco,San Francisco Bay Area,honorable_mention,yes,current,,,,,official_site,https://www.gencap.com/companies/,,,https://www.gencap.com/companies/
Numerix,Genstar Capital,genstar-capital,San Francisco,San Francisco Bay Area,honorable_mention,yes,current,,,,,official_site,https://www.gencap.com/companies/,,,https://www.gencap.com/companies/
Obsidian,Genstar Capital,genstar-capital,San Francisco,San Francisco Bay Area,honorable_mention,yes,current,,,,,official_site,https://www.gencap.com/companies/,,,https://www.gencap.com/companies/
OEConnection,Genstar Capital,genstar-capital,San Francisco,San Francisco Bay Area,honorable_mention,yes,current,,,,,official_site,https://www.gencap.com/companies/,,,https://www.gencap.com/companies/
Orion Advisor Solutions,Genstar Capital,genstar-capital,San Francisco,San Francisco Bay Area,honorable_mention,yes,current,,,,,official_site,https://www.gencap.com/companies/,,,https://www.gencap.com/companies/
OTC Industrial Technologies,Genstar Capital,genstar-capital,San Francisco,San Francisco Bay Area,honorable_mention,yes,current,,,,,official_site,https://www.gencap.com/companies/,,,https://www.gencap.com/companies/
Palomar Specialty Insurance,Genstar Capital,genstar-capital,San Francisco,San Francisco Bay Area,honorable_mention,yes,current,,,,,official_site,https://www.gencap.com/companies/,,,https://www.gencap.com/companies/
PDI,Genstar Capital,genstar-capital,San Francisco,San Francisco Bay Area,honorable_mention,yes,current,,,,,official_site,https://www.gencap.com/companies/,,,https://www.gencap.com/companies/
PlayMetrics,Genstar Capital,genstar-capital,San Francisco,San Francisco Bay Area,honorable_mention,yes,current,,,,,official_site,https://www.gencap.com/companies/,,,https://www.gencap.com/companies/
Power Products,Genstar Capital,genstar-capital,San Francisco,San Francisco Bay Area,honorable_mention,yes,current,,,,,official_site,https://www.gencap.com/companies/,,,https://www.gencap.com/companies/
PRA International,Genstar Capital,genstar-capital,San Francisco,San Francisco Bay Area,honorable_mention,yes,current,,,,,official_site,https://www.gencap.com/companies/,,,https://www.gencap.com/companies/
Pretium Packaging,Genstar Capital,genstar-capital,San Francisco,San Francisco Bay Area,honorable_mention,yes,current,,,,,official_site,https://www.gencap.com/companies/,,,https://www.gencap.com/companies/
Procure Analytics,Genstar Capital,genstar-capital,San Francisco,San Francisco Bay Area,honorable_mention,yes,current,,,,,official_site,https://www.gencap.com/companies/,,,https://www.gencap.com/companies/
Prometheus Group,Genstar Capital,genstar-capital,San Francisco,San Francisco Bay Area,honorable_mention,yes,current,,,,,official_site,https://www.gencap.com/companies/,,,https://www.gencap.com/companies/
SEER,Genstar Capital,genstar-capital,San Francisco,San Francisco Bay Area,honorable_mention,yes,current,,,,,official_site,https://www.gencap.com/companies/,,,https://www.gencap.com/companies/
Signant Health,Genstar Capital,genstar-capital,San Francisco,San Francisco Bay Area,honorable_mention,yes,current,,,,,official_site,https://www.gencap.com/companies/,,,https://www.gencap.com/companies/
Sonny’s Enterprises,Genstar Capital,genstar-capital,San Francisco,San Francisco Bay Area,honorable_mention,yes,current,,,,,official_site,https://www.gencap.com/companies/,,,https://www.gencap.com/companies/
Sphera,Genstar Capital,genstar-capital,San Francisco,San Francisco Bay Area,honorable_mention,yes,current,,,,,official_site,https://www.gencap.com/companies/,,,https://www.gencap.com/companies/
Stack Sports,Genstar Capital,genstar-capital,San Francisco,San Francisco Bay Area,honorable_mention,yes,current,,,,,official_site,https://www.gencap.com/companies/,,,https://www.gencap.com/companies/
Strategic Insight,Genstar Capital,genstar-capital,San Francisco,San Francisco Bay Area,honorable_mention,yes,current,,,,,official_site,https://www.gencap.com/companies/,,,https://www.gencap.com/companies/
Tecomet,Genstar Capital,genstar-capital,San Francisco,San Francisco Bay Area,honorable_mention,yes,current,,,,,official_site,https://www.gencap.com/companies/,,,https://www.gencap.com/companies/
Tekni-Plex,Genstar Capital,genstar-capital,San Francisco,San Francisco Bay Area,honorable_mention,yes,current,,,,,official_site,https://www.gencap.com/companies/,,,https://www.gencap.com/companies/
Telestream,Genstar Capital,genstar-capital,San Francisco,San Francisco Bay Area,honorable_mention,yes,current,,,,,official_site,https://www.gencap.com/companies/,,,https://www.gencap.com/companies/
TERREPOWER,Genstar Capital,genstar-capital,San Francisco,San Francisco Bay Area,honorable_mention,yes,current,,,,,official_site,https://www.gencap.com/companies/,,,https://www.gencap.com/companies/
TravelClick,Genstar Capital,genstar-capital,San Francisco,San Francisco Bay Area,honorable_mention,yes,current,,,,,official_site,https://www.gencap.com/companies/,,,https://www.gencap.com/companies/
Vector Solutions,Genstar Capital,genstar-capital,San Francisco,San Francisco Bay Area,honorable_mention,yes,current,,,,,official_site,https://www.gencap.com/companies/,,,https://www.gencap.com/companies/
Woods Equipment,Genstar Capital,genstar-capital,San Francisco,San Francisco Bay Area,honorable_mention,yes,current,,,,,official_site,https://www.gencap.com/companies/,,,https://www.gencap.com/companies/
Accelya,Vista Equity Partners,vista-equity,Austin,Texas,featured,no,current,,,,,official_site,https://www.vistaequitypartners.com/wp-json/wp/v2/company,https://www.vistaequitypartners.com/company/accelya/,,https://www.vistaequitypartners.com/about/companies/
Accruent,Vista Equity Partners,vista-equity,Austin,Texas,featured,no,current,,,,,official_site,https://www.vistaequitypartners.com/wp-json/wp/v2/company,https://www.vistaequitypartners.com/company/accruent/,,https://www.vistaequitypartners.com/about/companies/
Acquia,Vista Equity Partners,vista-equity,Austin,Texas,featured,no,current,,,,,official_site,https://www.vistaequitypartners.com/wp-json/wp/v2/company,https://www.vistaequitypartners.com/company/acquia/,,https://www.vistaequitypartners.com/about/companies/
ACTIVE Network,Vista Equity Partners,vista-equity,Austin,Texas,featured,no,current,,,,,official_site,https://www.vistaequitypartners.com/wp-json/wp/v2/company,https://www.vistaequitypartners.com/company/active-network/,,https://www.vistaequitypartners.com/about/companies/
Acumatica,Vista Equity Partners,vista-equity,Austin,Texas,featured,no,current,,,,,official_site|wikipedia,https://www.vistaequitypartners.com/wp-json/wp/v2/company|https://en.wikipedia.org/wiki/Acumatica,https://www.vistaequitypartners.com/company/acumatica/,https://en.wikipedia.org/wiki/Acumatica,https://www.vistaequitypartners.com/about/companies/
Aderant,Vista Equity Partners,vista-equity,Austin,Texas,featured,no,current,,,,,official_site,https://www.vistaequitypartners.com/wp-json/wp/v2/company,https://www.vistaequitypartners.com/company/aderant/,,https://www.vistaequitypartners.com/about/companies/
Advicent Solutions,Vista Equity Partners,vista-equity,Austin,Texas,featured,no,current,,,,,official_site,https://www.vistaequitypartners.com/wp-json/wp/v2/company,https://www.vistaequitypartners.com/company/advicent-solutions/,,https://www.vistaequitypartners.com/about/companies/
AGDATA,Vista Equity Partners,vista-equity,Austin,Texas,featured,no,current,,,,,official_site,https://www.vistaequitypartners.com/wp-json/wp/v2/company,https://www.vistaequitypartners.com/company/agdata/,,https://www.vistaequitypartners.com/about/companies/
AKUVO,Vista Equity Partners,vista-equity,Austin,Texas,featured,no,current,,,,,official_site,https://www.vistaequitypartners.com/wp-json/wp/v2/company,https://www.vistaequitypartners.com/company/akuvo/,,https://www.vistaequitypartners.com/about/companies/
Alegeus,Vista Equity Partners,vista-equity,Austin,Texas,featured,no,current,,,,,official_site,https://www.vistaequitypartners.com/wp-json/wp/v2/company,https://www.vistaequitypartners.com/company/alegeus/,,https://www.vistaequitypartners.com/about/companies/
AlertMedia,Vista Equity Partners,vista-equity,Austin,Texas,featured,no,current,,,,,official_site,https://www.vistaequitypartners.com/wp-json/wp/v2/company,https://www.vistaequitypartners.com/company/alertmedia/,,https://www.vistaequitypartners.com/about/companies/
Allocate Software,Vista Equity Partners,vista-equity,Austin,Texas,featured,no,current,,,,,official_site,https://www.vistaequitypartners.com/wp-json/wp/v2/company,https://www.vistaequitypartners.com/company/allocate-software/,,https://www.vistaequitypartners.com/about/companies/
Allvue Systems,Vista Equity Partners,vista-equity,Austin,Texas,featured,no,current,,,,,official_site,https://www.vistaequitypartners.com/wp-json/wp/v2/company,https://www.vistaequitypartners.com/company/allvue-systems/,,https://www.vistaequitypartners.com/about/companies/
Amtech Software,Vista Equity Partners,vista-equity,Austin,Texas,featured,no,current,,,,,official_site,https://www.vistaequitypartners.com/wp-json/wp/v2/company,https://www.vistaequitypartners.com/company/amtech/,,https://www.vistaequitypartners.com/about/companies/
Applause,Vista Equity Partners,vista-equity,Austin,Texas,featured,no,current,,,,,official_site,https://www.vistaequitypartners.com/wp-json/wp/v2/company,https://www.vistaequitypartners.com/company/applause/,,https://www.vistaequitypartners.com/about/companies/
Applied Systems,Vista Equity Partners,vista-equity,Austin,Texas,featured,no,current,,,,,official_site,https://www.vistaequitypartners.com/wp-json/wp/v2/company,https://www.vistaequitypartners.com/company/applied-systems/,,https://www.vistaequitypartners.com/about/companies/
Apptio,Vista Equity Partners,vista-equity,Austin,Texas,featured,no,current,,,,,official_site|wikipedia,https://www.vistaequitypartners.com/wp-json/wp/v2/company|https://en.wikipedia.org/wiki/Apptio,https://www.vistaequitypartners.com/company/apptio/,https://en.wikipedia.org/wiki/Apptio,https://www.vistaequitypartners.com/about/companies/
Aptean,Vista Equity Partners,vista-equity,Austin,Texas,featured,no,current,,,,,official_site,https://www.vistaequitypartners.com/wp-json/wp/v2/company,https://www.vistaequitypartners.com/company/aptean/,,https://www.vistaequitypartners.com/about/companies/
Arcos,Vista Equity Partners,vista-equity,Austin,Texas,featured,no,current,,,,,official_site,https://www.vistaequitypartners.com/wp-json/wp/v2/company,https://www.vistaequitypartners.com/company/arcos/,,https://www.vistaequitypartners.com/about/companies/
Aspect,Vista Equity Partners,vista-equity,Austin,Texas,featured,no,current,,,,,official_site,https://www.vistaequitypartners.com/wp-json/wp/v2/company,https://www.vistaequitypartners.com/company/aspect/,,https://www.vistaequitypartners.com/about/companies/
Aspira,Vista Equity Partners,vista-equity,Austin,Texas,featured,no,current,,,,,official_site,https://www.vistaequitypartners.com/wp-json/wp/v2/company,https://www.vistaequitypartners.com/company/aspira/,,https://www.vistaequitypartners.com/about/companies/
Assent,Vista Equity Partners,vista-equity,Austin,Texas,featured,no,current,,,,,official_site,https://www.vistaequitypartners.com/wp-json/wp/v2/company,https://www.vistaequitypartners.com/company/assent-compliance/,,https://www.vistaequitypartners.com/about/companies/
Avalara,Vista Equity Partners,vista-equity,Austin,Texas,featured,no,current,,,,,official_site,https://www.vistaequitypartners.com/wp-json/wp/v2/company,https://www.vistaequitypartners.com/company/avalara/,,https://www.vistaequitypartners.com/about/companies/
Benchmark Gensuite,Vista Equity Partners,vista-equity,Austin,Texas,featured,no,current,,,,,official_site,https://www.vistaequitypartners.com/wp-json/wp/v2/company,https://www.vistaequitypartners.com/company/benchmark-gensuite/,,https://www.vistaequitypartners.com/about/companies/
BetterCloud,Vista Equity Partners,vista-equity,Austin,Texas,featured,no,current,,,,,official_site|wikipedia,https://www.vistaequitypartners.com/wp-json/wp/v2/company|https://en.wikipedia.org/wiki/BetterCloud,https://www.vistaequitypartners.com/company/bettercloud/,https://en.wikipedia.org/wiki/BetterCloud,https://www.vistaequitypartners.com/about/companies/
BigMachines,Vista Equity Partners,vista-equity,Austin,Texas,featured,no,current,,,,,official_site,https://www.vistaequitypartners.com/wp-json/wp/v2/company,https://www.vistaequitypartners.com/company/bigmachines/,,https://www.vistaequitypartners.com/about/companies/
BigTime,Vista Equity Partners,vista-equity,Austin,Texas,featured,no,current,,,,,official_site,https://www.vistaequitypartners.com/wp-json/wp/v2/company,https://www.vistaequitypartners.com/company/bigtime-software/,,https://www.vistaequitypartners.com/about/companies/
BlueConic,Vista Equity Partners,vista-equity,Austin,Texas,featured,no,current,,,,,official_site,https://www.vistaequitypartners.com/wp-json/wp/v2/company,https://www.vistaequitypartners.com/company/blueconic/,,https://www.vistaequitypartners.com/about/companies/
Bonterra,Vista Equity Partners,vista-equity,Austin,Texas,featured,no,current,,,,,official_site,https://www.vistaequitypartners.com/wp-json/wp/v2/company,https://www.vistaequitypartners.com/company/bonterra/,,https://www.vistaequitypartners.com/about/companies/
Brainware,Vista Equity Partners,vista-equity,Austin,Texas,featured,no,current,,,,,official_site|wikipedia,https://www.vistaequitypartners.com/wp-json/wp/v2/company|https://en.wikipedia.org/wiki/Brainware,https://www.vistaequitypartners.com/company/brainware/,https://en.wikipedia.org/wiki/Brainware,https://www.vistaequitypartners.com/about/companies/
Bullhorn,Vista Equity Partners,vista-equity,Austin,Texas,featured,no,current,,,,,official_site|wikipedia,https://www.vistaequitypartners.com/wp-json/wp/v2/company|https://en.wikipedia.org/wiki/Bullhorn%2C_Inc.,https://www.vistaequitypartners.com/company/bullhorn/,https://en.wikipedia.org/wiki/Bullhorn%2C_Inc.,https://www.vistaequitypartners.com/about/companies/
CentralSquare Technologies,Vista Equity Partners,vista-equity,Austin,Texas,featured,no,current,,,,,official_site,https://www.vistaequitypartners.com/wp-json/wp/v2/company,https://www.vistaequitypartners.com/company/centralsquare/,,https://www.vistaequitypartners.com/about/companies/
Clari + Salesloft,Vista Equity Partners,vista-equity,Austin,Texas,featured,no,current,,,,,official_site,https://www.vistaequitypartners.com/wp-json/wp/v2/company,https://www.vistaequitypartners.com/company/clari-salesloft/,,https://www.vistaequitypartners.com/about/companies/
Cloud Software Group,Vista Equity Partners,vista-equity,Austin,Texas,featured,no,current,,,,,official_site|wikipedia,https://www.vistaequitypartners.com/wp-json/wp/v2/company|https://en.wikipedia.org/wiki/Cloud_Software_Group,https://www.vistaequitypartners.com/company/cloudsoftwaregroup/,https://en.wikipedia.org/wiki/Cloud_Software_Group,https://www.vistaequitypartners.com/about/companies/
Comply,Vista Equity Partners,vista-equity,Austin,Texas,featured,no,current,,,,,official_site,https://www.vistaequitypartners.com/wp-json/wp/v2/company,https://www.vistaequitypartners.com/company/comply/,,https://www.vistaequitypartners.com/about/companies/
Critical Start,Vista Equity Partners,vista-equity,Austin,Texas,featured,no,current,,,,,official_site,https://www.vistaequitypartners.com/wp-json/wp/v2/company,https://www.vistaequitypartners.com/company/critical-start/,,https://www.vistaequitypartners.com/about/companies/
Cvent,Vista Equity Partners,vista-equity,Austin,Texas,featured,no,current,,,,,official_site|wikipedia|geig_article,https://www.vistaequitypartners.com/wp-json/wp/v2/company|https://en.wikipedia.org/wiki/Cvent|https://growthequityinterviewguide.com/private-equity/private-equity-primer/technology-private-equity-firms,https://www.vistaequitypartners.com/company/cvent/,https://en.wikipedia.org/wiki/Cvent,https://www.vistaequitypartners.com/about/companies/
Datto,Vista Equity Partners,vista-equity,Austin,Texas,featured,no,current,,,,,official_site,https://www.vistaequitypartners.com/wp-json/wp/v2/company,https://www.vistaequitypartners.com/company/datto/,,https://www.vistaequitypartners.com/about/companies/
Dentira,Vista Equity Partners,vista-equity,Austin,Texas,featured,no,current,,,,,official_site,https://www.vistaequitypartners.com/wp-json/wp/v2/company,https://www.vistaequitypartners.com/company/dentira/,,https://www.vistaequitypartners.com/about/companies/
Dispatch,Vista Equity Partners,vista-equity,Austin,Texas,featured,no,current,,,,,official_site,https://www.vistaequitypartners.com/wp-json/wp/v2/company,https://www.vistaequitypartners.com/company/dispatch/,,https://www.vistaequitypartners.com/about/companies/
Duck Creek Technologies,Vista Equity Partners,vista-equity,Austin,Texas,featured,no,current,,,,,official_site,https://www.vistaequitypartners.com/wp-json/wp/v2/company,https://www.vistaequitypartners.com/company/duck-creek-technologies/,,https://www.vistaequitypartners.com/about/companies/
EAB,Vista Equity Partners,vista-equity,Austin,Texas,featured,no,current,,,,,official_site,https://www.vistaequitypartners.com/wp-json/wp/v2/company,https://www.vistaequitypartners.com/company/eab/,,https://www.vistaequitypartners.com/about/companies/
Eagleview,Vista Equity Partners,vista-equity,Austin,Texas,featured,no,current,,,,,official_site,https://www.vistaequitypartners.com/wp-json/wp/v2/company,https://www.vistaequitypartners.com/company/eagleview/,,https://www.vistaequitypartners.com/about/companies/
Ellucian,Vista Equity Partners,vista-equity,Austin,Texas,featured,no,current,,,,,official_site,https://www.vistaequitypartners.com/wp-json/wp/v2/company,https://www.vistaequitypartners.com/company/ellucian/,,https://www.vistaequitypartners.com/about/companies/
Energy Exemplar,Vista Equity Partners,vista-equity,Austin,Texas,featured,no,current,,,,,official_site,https://www.vistaequitypartners.com/wp-json/wp/v2/company,https://www.vistaequitypartners.com/company/energy-exemplar/,,https://www.vistaequitypartners.com/about/companies/
ESO,Vista Equity Partners,vista-equity,Austin,Texas,featured,no,current,,,,,official_site,https://www.vistaequitypartners.com/wp-json/wp/v2/company,https://www.vistaequitypartners.com/company/eso-solutions/,,https://www.vistaequitypartners.com/about/companies/
Finastra,Vista Equity Partners,vista-equity,Austin,Texas,featured,no,current,,,,,official_site|wikipedia,https://www.vistaequitypartners.com/wp-json/wp/v2/company|https://en.wikipedia.org/wiki/Finastra,https://www.vistaequitypartners.com/company/finastra/,https://en.wikipedia.org/wiki/Finastra,https://www.vistaequitypartners.com/about/companies/
Flash,Vista Equity Partners,vista-equity,Austin,Texas,featured,no,current,,,,,official_site,https://www.vistaequitypartners.com/wp-json/wp/v2/company,https://www.vistaequitypartners.com/company/flash/,,https://www.vistaequitypartners.com/about/companies/
Forcepoint,Vista Equity Partners,vista-equity,Austin,Texas,featured,no,current,,,,,official_site|wikipedia,https://www.vistaequitypartners.com/wp-json/wp/v2/company|https://en.wikipedia.org/wiki/Forcepoint,https://www.vistaequitypartners.com/company/forcepoint/,https://en.wikipedia.org/wiki/Forcepoint,https://www.vistaequitypartners.com/about/companies/
Fusion Risk Management,Vista Equity Partners,vista-equity,Austin,Texas,featured,no,current,,,,,official_site,https://www.vistaequitypartners.com/wp-json/wp/v2/company,https://www.vistaequitypartners.com/company/fusion-risk-management/,,https://www.vistaequitypartners.com/about/companies/
Gainsight,Vista Equity Partners,vista-equity,Austin,Texas,featured,no,current,,,,,official_site,https://www.vistaequitypartners.com/wp-json/wp/v2/company,https://www.vistaequitypartners.com/company/gainsight/,,https://www.vistaequitypartners.com/about/companies/
Gatekeeper,Vista Equity Partners,vista-equity,Austin,Texas,featured,no,current,,,,,official_site,https://www.vistaequitypartners.com/wp-json/wp/v2/company,https://www.vistaequitypartners.com/company/gatekeeper/,,https://www.vistaequitypartners.com/about/companies/
Gnosis Freight,Vista Equity Partners,vista-equity,Austin,Texas,featured,no,current,,,,,official_site,https://www.vistaequitypartners.com/wp-json/wp/v2/company,https://www.vistaequitypartners.com/company/gnosis-freight/,,https://www.vistaequitypartners.com/about/companies/
Granicus,Vista Equity Partners,vista-equity,Austin,Texas,featured,no,current,,,,,official_site,https://www.vistaequitypartners.com/wp-json/wp/v2/company,https://www.vistaequitypartners.com/company/granicus/,,https://www.vistaequitypartners.com/about/companies/
Greenway Health,Vista Equity Partners,vista-equity,Austin,Texas,featured,no,current,,,,,official_site,https://www.vistaequitypartners.com/wp-json/wp/v2/company,https://www.vistaequitypartners.com/company/greenway-health/,,https://www.vistaequitypartners.com/about/companies/
ICIMS,Vista Equity Partners,vista-equity,Austin,Texas,featured,no,current,,,,,official_site|wikipedia,https://www.vistaequitypartners.com/wp-json/wp/v2/company|https://en.wikipedia.org/wiki/ICIMS,https://www.vistaequitypartners.com/company/icims/,https://en.wikipedia.org/wiki/ICIMS,https://www.vistaequitypartners.com/about/companies/
Infoblox,Vista Equity Partners,vista-equity,Austin,Texas,featured,no,current,,,,,official_site|wikipedia|geig_article,https://www.vistaequitypartners.com/wp-json/wp/v2/company|https://en.wikipedia.org/wiki/Infoblox|https://growthequityinterviewguide.com/private-equity/private-equity-primer/technology-private-equity-firms,https://www.vistaequitypartners.com/company/infoblox/,https://en.wikipedia.org/wiki/Infoblox,https://www.vistaequitypartners.com/about/companies/
Innovapptive,Vista Equity Partners,vista-equity,Austin,Texas,featured,no,current,,,,,official_site,https://www.vistaequitypartners.com/wp-json/wp/v2/company,https://www.vistaequitypartners.com/company/innovapptive/,,https://www.vistaequitypartners.com/about/companies/
Integral Ad Science,Vista Equity Partners,vista-equity,Austin,Texas,featured,no,current,,,,,official_site,https://www.vistaequitypartners.com/wp-json/wp/v2/company,https://www.vistaequitypartners.com/company/integral-ad-science/,,https://www.vistaequitypartners.com/about/companies/
InvoiceCloud,Vista Equity Partners,vista-equity,Austin,Texas,featured,no,current,,,,,official_site,https://www.vistaequitypartners.com/wp-json/wp/v2/company,https://www.vistaequitypartners.com/company/invoicecloud/,,https://www.vistaequitypartners.com/about/companies/
JAGGAER,Vista Equity Partners,vista-equity,Austin,Texas,featured,no,current,,,,,official_site|wikipedia,https://www.vistaequitypartners.com/wp-json/wp/v2/company|https://en.wikipedia.org/wiki/Jaggaer,https://www.vistaequitypartners.com/company/jaggaer/,https://en.wikipedia.org/wiki/Jaggaer,https://www.vistaequitypartners.com/about/companies/
Jamf,Vista Equity Partners,vista-equity,Austin,Texas,featured,no,current,,,,,official_site,https://www.vistaequitypartners.com/wp-json/wp/v2/company,https://www.vistaequitypartners.com/company/jamf/,,https://www.vistaequitypartners.com/about/companies/
Jio,Vista Equity Partners,vista-equity,Austin,Texas,featured,no,current,,,,,official_site,https://www.vistaequitypartners.com/wp-json/wp/v2/company,https://www.vistaequitypartners.com/company/jio/,,https://www.vistaequitypartners.com/about/companies/
Joblogic,Vista Equity Partners,vista-equity,Austin,Texas,featured,no,current,,,,,official_site,https://www.vistaequitypartners.com/wp-json/wp/v2/company,https://www.vistaequitypartners.com/company/joblogic/,,https://www.vistaequitypartners.com/about/companies/
Khoros,Vista Equity Partners,vista-equity,Austin,Texas,featured,no,current,,,,,official_site|wikipedia,https://www.vistaequitypartners.com/wp-json/wp/v2/company|https://en.wikipedia.org/wiki/Khoros%2C_LLC,https://www.vistaequitypartners.com/company/khoros/,https://en.wikipedia.org/wiki/Khoros%2C_LLC,https://www.vistaequitypartners.com/about/companies/
KIBO,Vista Equity Partners,vista-equity,Austin,Texas,featured,no,current,,,,,official_site,https://www.vistaequitypartners.com/wp-json/wp/v2/company,https://www.vistaequitypartners.com/company/kibo/,,https://www.vistaequitypartners.com/about/companies/
Klarna,Vista Equity Partners,vista-equity,Austin,Texas,featured,no,current,,,,,official_site,https://www.vistaequitypartners.com/wp-json/wp/v2/company,https://www.vistaequitypartners.com/company/klarna/,,https://www.vistaequitypartners.com/about/companies/
KnowBe4,Vista Equity Partners,vista-equity,Austin,Texas,featured,no,current,,,,,official_site,https://www.vistaequitypartners.com/wp-json/wp/v2/company,https://www.vistaequitypartners.com/company/knowbe4/,,https://www.vistaequitypartners.com/about/companies/
LifeLoop,Vista Equity Partners,vista-equity,Austin,Texas,featured,no,current,,,,,official_site,https://www.vistaequitypartners.com/wp-json/wp/v2/company,https://www.vistaequitypartners.com/company/lifeloop/,,https://www.vistaequitypartners.com/about/companies/
LogicMonitor,Vista Equity Partners,vista-equity,Austin,Texas,featured,no,current,,,,,official_site,https://www.vistaequitypartners.com/wp-json/wp/v2/company,https://www.vistaequitypartners.com/company/logicmonitor/,,https://www.vistaequitypartners.com/about/companies/
Lone Wolf Real Estate Technologies,Vista Equity Partners,vista-equity,Austin,Texas,featured,no,current,,,,,official_site,https://www.vistaequitypartners.com/wp-json/wp/v2/company,https://www.vistaequitypartners.com/company/lone-wolf/,,https://www.vistaequitypartners.com/about/companies/
Lucid,Vista Equity Partners,vista-equity,Austin,Texas,featured,no,current,,,,,official_site,https://www.vistaequitypartners.com/wp-json/wp/v2/company,https://www.vistaequitypartners.com/company/lucid/,,https://www.vistaequitypartners.com/about/companies/
mabl,Vista Equity Partners,vista-equity,Austin,Texas,featured,no,current,,,,,official_site,https://www.vistaequitypartners.com/wp-json/wp/v2/company,https://www.vistaequitypartners.com/company/mabl/,,https://www.vistaequitypartners.com/about/companies/
Main Street Hub,Vista Equity Partners,vista-equity,Austin,Texas,featured,no,current,,,,,official_site,https://www.vistaequitypartners.com/wp-json/wp/v2/company,https://www.vistaequitypartners.com/company/main-street-hub/,,https://www.vistaequitypartners.com/about/companies/
Marketo,Vista Equity Partners,vista-equity,Austin,Texas,featured,no,current,,,,,official_site|geig_article,https://www.vistaequitypartners.com/wp-json/wp/v2/company|https://growthequityinterviewguide.com/private-equity/private-equity-primer/technology-private-equity-firms,https://www.vistaequitypartners.com/company/marketo/,,https://www.vistaequitypartners.com/about/companies/
Mediaocean,Vista Equity Partners,vista-equity,Austin,Texas,featured,no,current,,,,,official_site|wikipedia,https://www.vistaequitypartners.com/wp-json/wp/v2/company|https://en.wikipedia.org/wiki/Mediaocean,https://www.vistaequitypartners.com/company/mediaocean/,https://en.wikipedia.org/wiki/Mediaocean,https://www.vistaequitypartners.com/about/companies/
MedTrainer,Vista Equity Partners,vista-equity,Austin,Texas,featured,no,current,,,,,official_site,https://www.vistaequitypartners.com/wp-json/wp/v2/company,https://www.vistaequitypartners.com/company/medtrainer/,,https://www.vistaequitypartners.com/about/companies/
Menlo Security,Vista Equity Partners,vista-equity,Austin,Texas,featured,no,current,,,,,official_site,https://www.vistaequitypartners.com/wp-json/wp/v2/company,https://www.vistaequitypartners.com/company/menlo-security/,,https://www.vistaequitypartners.com/about/companies/
MicroEdge,Vista Equity Partners,vista-equity,Austin,Texas,featured,no,current,,,,,official_site,https://www.vistaequitypartners.com/wp-json/wp/v2/company,https://www.vistaequitypartners.com/company/microedge/,,https://www.vistaequitypartners.com/about/companies/
Mitratech,Vista Equity Partners,vista-equity,Austin,Texas,featured,no,current,,,,,official_site,https://www.vistaequitypartners.com/wp-json/wp/v2/company,https://www.vistaequitypartners.com/company/mitratech/,,https://www.vistaequitypartners.com/about/companies/
Model N,Vista Equity Partners,vista-equity,Austin,Texas,featured,no,current,,,,,official_site,https://www.vistaequitypartners.com/wp-json/wp/v2/company,https://www.vistaequitypartners.com/company/model-n/,,https://www.vistaequitypartners.com/about/companies/
MRI Software,Vista Equity Partners,vista-equity,Austin,Texas,featured,no,current,,,,,official_site|wikipedia,https://www.vistaequitypartners.com/wp-json/wp/v2/company|https://en.wikipedia.org/wiki/MRI_Software,https://www.vistaequitypartners.com/company/mri-software/,https://en.wikipedia.org/wiki/MRI_Software,https://www.vistaequitypartners.com/about/companies/
Nasuni,Vista Equity Partners,vista-equity,Austin,Texas,featured,no,current,,,,,official_site,https://www.vistaequitypartners.com/wp-json/wp/v2/company,https://www.vistaequitypartners.com/company/nasuni/,,https://www.vistaequitypartners.com/about/companies/
NAVEX,Vista Equity Partners,vista-equity,Austin,Texas,featured,no,current,,,,,official_site,https://www.vistaequitypartners.com/wp-json/wp/v2/company,https://www.vistaequitypartners.com/company/navex/,,https://www.vistaequitypartners.com/about/companies/
Naviga,Vista Equity Partners,vista-equity,Austin,Texas,featured,no,current,,,,,official_site,https://www.vistaequitypartners.com/wp-json/wp/v2/company,https://www.vistaequitypartners.com/company/naviga/,,https://www.vistaequitypartners.com/about/companies/
Nexthink,Vista Equity Partners,vista-equity,Austin,Texas,featured,no,current,,,,,official_site,https://www.vistaequitypartners.com/wp-json/wp/v2/company,https://www.vistaequitypartners.com/company/nexthink/,,https://www.vistaequitypartners.com/about/companies/
Numerator,Vista Equity Partners,vista-equity,Austin,Texas,featured,no,current,,,,,official_site,https://www.vistaequitypartners.com/wp-json/wp/v2/company,https://www.vistaequitypartners.com/company/numerator/,,https://www.vistaequitypartners.com/about/companies/
OfficeSpace,Vista Equity Partners,vista-equity,Austin,Texas,featured,no,current,,,,,official_site,https://www.vistaequitypartners.com/wp-json/wp/v2/company,https://www.vistaequitypartners.com/company/officespace/,,https://www.vistaequitypartners.com/about/companies/
Olive.AI,Vista Equity Partners,vista-equity,Austin,Texas,featured,no,current,,,,,official_site,https://www.vistaequitypartners.com/wp-json/wp/v2/company,https://www.vistaequitypartners.com/company/olive-ai/,,https://www.vistaequitypartners.com/about/companies/
OneAdvanced,Vista Equity Partners,vista-equity,Austin,Texas,featured,no,current,,,,,official_site,https://www.vistaequitypartners.com/wp-json/wp/v2/company,https://www.vistaequitypartners.com/company/oneadvanced/,,https://www.vistaequitypartners.com/about/companies/
P2 Energy Solutions,Vista Equity Partners,vista-equity,Austin,Texas,featured,no,current,,,,,official_site|wikipedia,https://www.vistaequitypartners.com/wp-json/wp/v2/company|https://en.wikipedia.org/wiki/P2_Energy_Solutions,https://www.vistaequitypartners.com/company/p2-energy-solutions/,https://en.wikipedia.org/wiki/P2_Energy_Solutions,https://www.vistaequitypartners.com/about/companies/
Ping Identity,Vista Equity Partners,vista-equity,Austin,Texas,featured,no,current,,,,,official_site|wikipedia,https://www.vistaequitypartners.com/wp-json/wp/v2/company|https://en.wikipedia.org/wiki/Ping_Identity,https://www.vistaequitypartners.com/company/ping-identity/,https://en.wikipedia.org/wiki/Ping_Identity,https://www.vistaequitypartners.com/about/companies/
Pipedrive,Vista Equity Partners,vista-equity,Austin,Texas,featured,no,current,,,,,official_site|wikipedia,https://www.vistaequitypartners.com/wp-json/wp/v2/company|https://en.wikipedia.org/wiki/Pipedrive,https://www.vistaequitypartners.com/company/pipedrive/,https://en.wikipedia.org/wiki/Pipedrive,https://www.vistaequitypartners.com/about/companies/
PlanSource,Vista Equity Partners,vista-equity,Austin,Texas,featured,no,current,,,,,official_site,https://www.vistaequitypartners.com/wp-json/wp/v2/company,https://www.vistaequitypartners.com/company/plansource/,,https://www.vistaequitypartners.com/about/companies/
Playlist,Vista Equity Partners,vista-equity,Austin,Texas,featured,no,current,,,,,official_site,https://www.vistaequitypartners.com/wp-json/wp/v2/company,https://www.vistaequitypartners.com/company/playlist/,,https://www.vistaequitypartners.com/about/companies/
Pluralsight,Vista Equity Partners,vista-equity,Austin,Texas,featured,no,current,,,,,official_site|wikipedia,https://www.vistaequitypartners.com/wp-json/wp/v2/company|https://en.wikipedia.org/wiki/Pluralsight,https://www.vistaequitypartners.com/company/pluralsight/,https://en.wikipedia.org/wiki/Pluralsight,https://www.vistaequitypartners.com/about/companies/
Poppulo,Vista Equity Partners,vista-equity,Austin,Texas,featured,no,current,,,,,official_site,https://www.vistaequitypartners.com/wp-json/wp/v2/company,https://www.vistaequitypartners.com/company/poppulo/,,https://www.vistaequitypartners.com/about/companies/
Portside,Vista Equity Partners,vista-equity,Austin,Texas,featured,no,current,,,,,official_site,https://www.vistaequitypartners.com/wp-json/wp/v2/company,https://www.vistaequitypartners.com/company/portside/,,https://www.vistaequitypartners.com/about/companies/
Power Factors,Vista Equity Partners,vista-equity,Austin,Texas,featured,no,current,,,,,official_site,https://www.vistaequitypartners.com/wp-json/wp/v2/company,https://www.vistaequitypartners.com/company/power-factors/,,https://www.vistaequitypartners.com/about/companies/
PowerSchool,Vista Equity Partners,vista-equity,Austin,Texas,featured,no,current,,,,,official_site,https://www.vistaequitypartners.com/wp-json/wp/v2/company,https://www.vistaequitypartners.com/company/powerschool/,,https://www.vistaequitypartners.com/about/companies/
Quickbase,Vista Equity Partners,vista-equity,Austin,Texas,featured,no,current,,,,,official_site|wikipedia,https://www.vistaequitypartners.com/wp-json/wp/v2/company|https://en.wikipedia.org/wiki/Quickbase,https://www.vistaequitypartners.com/company/quick-base/,https://en.wikipedia.org/wiki/Quickbase,https://www.vistaequitypartners.com/about/companies/
RadarFirst,Vista Equity Partners,vista-equity,Austin,Texas,featured,no,current,,,,,official_site,https://www.vistaequitypartners.com/wp-json/wp/v2/company,https://www.vistaequitypartners.com/company/radarfirst/,,https://www.vistaequitypartners.com/about/companies/
Redwood Software,Vista Equity Partners,vista-equity,Austin,Texas,featured,no,current,,,,,official_site,https://www.vistaequitypartners.com/wp-json/wp/v2/company,https://www.vistaequitypartners.com/company/redwood-software/,,https://www.vistaequitypartners.com/about/companies/
Regulatory DataCorp,Vista Equity Partners,vista-equity,Austin,Texas,featured,no,current,,,,,official_site,https://www.vistaequitypartners.com/wp-json/wp/v2/company,https://www.vistaequitypartners.com/company/rdc/,,https://www.vistaequitypartners.com/about/companies/
Relias Learning,Vista Equity Partners,vista-equity,Austin,Texas,featured,no,current,,,,,official_site,https://www.vistaequitypartners.com/wp-json/wp/v2/company,https://www.vistaequitypartners.com/company/relias-learning-llc/,,https://www.vistaequitypartners.com/about/companies/
Resilinc,Vista Equity Partners,vista-equity,Austin,Texas,featured,no,current,,,,,official_site,https://www.vistaequitypartners.com/wp-json/wp/v2/company,https://www.vistaequitypartners.com/company/resilinc/,,https://www.vistaequitypartners.com/about/companies/
Return Path,Vista Equity Partners,vista-equity,Austin,Texas,featured,no,current,,,,,official_site,https://www.vistaequitypartners.com/wp-json/wp/v2/company,https://www.vistaequitypartners.com/company/return-path/,,https://www.vistaequitypartners.com/about/companies/
Reynolds & Reynolds,Vista Equity Partners,vista-equity,Austin,Texas,featured,no,current,,,,,official_site,https://www.vistaequitypartners.com/wp-json/wp/v2/company,https://www.vistaequitypartners.com/company/reynoldsandreynolds/,,https://www.vistaequitypartners.com/about/companies/
RiskExec,Vista Equity Partners,vista-equity,Austin,Texas,featured,no,current,,,,,official_site,https://www.vistaequitypartners.com/wp-json/wp/v2/company,https://www.vistaequitypartners.com/company/riskexec/,,https://www.vistaequitypartners.com/about/companies/
RollKall,Vista Equity Partners,vista-equity,Austin,Texas,featured,no,current,,,,,official_site,https://www.vistaequitypartners.com/wp-json/wp/v2/company,https://www.vistaequitypartners.com/company/rollkall/,,https://www.vistaequitypartners.com/about/companies/
Schoox,Vista Equity Partners,vista-equity,Austin,Texas,featured,no,current,,,,,official_site,https://www.vistaequitypartners.com/wp-json/wp/v2/company,https://www.vistaequitypartners.com/company/schoox/,,https://www.vistaequitypartners.com/about/companies/
SecureLink,Vista Equity Partners,vista-equity,Austin,Texas,featured,no,current,,,,,official_site,https://www.vistaequitypartners.com/wp-json/wp/v2/company,https://www.vistaequitypartners.com/company/securelink/,,https://www.vistaequitypartners.com/about/companies/
Securonix,Vista Equity Partners,vista-equity,Austin,Texas,featured,no,current,,,,,official_site,https://www.vistaequitypartners.com/wp-json/wp/v2/company,https://www.vistaequitypartners.com/company/securonix/,,https://www.vistaequitypartners.com/about/companies/
SER Solutions,Vista Equity Partners,vista-equity,Austin,Texas,featured,no,current,,,,,official_site,https://www.vistaequitypartners.com/wp-json/wp/v2/company,https://www.vistaequitypartners.com/company/ser/,,https://www.vistaequitypartners.com/about/companies/
SimplePractice,Vista Equity Partners,vista-equity,Austin,Texas,featured,no,current,,,,,official_site,https://www.vistaequitypartners.com/wp-json/wp/v2/company,https://www.vistaequitypartners.com/company/simplepractice/,,https://www.vistaequitypartners.com/about/companies/
SirsiDynix,Vista Equity Partners,vista-equity,Austin,Texas,featured,no,current,,,,,official_site|wikipedia,https://www.vistaequitypartners.com/wp-json/wp/v2/company|https://en.wikipedia.org/wiki/SirsiDynix,https://www.vistaequitypartners.com/company/sirsidynix/,https://en.wikipedia.org/wiki/SirsiDynix,https://www.vistaequitypartners.com/about/companies/
SmartBear,Vista Equity Partners,vista-equity,Austin,Texas,featured,no,current,,,,,official_site,https://www.vistaequitypartners.com/wp-json/wp/v2/company,https://www.vistaequitypartners.com/company/smartbear/,,https://www.vistaequitypartners.com/about/companies/
Smartsheet,Vista Equity Partners,vista-equity,Austin,Texas,featured,no,current,,,,,official_site|wikipedia,https://www.vistaequitypartners.com/wp-json/wp/v2/company|https://en.wikipedia.org/wiki/Smartsheet_Inc.,https://www.vistaequitypartners.com/company/smartsheet/,https://en.wikipedia.org/wiki/Smartsheet_Inc.,https://www.vistaequitypartners.com/about/companies/
Solera,Vista Equity Partners,vista-equity,Austin,Texas,featured,no,current,,,,,official_site,https://www.vistaequitypartners.com/wp-json/wp/v2/company,https://www.vistaequitypartners.com/company/solera/,,https://www.vistaequitypartners.com/about/companies/
Sonatype,Vista Equity Partners,vista-equity,Austin,Texas,featured,no,current,,,,,official_site,https://www.vistaequitypartners.com/wp-json/wp/v2/company,https://www.vistaequitypartners.com/company/sonatype/,,https://www.vistaequitypartners.com/about/companies/
SourceNet Solutions,Vista Equity Partners,vista-equity,Austin,Texas,featured,no,current,,,,,official_site,https://www.vistaequitypartners.com/wp-json/wp/v2/company,https://www.vistaequitypartners.com/company/sourcenet-solutions/,,https://www.vistaequitypartners.com/about/companies/
Sovos Compliance,Vista Equity Partners,vista-equity,Austin,Texas,featured,no,current,,,,,official_site,https://www.vistaequitypartners.com/wp-json/wp/v2/company,https://www.vistaequitypartners.com/company/sovos-compliance/,,https://www.vistaequitypartners.com/about/companies/
SRC Software,Vista Equity Partners,vista-equity,Austin,Texas,featured,no,current,,,,,official_site,https://www.vistaequitypartners.com/wp-json/wp/v2/company,https://www.vistaequitypartners.com/company/src-software/,,https://www.vistaequitypartners.com/about/companies/
StarRez,Vista Equity Partners,vista-equity,Austin,Texas,featured,no,current,,,,,official_site,https://www.vistaequitypartners.com/wp-json/wp/v2/company,https://www.vistaequitypartners.com/company/starrez/,,https://www.vistaequitypartners.com/about/companies/
Stats Perform,Vista Equity Partners,vista-equity,Austin,Texas,featured,no,current,,,,,official_site|wikipedia,https://www.vistaequitypartners.com/wp-json/wp/v2/company|https://en.wikipedia.org/wiki/Stats_Perform,https://www.vistaequitypartners.com/company/stats-perform/,https://en.wikipedia.org/wiki/Stats_Perform,https://www.vistaequitypartners.com/about/companies/
SumTotal,Vista Equity Partners,vista-equity,Austin,Texas,featured,no,current,,,,,official_site,https://www.vistaequitypartners.com/wp-json/wp/v2/company,https://www.vistaequitypartners.com/company/sumtotal-systems/,,https://www.vistaequitypartners.com/about/companies/
Sunquest Information Systems,Vista Equity Partners,vista-equity,Austin,Texas,featured,no,current,,,,,official_site|wikipedia,https://www.vistaequitypartners.com/wp-json/wp/v2/company|https://en.wikipedia.org/wiki/Sunquest_Information_Systems,https://www.vistaequitypartners.com/company/sunquest-information-systems/,https://en.wikipedia.org/wiki/Sunquest_Information_Systems,https://www.vistaequitypartners.com/about/companies/
Surgical Information Systems,Vista Equity Partners,vista-equity,Austin,Texas,featured,no,current,,,,,official_site,https://www.vistaequitypartners.com/wp-json/wp/v2/company,https://www.vistaequitypartners.com/company/surgical-information-systems/,,https://www.vistaequitypartners.com/about/companies/
TigerConnect,Vista Equity Partners,vista-equity,Austin,Texas,featured,no,current,,,,,official_site,https://www.vistaequitypartners.com/wp-json/wp/v2/company,https://www.vistaequitypartners.com/company/tigerconnect/,,https://www.vistaequitypartners.com/about/companies/
Tomia,Vista Equity Partners,vista-equity,Austin,Texas,featured,no,current,,,,,official_site,https://www.vistaequitypartners.com/wp-json/wp/v2/company,https://www.vistaequitypartners.com/company/tomia/,,https://www.vistaequitypartners.com/about/companies/
TransFirst,Vista Equity Partners,vista-equity,Austin,Texas,featured,no,current,,,,,official_site,https://www.vistaequitypartners.com/wp-json/wp/v2/company,https://www.vistaequitypartners.com/company/transfirst/,,https://www.vistaequitypartners.com/about/companies/
TRG Screen,Vista Equity Partners,vista-equity,Austin,Texas,featured,no,current,,,,,official_site,https://www.vistaequitypartners.com/wp-json/wp/v2/company,https://www.vistaequitypartners.com/company/trg-screen/,,https://www.vistaequitypartners.com/about/companies/
Tribute Technology,Vista Equity Partners,vista-equity,Austin,Texas,featured,no,current,,,,,official_site,https://www.vistaequitypartners.com/wp-json/wp/v2/company,https://www.vistaequitypartners.com/company/tribute-technology/,,https://www.vistaequitypartners.com/about/companies/
Trintech,Vista Equity Partners,vista-equity,Austin,Texas,featured,no,current,,,,,official_site,https://www.vistaequitypartners.com/wp-json/wp/v2/company,https://www.vistaequitypartners.com/company/trintech/,,https://www.vistaequitypartners.com/about/companies/
TripleLift,Vista Equity Partners,vista-equity,Austin,Texas,featured,no,current,,,,,official_site,https://www.vistaequitypartners.com/wp-json/wp/v2/company,https://www.vistaequitypartners.com/company/triplelift/,,https://www.vistaequitypartners.com/about/companies/
Tripleseat,Vista Equity Partners,vista-equity,Austin,Texas,featured,no,current,,,,,official_site,https://www.vistaequitypartners.com/wp-json/wp/v2/company,https://www.vistaequitypartners.com/company/tripleseat/,,https://www.vistaequitypartners.com/about/companies/
Upserve,Vista Equity Partners,vista-equity,Austin,Texas,featured,no,current,,,,,official_site,https://www.vistaequitypartners.com/wp-json/wp/v2/company,https://www.vistaequitypartners.com/company/upserve/,,https://www.vistaequitypartners.com/about/companies/
Upside,Vista Equity Partners,vista-equity,Austin,Texas,featured,no,current,,,,,official_site,https://www.vistaequitypartners.com/wp-json/wp/v2/company,https://www.vistaequitypartners.com/company/upside/,,https://www.vistaequitypartners.com/about/companies/
Vena Solutions,Vista Equity Partners,vista-equity,Austin,Texas,featured,no,current,,,,,official_site,https://www.vistaequitypartners.com/wp-json/wp/v2/company,https://www.vistaequitypartners.com/company/vena-solutions/,,https://www.vistaequitypartners.com/about/companies/
Ventyx,Vista Equity Partners,vista-equity,Austin,Texas,featured,no,current,,,,,official_site,https://www.vistaequitypartners.com/wp-json/wp/v2/company,https://www.vistaequitypartners.com/company/ventyx/,,https://www.vistaequitypartners.com/about/companies/
Vertafore,Vista Equity Partners,vista-equity,Austin,Texas,featured,no,current,,,,,official_site,https://www.vistaequitypartners.com/wp-json/wp/v2/company,https://www.vistaequitypartners.com/company/vertafore/,,https://www.vistaequitypartners.com/about/companies/
Vivid Seats,Vista Equity Partners,vista-equity,Austin,Texas,featured,no,current,,,,,official_site,https://www.vistaequitypartners.com/wp-json/wp/v2/company,https://www.vistaequitypartners.com/company/vivid-seats/,,https://www.vistaequitypartners.com/about/companies/
Websense,Vista Equity Partners,vista-equity,Austin,Texas,featured,no,current,,,,,official_site,https://www.vistaequitypartners.com/wp-json/wp/v2/company,https://www.vistaequitypartners.com/company/websense/,,https://www.vistaequitypartners.com/about/companies/
WorkTango,Vista Equity Partners,vista-equity,Austin,Texas,featured,no,current,,,,,official_site,https://www.vistaequitypartners.com/wp-json/wp/v2/company,https://www.vistaequitypartners.com/company/worktango/,,https://www.vistaequitypartners.com/about/companies/
Wrike,Vista Equity Partners,vista-equity,Austin,Texas,featured,no,current,,,,,official_site|wikipedia,https://www.vistaequitypartners.com/wp-json/wp/v2/company|https://en.wikipedia.org/wiki/Wrike,https://www.vistaequitypartners.com/company/wrike/,https://en.wikipedia.org/wiki/Wrike,https://www.vistaequitypartners.com/about/companies/
Xactly,Vista Equity Partners,vista-equity,Austin,Texas,featured,no,current,,,,,official_site,https://www.vistaequitypartners.com/wp-json/wp/v2/company,https://www.vistaequitypartners.com/company/xactly/,,https://www.vistaequitypartners.com/about/companies/
Zapproved,Vista Equity Partners,vista-equity,Austin,Texas,featured,no,current,,,,,official_site,https://www.vistaequitypartners.com/wp-json/wp/v2/company,https://www.vistaequitypartners.com/company/zapproved/,,https://www.vistaequitypartners.com/about/companies/
Zego,Vista Equity Partners,vista-equity,Austin,Texas,featured,no,current,,,,,official_site,https://www.vistaequitypartners.com/wp-json/wp/v2/company,https://www.vistaequitypartners.com/company/zego/,,https://www.vistaequitypartners.com/about/companies/
Zywave,Vista Equity Partners,vista-equity,Austin,Texas,featured,no,current,,,,,official_site|wikipedia,https://www.vistaequitypartners.com/wp-json/wp/v2/company|https://en.wikipedia.org/wiki/Zywave,https://www.vistaequitypartners.com/company/zywave/,https://en.wikipedia.org/wiki/Zywave,https://www.vistaequitypartners.com/about/companies/
365 Retail Markets,Providence Equity Partners,providence-equity,Providence,Boston area,featured,yes,current,,,,,official_site,https://www.provequity.com/portfolio,,,https://www.provequity.com/portfolio
A2MAC1,Providence Equity Partners,providence-equity,Providence,Boston area,featured,yes,current,,,,,official_site,https://www.provequity.com/portfolio,,,https://www.provequity.com/portfolio
Accelerate Learning,Providence Equity Partners,providence-equity,Providence,Boston area,featured,yes,current,,,,,official_site,https://www.provequity.com/portfolio,,,https://www.provequity.com/portfolio
Airties,Providence Equity Partners,providence-equity,Providence,Boston area,featured,yes,current,,,,,official_site,https://www.provequity.com/portfolio,,,https://www.provequity.com/portfolio
Alphatax,Providence Equity Partners,providence-equity,Providence,Boston area,featured,yes,current,,,,,official_site,https://www.provequity.com/portfolio,,,https://www.provequity.com/portfolio
Brandt,Providence Equity Partners,providence-equity,Providence,Boston area,featured,yes,current,,,,,official_site,https://www.provequity.com/portfolio,,,https://www.provequity.com/portfolio
d&b,Providence Equity Partners,providence-equity,Providence,Boston area,featured,yes,current,,,,,official_site,https://www.provequity.com/portfolio,,,https://www.provequity.com/portfolio
Everway,Providence Equity Partners,providence-equity,Providence,Boston area,featured,yes,current,,,,,official_site,https://www.provequity.com/portfolio,,,https://www.provequity.com/portfolio
Hyve,Providence Equity Partners,providence-equity,Providence,Boston area,featured,yes,current,,,,,official_site,https://www.provequity.com/portfolio,,,https://www.provequity.com/portfolio
La Centrale,Providence Equity Partners,providence-equity,Providence,Boston area,featured,yes,current,,,,,official_site,https://www.provequity.com/portfolio,,,https://www.provequity.com/portfolio
Marlink,Providence Equity Partners,providence-equity,Providence,Boston area,featured,yes,current,,,,,official_site,https://www.provequity.com/portfolio,,,https://www.provequity.com/portfolio
Mediawan,Providence Equity Partners,providence-equity,Providence,Boston area,featured,yes,current,,,,,official_site,https://www.provequity.com/portfolio,,,https://www.provequity.com/portfolio
Modern Campus,Providence Equity Partners,providence-equity,Providence,Boston area,featured,yes,current,,,,,official_site,https://www.provequity.com/portfolio,,,https://www.provequity.com/portfolio
Node4,Providence Equity Partners,providence-equity,Providence,Boston area,featured,yes,current,,,,,official_site,https://www.provequity.com/portfolio,,,https://www.provequity.com/portfolio
Outfront Media,Providence Equity Partners,providence-equity,Providence,Boston area,featured,yes,current,,,,,official_site,https://www.provequity.com/portfolio,,,https://www.provequity.com/portfolio
Populous,Providence Equity Partners,providence-equity,Providence,Boston area,featured,yes,current,,,,,official_site,https://www.provequity.com/portfolio,,,https://www.provequity.com/portfolio
Rock-It,Providence Equity Partners,providence-equity,Providence,Boston area,featured,yes,current,,,,,official_site,https://www.provequity.com/portfolio,,,https://www.provequity.com/portfolio
SCG,Providence Equity Partners,providence-equity,Providence,Boston area,featured,yes,current,,,,,official_site,https://www.provequity.com/portfolio,,,https://www.provequity.com/portfolio
Seesaw,Providence Equity Partners,providence-equity,Providence,Boston area,featured,yes,current,,,,,official_site|geig_article,https://www.provequity.com/portfolio|https://growthequityinterviewguide.com/private-equity/private-equity-primer/technology-private-equity-firms,,,https://www.provequity.com/portfolio
Smartly,Providence Equity Partners,providence-equity,Providence,Boston area,featured,yes,current,,,,,official_site,https://www.provequity.com/portfolio,,,https://www.provequity.com/portfolio
Sweetwater,Providence Equity Partners,providence-equity,Providence,Boston area,featured,yes,current,,,,,official_site,https://www.provequity.com/portfolio,,,https://www.provequity.com/portfolio
Tenstreet,Providence Equity Partners,providence-equity,Providence,Boston area,featured,yes,current,,,,,official_site|geig_article,https://www.provequity.com/portfolio|https://growthequityinterviewguide.com/private-equity/private-equity-primer/technology-private-equity-firms,,,https://www.provequity.com/portfolio
THE·TEAM,Providence Equity Partners,providence-equity,Providence,Boston area,featured,yes,current,,,,,official_site,https://www.provequity.com/portfolio,,,https://www.provequity.com/portfolio
VivaGym,Providence Equity Partners,providence-equity,Providence,Boston area,featured,yes,current,,,,,official_site,https://www.provequity.com/portfolio,,,https://www.provequity.com/portfolio
ABS,Permira,permira,London,London,featured,yes,current,,,,,official_site,https://www.permira.com/portfolio/our-portfolio,,,https://www.permira.com/portfolio/our-portfolio
Acuity Analytics,Permira,permira,London,London,featured,yes,current,,,,,official_site,https://www.permira.com/portfolio/our-portfolio,,,https://www.permira.com/portfolio/our-portfolio
Adevinta,Permira,permira,London,London,featured,yes,current,,,,,official_site,https://www.permira.com/portfolio/our-portfolio,,,https://www.permira.com/portfolio/our-portfolio
Allegro Group,Permira,permira,London,London,featured,yes,current,,,,,official_site,https://www.permira.com/portfolio/our-portfolio,,,https://www.permira.com/portfolio/our-portfolio
AllTrails,Permira,permira,London,London,featured,yes,current,,,,,official_site,https://www.permira.com/portfolio/our-portfolio,,,https://www.permira.com/portfolio/our-portfolio
AltamarCAM,Permira,permira,London,London,featured,yes,current,,,,,official_site,https://www.permira.com/portfolio/our-portfolio,,,https://www.permira.com/portfolio/our-portfolio
Alter Domus,Permira,permira,London,London,featured,yes,current,,,,,official_site,https://www.permira.com/portfolio/our-portfolio,,,https://www.permira.com/portfolio/our-portfolio
Althea,Permira,permira,London,London,featured,yes,current,,,,,official_site,https://www.permira.com/portfolio/our-portfolio,,,https://www.permira.com/portfolio/our-portfolio
Ancestry,Permira,permira,London,London,featured,yes,current,,,,,official_site,https://www.permira.com/portfolio/our-portfolio,,,https://www.permira.com/portfolio/our-portfolio
Arcaplanet,Permira,permira,London,London,featured,yes,current,,,,,official_site,https://www.permira.com/portfolio/our-portfolio,,,https://www.permira.com/portfolio/our-portfolio
Atrium,Permira,permira,London,London,featured,yes,current,,,,,official_site,https://www.permira.com/portfolio/our-portfolio,,,https://www.permira.com/portfolio/our-portfolio
Axiom,Permira,permira,London,London,featured,yes,current,,,,,official_site,https://www.permira.com/portfolio/our-portfolio,,,https://www.permira.com/portfolio/our-portfolio
BESTSECRET,Permira,permira,London,London,featured,yes,current,,,,,official_site,https://www.permira.com/portfolio/our-portfolio,,,https://www.permira.com/portfolio/our-portfolio
BFY Brands,Permira,permira,London,London,featured,yes,current,,,,,official_site,https://www.permira.com/portfolio/our-portfolio,,,https://www.permira.com/portfolio/our-portfolio
BioCatch,Permira,permira,London,London,featured,yes,current,,,,,official_site,https://www.permira.com/portfolio/our-portfolio,,,https://www.permira.com/portfolio/our-portfolio
Boats Group,Permira,permira,London,London,featured,yes,current,,,,,official_site|wikipedia,https://www.permira.com/portfolio/our-portfolio|https://en.wikipedia.org/wiki/Boats_Group,https://en.wikipedia.org/wiki/Boats_Group,https://en.wikipedia.org/wiki/Boats_Group,https://www.permira.com/portfolio/our-portfolio
CABB,Permira,permira,London,London,featured,yes,current,,,,,official_site,https://www.permira.com/portfolio/our-portfolio,,,https://www.permira.com/portfolio/our-portfolio
Cambrex,Permira,permira,London,London,featured,yes,current,,,,,official_site,https://www.permira.com/portfolio/our-portfolio,,,https://www.permira.com/portfolio/our-portfolio
Carta,Permira,permira,London,London,featured,yes,current,,,,,official_site,https://www.permira.com/portfolio/our-portfolio,,,https://www.permira.com/portfolio/our-portfolio
Catawiki,Permira,permira,London,London,featured,yes,current,,,,,official_site,https://www.permira.com/portfolio/our-portfolio,,,https://www.permira.com/portfolio/our-portfolio
Anuvu,Platinum Equity,platinum-equity,Beverly Hills,Los Angeles,featured,yes,current,,,,,official_site,https://www.platinumequity.com/our-companies/,,,https://www.platinumequity.com/our-companies/
Arrow International,Platinum Equity,platinum-equity,Beverly Hills,Los Angeles,featured,yes,current,,,,,official_site,https://www.platinumequity.com/our-companies/,,,https://www.platinumequity.com/our-companies/
ASP Global,Platinum Equity,platinum-equity,Beverly Hills,Los Angeles,featured,yes,current,,,,,official_site,https://www.platinumequity.com/our-companies/,,,https://www.platinumequity.com/our-companies/
Awaze,Platinum Equity,platinum-equity,Beverly Hills,Los Angeles,featured,yes,current,,,,,official_site,https://www.platinumequity.com/our-companies/,,,https://www.platinumequity.com/our-companies/
Biscuit International,Platinum Equity,platinum-equity,Beverly Hills,Los Angeles,featured,yes,current,,,,,official_site,https://www.platinumequity.com/our-companies/,,,https://www.platinumequity.com/our-companies/
BlueCrest,Platinum Equity,platinum-equity,Beverly Hills,Los Angeles,featured,yes,current,,,,,official_site,https://www.platinumequity.com/our-companies/,,,https://www.platinumequity.com/our-companies/
Cabinetworks,Platinum Equity,platinum-equity,Beverly Hills,Los Angeles,featured,yes,current,,,,,official_site,https://www.platinumequity.com/our-companies/,,,https://www.platinumequity.com/our-companies/
Calderys,Platinum Equity,platinum-equity,Beverly Hills,Los Angeles,featured,yes,current,,,,,official_site,https://www.platinumequity.com/our-companies/,,,https://www.platinumequity.com/our-companies/
CBX Solutions,Platinum Equity,platinum-equity,Beverly Hills,Los Angeles,featured,yes,current,,,,,official_site,https://www.platinumequity.com/our-companies/,,,https://www.platinumequity.com/our-companies/
Centerfield,Platinum Equity,platinum-equity,Beverly Hills,Los Angeles,featured,yes,current,,,,,official_site,https://www.platinumequity.com/our-companies/,,,https://www.platinumequity.com/our-companies/
Cision,Platinum Equity,platinum-equity,Beverly Hills,Los Angeles,featured,yes,current,,,,,official_site,https://www.platinumequity.com/our-companies/,,,https://www.platinumequity.com/our-companies/
Club Car,Platinum Equity,platinum-equity,Beverly Hills,Los Angeles,featured,yes,current,,,,,official_site,https://www.platinumequity.com/our-companies/,,,https://www.platinumequity.com/our-companies/
Custom Truck One Source,Platinum Equity,platinum-equity,Beverly Hills,Los Angeles,featured,yes,current,,,,,official_site,https://www.platinumequity.com/our-companies/,,,https://www.platinumequity.com/our-companies/
Czarnowski Collective,Platinum Equity,platinum-equity,Beverly Hills,Los Angeles,featured,yes,current,,,,,official_site,https://www.platinumequity.com/our-companies/,,,https://www.platinumequity.com/our-companies/
DCA Services,Platinum Equity,platinum-equity,Beverly Hills,Los Angeles,featured,yes,current,,,,,official_site,https://www.platinumequity.com/our-companies/,,,https://www.platinumequity.com/our-companies/
De Wave Group,Platinum Equity,platinum-equity,Beverly Hills,Los Angeles,featured,yes,current,,,,,official_site,https://www.platinumequity.com/our-companies/,,,https://www.platinumequity.com/our-companies/
Deluxe,Platinum Equity,platinum-equity,Beverly Hills,Los Angeles,featured,yes,current,,,,,official_site,https://www.platinumequity.com/our-companies/,,,https://www.platinumequity.com/our-companies/
E&A Scheer,Platinum Equity,platinum-equity,Beverly Hills,Los Angeles,featured,yes,current,,,,,official_site,https://www.platinumequity.com/our-companies/,,,https://www.platinumequity.com/our-companies/
Electro Rent,Platinum Equity,platinum-equity,Beverly Hills,Los Angeles,featured,yes,current,,,,,official_site,https://www.platinumequity.com/our-companies/,,,https://www.platinumequity.com/our-companies/
Fantini Group,Platinum Equity,platinum-equity,Beverly Hills,Los Angeles,featured,yes,current,,,,,official_site,https://www.platinumequity.com/our-companies/,,,https://www.platinumequity.com/our-companies/
