account_name,pe_firm,pe_firm_id,pe_hq_city,pe_hq_region,pe_list_role,pe_multi_sector,investment_status,description,region,strategy,website,sources,source_urls,company_url,wikipedia_url,firm_portfolio_url
A Place for Mom,Silver Lake,silver-lake,San Mateo,San Francisco Bay Area,featured,no,current,,,,,official_site,https://www.silverlake.com/wp-json/wp/v2/portfolio,https://www.silverlake.com/portfolio/a-place-for-mom/,,https://www.silverlake.com/portfolio/
A-League Men,Silver Lake,silver-lake,San Mateo,San Francisco Bay Area,featured,no,unknown,,,,,wikipedia,https://en.wikipedia.org/wiki/A-League_Men,https://en.wikipedia.org/wiki/A-League_Men,https://en.wikipedia.org/wiki/A-League_Men,https://www.silverlake.com/portfolio/
A-League Women,Silver Lake,silver-lake,San Mateo,San Francisco Bay Area,featured,no,unknown,,,,,wikipedia,https://en.wikipedia.org/wiki/A-League_Women,https://en.wikipedia.org/wiki/A-League_Women,https://en.wikipedia.org/wiki/A-League_Women,https://www.silverlake.com/portfolio/
Achievers,Silver Lake,silver-lake,San Mateo,San Francisco Bay Area,featured,no,current,,,,,official_site,https://www.silverlake.com/wp-json/wp/v2/portfolio,https://www.silverlake.com/portfolio/achievers/,,https://www.silverlake.com/portfolio/
Airbnb,Silver Lake,silver-lake,San Mateo,San Francisco Bay Area,featured,no,current,,,,,official_site|wikipedia|geig_article,https://www.silverlake.com/wp-json/wp/v2/portfolio|https://en.wikipedia.org/wiki/Airbnb|https://growthequityinterviewguide.com/private-equity/private-equity-primer/technology-private-equity-firms,https://www.silverlake.com/portfolio/airbnb-2/,https://en.wikipedia.org/wiki/Airbnb,https://www.silverlake.com/portfolio/
Airtable,Silver Lake,silver-lake,San Mateo,San Francisco Bay Area,featured,no,current,,,,,official_site,https://www.silverlake.com/wp-json/wp/v2/portfolio,https://www.silverlake.com/portfolio/airtable/,,https://www.silverlake.com/portfolio/
Alchemy,Silver Lake,silver-lake,San Mateo,San Francisco Bay Area,featured,no,current,,,,,official_site,https://www.silverlake.com/wp-json/wp/v2/portfolio,https://www.silverlake.com/portfolio/alchemy/,,https://www.silverlake.com/portfolio/
Alibaba Group,Silver Lake,silver-lake,San Mateo,San Francisco Bay Area,featured,no,current,,,,,official_site|wikipedia,https://www.silverlake.com/wp-json/wp/v2/portfolio|https://en.wikipedia.org/wiki/Alibaba_Group,https://www.silverlake.com/portfolio/alibaba-group/,https://en.wikipedia.org/wiki/Alibaba_Group,https://www.silverlake.com/portfolio/
Allyes,Silver Lake,silver-lake,San Mateo,San Francisco Bay Area,featured,no,current,,,,,official_site,https://www.silverlake.com/wp-json/wp/v2/portfolio,https://www.silverlake.com/portfolio/allyes/,,https://www.silverlake.com/portfolio/
Altera,Silver Lake,silver-lake,San Mateo,San Francisco Bay Area,featured,no,current,,,,,official_site|wikipedia,https://www.silverlake.com/wp-json/wp/v2/portfolio|https://en.wikipedia.org/wiki/Altera,https://www.silverlake.com/portfolio/altera/,https://en.wikipedia.org/wiki/Altera,https://www.silverlake.com/portfolio/
AMC,Silver Lake,silver-lake,San Mateo,San Francisco Bay Area,featured,no,current,,,,,official_site,https://www.silverlake.com/wp-json/wp/v2/portfolio,https://www.silverlake.com/portfolio/amc/,,https://www.silverlake.com/portfolio/
AMC Theatres,Silver Lake,silver-lake,San Mateo,San Francisco Bay Area,featured,no,unknown,,,,,wikipedia,https://en.wikipedia.org/wiki/AMC_Theatres,https://en.wikipedia.org/wiki/AMC_Theatres,https://en.wikipedia.org/wiki/AMC_Theatres,https://www.silverlake.com/portfolio/
Ancestry,Silver Lake,silver-lake,San Mateo,San Francisco Bay Area,featured,no,current,,,,,official_site,https://www.silverlake.com/wp-json/wp/v2/portfolio,https://www.silverlake.com/portfolio/ancestry/,,https://www.silverlake.com/portfolio/
Ant Group,Silver Lake,silver-lake,San Mateo,San Francisco Bay Area,featured,no,current,,,,,official_site|wikipedia|geig_article,https://www.silverlake.com/wp-json/wp/v2/portfolio|https://en.wikipedia.org/wiki/Ant_Group|https://growthequityinterviewguide.com/private-equity/private-equity-primer/technology-private-equity-firms,https://www.silverlake.com/portfolio/ant-group/,https://en.wikipedia.org/wiki/Ant_Group,https://www.silverlake.com/portfolio/
Aras,Silver Lake,silver-lake,San Mateo,San Francisco Bay Area,featured,no,current,,,,,official_site,https://www.silverlake.com/wp-json/wp/v2/portfolio,https://www.silverlake.com/portfolio/aras/,,https://www.silverlake.com/portfolio/
Australian Professional Leagues,Silver Lake,silver-lake,San Mateo,San Francisco Bay Area,featured,no,current,,,,,official_site,https://www.silverlake.com/wp-json/wp/v2/portfolio,https://www.silverlake.com/portfolio/australian-professional-leagues/,,https://www.silverlake.com/portfolio/
Avago,Silver Lake,silver-lake,San Mateo,San Francisco Bay Area,featured,no,current,,,,,official_site,https://www.silverlake.com/wp-json/wp/v2/portfolio,https://www.silverlake.com/portfolio/avago/,,https://www.silverlake.com/portfolio/
Avaya,Silver Lake,silver-lake,San Mateo,San Francisco Bay Area,featured,no,current,,,,,official_site,https://www.silverlake.com/wp-json/wp/v2/portfolio,https://www.silverlake.com/portfolio/avaya/,,https://www.silverlake.com/portfolio/
AVI-SPL,Silver Lake,silver-lake,San Mateo,San Francisco Bay Area,featured,no,current,,,,,official_site,https://www.silverlake.com/wp-json/wp/v2/portfolio,https://www.silverlake.com/portfolio/avi-spl/,,https://www.silverlake.com/portfolio/
Blackhawk Network,Silver Lake,silver-lake,San Mateo,San Francisco Bay Area,featured,no,current,,,,,official_site,https://www.silverlake.com/wp-json/wp/v2/portfolio,https://www.silverlake.com/portfolio/blackhawk-network/,,https://www.silverlake.com/portfolio/
Blackhawk Network Holdings,Silver Lake,silver-lake,San Mateo,San Francisco Bay Area,featured,no,unknown,,,,,wikipedia,https://en.wikipedia.org/wiki/Blackhawk_Network_Holdings,https://en.wikipedia.org/wiki/Blackhawk_Network_Holdings,https://en.wikipedia.org/wiki/Blackhawk_Network_Holdings,https://www.silverlake.com/portfolio/
BlackLine,Silver Lake,silver-lake,San Mateo,San Francisco Bay Area,featured,no,current,,,,,official_site,https://www.silverlake.com/wp-json/wp/v2/portfolio,https://www.silverlake.com/portfolio/blackline/,,https://www.silverlake.com/portfolio/
Blue Danube System,Silver Lake,silver-lake,San Mateo,San Francisco Bay Area,featured,no,current,,,,,official_site,https://www.silverlake.com/wp-json/wp/v2/portfolio,https://www.silverlake.com/portfolio/blue-danube-system/,,https://www.silverlake.com/portfolio/
Broadcom,Silver Lake,silver-lake,San Mateo,San Francisco Bay Area,featured,no,current,,,,,official_site,https://www.silverlake.com/wp-json/wp/v2/portfolio,https://www.silverlake.com/portfolio/broadcom/,,https://www.silverlake.com/portfolio/
BYJU's,Silver Lake,silver-lake,San Mateo,San Francisco Bay Area,featured,no,unknown,,,,,geig_article,https://growthequityinterviewguide.com/private-equity/private-equity-primer/technology-private-equity-firms,,,https://www.silverlake.com/portfolio/
Byju’s,Silver Lake,silver-lake,San Mateo,San Francisco Bay Area,featured,no,current,,,,,official_site,https://www.silverlake.com/wp-json/wp/v2/portfolio,https://www.silverlake.com/portfolio/byjus/,,https://www.silverlake.com/portfolio/
Carbon,Silver Lake,silver-lake,San Mateo,San Francisco Bay Area,featured,no,current,,,,,official_site,https://www.silverlake.com/wp-json/wp/v2/portfolio,https://www.silverlake.com/portfolio/carbon/,,https://www.silverlake.com/portfolio/
Caris Life Sciences,Silver Lake,silver-lake,San Mateo,San Francisco Bay Area,featured,no,current,,,,,official_site,https://www.silverlake.com/wp-json/wp/v2/portfolio,https://www.silverlake.com/portfolio/caris-life-sciences/,,https://www.silverlake.com/portfolio/
Carta,Silver Lake,silver-lake,San Mateo,San Francisco Bay Area,featured,no,current,,,,,official_site,https://www.silverlake.com/wp-json/wp/v2/portfolio,https://www.silverlake.com/portfolio/carta/,,https://www.silverlake.com/portfolio/
Casago,Silver Lake,silver-lake,San Mateo,San Francisco Bay Area,featured,no,current,,,,,official_site,https://www.silverlake.com/wp-json/wp/v2/portfolio,https://www.silverlake.com/portfolio/vacasa/,,https://www.silverlake.com/portfolio/
Cast & Crew,Silver Lake,silver-lake,San Mateo,San Francisco Bay Area,featured,no,current,,,,,official_site,https://www.silverlake.com/wp-json/wp/v2/portfolio,https://www.silverlake.com/portfolio/cast-crew/,,https://www.silverlake.com/portfolio/
CDW,Silver Lake,silver-lake,San Mateo,San Francisco Bay Area,featured,no,current,,,,,official_site,https://www.silverlake.com/wp-json/wp/v2/portfolio,https://www.silverlake.com/portfolio/cdw/,,https://www.silverlake.com/portfolio/
Cegid,Silver Lake,silver-lake,San Mateo,San Francisco Bay Area,featured,no,current,,,,,official_site,https://www.silverlake.com/wp-json/wp/v2/portfolio,https://www.silverlake.com/portfolio/cegid/,,https://www.silverlake.com/portfolio/
Celonis,Silver Lake,silver-lake,San Mateo,San Francisco Bay Area,featured,no,current,,,,,official_site,https://www.silverlake.com/wp-json/wp/v2/portfolio,https://www.silverlake.com/portfolio/celonis/,,https://www.silverlake.com/portfolio/
Chaotic Moon Studios,Silver Lake,silver-lake,San Mateo,San Francisco Bay Area,featured,no,unknown,,,,,wikipedia,https://en.wikipedia.org/wiki/Chaotic_Moon_Studios,https://en.wikipedia.org/wiki/Chaotic_Moon_Studios,https://en.wikipedia.org/wiki/Chaotic_Moon_Studios,https://www.silverlake.com/portfolio/
City Football Group,Silver Lake,silver-lake,San Mateo,San Francisco Bay Area,featured,no,current,,,,,official_site|wikipedia,https://www.silverlake.com/wp-json/wp/v2/portfolio|https://en.wikipedia.org/wiki/City_Football_Group,https://www.silverlake.com/portfolio/city-football-group/,https://en.wikipedia.org/wiki/City_Football_Group,https://www.silverlake.com/portfolio/
Clari/Salesloft,Silver Lake,silver-lake,San Mateo,San Francisco Bay Area,featured,no,current,,,,,official_site,https://www.silverlake.com/wp-json/wp/v2/portfolio,https://www.silverlake.com/portfolio/clari/,,https://www.silverlake.com/portfolio/
Con-Pearl,Silver Lake,silver-lake,San Mateo,San Francisco Bay Area,featured,no,current,,,,,official_site,https://www.silverlake.com/wp-json/wp/v2/portfolio,https://www.silverlake.com/portfolio/con-pearl/,,https://www.silverlake.com/portfolio/
Convenience Bee,Silver Lake,silver-lake,San Mateo,San Francisco Bay Area,featured,no,current,,,,,official_site,https://www.silverlake.com/wp-json/wp/v2/portfolio,https://www.silverlake.com/portfolio/convenience-bee/,,https://www.silverlake.com/portfolio/
Cornerstone,Silver Lake,silver-lake,San Mateo,San Francisco Bay Area,featured,no,current,,,,,official_site,https://www.silverlake.com/wp-json/wp/v2/portfolio,https://www.silverlake.com/portfolio/cornerstone/,,https://www.silverlake.com/portfolio/
Cornerstone OnDemand,Silver Lake,silver-lake,San Mateo,San Francisco Bay Area,featured,no,unknown,,,,,wikipedia,https://en.wikipedia.org/wiki/Cornerstone_OnDemand,https://en.wikipedia.org/wiki/Cornerstone_OnDemand,https://en.wikipedia.org/wiki/Cornerstone_OnDemand,https://www.silverlake.com/portfolio/
Credit Karma,Silver Lake,silver-lake,San Mateo,San Francisco Bay Area,featured,no,current,,,,,official_site|wikipedia,https://www.silverlake.com/wp-json/wp/v2/portfolio|https://en.wikipedia.org/wiki/Credit_Karma,https://www.silverlake.com/portfolio/credit-karma/,https://en.wikipedia.org/wiki/Credit_Karma,https://www.silverlake.com/portfolio/
Crystal Decisions / Business Objects,Silver Lake,silver-lake,San Mateo,San Francisco Bay Area,featured,no,current,,,,,official_site,https://www.silverlake.com/wp-json/wp/v2/portfolio,https://www.silverlake.com/portfolio/crystal-decisions-business-objects/,,https://www.silverlake.com/portfolio/
Ctrip,Silver Lake,silver-lake,San Mateo,San Francisco Bay Area,featured,no,current,,,,,official_site,https://www.silverlake.com/wp-json/wp/v2/portfolio,https://www.silverlake.com/portfolio/ctrip/,,https://www.silverlake.com/portfolio/
Datek Online / Ameritrade,Silver Lake,silver-lake,San Mateo,San Francisco Bay Area,featured,no,current,,,,,official_site,https://www.silverlake.com/wp-json/wp/v2/portfolio,https://www.silverlake.com/portfolio/datek-online-ameritrade/,,https://www.silverlake.com/portfolio/
Dell,Silver Lake,silver-lake,San Mateo,San Francisco Bay Area,featured,no,unknown,,,,,wikipedia,https://en.wikipedia.org/wiki/Dell,https://en.wikipedia.org/wiki/Dell,https://en.wikipedia.org/wiki/Dell,https://www.silverlake.com/portfolio/
Dell Technologies,Silver Lake,silver-lake,San Mateo,San Francisco Bay Area,featured,no,current,,,,,official_site|wikipedia|geig_article,https://www.silverlake.com/wp-json/wp/v2/portfolio|https://en.wikipedia.org/wiki/Dell_Technologies|https://growthequityinterviewguide.com/private-equity/private-equity-primer/technology-private-equity-firms,https://www.silverlake.com/portfolio/dell-technologies/,https://en.wikipedia.org/wiki/Dell_Technologies,https://www.silverlake.com/portfolio/
Diamond Baseball Holdings,Silver Lake,silver-lake,San Mateo,San Francisco Bay Area,featured,no,current,,,,,official_site|wikipedia,https://www.silverlake.com/wp-json/wp/v2/portfolio|https://en.wikipedia.org/wiki/Diamond_Baseball_Holdings,https://www.silverlake.com/portfolio/diamond-baseball-holdings/,https://en.wikipedia.org/wiki/Diamond_Baseball_Holdings,https://www.silverlake.com/portfolio/
Didi Chuxing,Silver Lake,silver-lake,San Mateo,San Francisco Bay Area,featured,no,current,,,,,official_site,https://www.silverlake.com/wp-json/wp/v2/portfolio,https://www.silverlake.com/portfolio/didi-chuxing/,,https://www.silverlake.com/portfolio/
eConnections,Silver Lake,silver-lake,San Mateo,San Francisco Bay Area,featured,no,current,,,,,official_site,https://www.silverlake.com/wp-json/wp/v2/portfolio,https://www.silverlake.com/portfolio/econnections/,,https://www.silverlake.com/portfolio/
Eka,Silver Lake,silver-lake,San Mateo,San Francisco Bay Area,featured,no,current,,,,,official_site,https://www.silverlake.com/wp-json/wp/v2/portfolio,https://www.silverlake.com/portfolio/eka/,,https://www.silverlake.com/portfolio/
Electronic Arts,Silver Lake,silver-lake,San Mateo,San Francisco Bay Area,featured,no,current,,,,,official_site|wikipedia,https://www.silverlake.com/wp-json/wp/v2/portfolio|https://en.wikipedia.org/wiki/Electronic_Arts,https://www.silverlake.com/portfolio/electronic-arts/,https://en.wikipedia.org/wiki/Electronic_Arts,https://www.silverlake.com/portfolio/
Endeavor Group Holdings,Silver Lake,silver-lake,San Mateo,San Francisco Bay Area,featured,no,current,,,,,official_site,https://www.silverlake.com/wp-json/wp/v2/portfolio,https://www.silverlake.com/portfolio/endeavor/,,https://www.silverlake.com/portfolio/
Enterasys,Silver Lake,silver-lake,San Mateo,San Francisco Bay Area,featured,no,current,,,,,official_site,https://www.silverlake.com/wp-json/wp/v2/portfolio,https://www.silverlake.com/portfolio/enterasys/,,https://www.silverlake.com/portfolio/
Enterasys Networks,Silver Lake,silver-lake,San Mateo,San Francisco Bay Area,featured,no,unknown,,,,,wikipedia,https://en.wikipedia.org/wiki/Enterasys_Networks,https://en.wikipedia.org/wiki/Enterasys_Networks,https://en.wikipedia.org/wiki/Enterasys_Networks,https://www.silverlake.com/portfolio/
Entrata,Silver Lake,silver-lake,San Mateo,San Francisco Bay Area,featured,no,current,,,,,official_site,https://www.silverlake.com/wp-json/wp/v2/portfolio,https://www.silverlake.com/portfolio/entrata/,,https://www.silverlake.com/portfolio/
Equinox Group,Silver Lake,silver-lake,San Mateo,San Francisco Bay Area,featured,no,current,,,,,official_site,https://www.silverlake.com/wp-json/wp/v2/portfolio,https://www.silverlake.com/portfolio/equinox-group/,,https://www.silverlake.com/portfolio/
EverCommerce,Silver Lake,silver-lake,San Mateo,San Francisco Bay Area,featured,no,current,,,,,official_site,https://www.silverlake.com/wp-json/wp/v2/portfolio,https://www.silverlake.com/portfolio/evercommerce/,,https://www.silverlake.com/portfolio/
Exact,Silver Lake,silver-lake,San Mateo,San Francisco Bay Area,featured,no,current,,,,,official_site,https://www.silverlake.com/wp-json/wp/v2/portfolio,https://www.silverlake.com/portfolio/exact/,,https://www.silverlake.com/portfolio/
Expedia Group,Silver Lake,silver-lake,San Mateo,San Francisco Bay Area,featured,no,current,,,,,official_site|wikipedia,https://www.silverlake.com/wp-json/wp/v2/portfolio|https://en.wikipedia.org/wiki/Expedia_Group,https://www.silverlake.com/portfolio/expedia-group/,https://en.wikipedia.org/wiki/Expedia_Group,https://www.silverlake.com/portfolio/
Facile.it,Silver Lake,silver-lake,San Mateo,San Francisco Bay Area,featured,no,current,,,,,official_site|wikipedia,https://www.silverlake.com/wp-json/wp/v2/portfolio|https://en.wikipedia.org/wiki/Facile.it,https://www.silverlake.com/portfolio/facile-it/,https://en.wikipedia.org/wiki/Facile.it,https://www.silverlake.com/portfolio/
Fanatics,Silver Lake,silver-lake,San Mateo,San Francisco Bay Area,featured,no,current,,,,,official_site|wikipedia,https://www.silverlake.com/wp-json/wp/v2/portfolio|https://en.wikipedia.org/wiki/Fanatics%2C_Inc.,https://www.silverlake.com/portfolio/fanatics-inc/,https://en.wikipedia.org/wiki/Fanatics%2C_Inc.,https://www.silverlake.com/portfolio/
Fanatics Collectibles,Silver Lake,silver-lake,San Mateo,San Francisco Bay Area,featured,no,current,,,,,official_site,https://www.silverlake.com/wp-json/wp/v2/portfolio,https://www.silverlake.com/portfolio/fanatics-trading-cards/,,https://www.silverlake.com/portfolio/
FATHOM,Silver Lake,silver-lake,San Mateo,San Francisco Bay Area,featured,no,current,,,,,official_site,https://www.silverlake.com/wp-json/wp/v2/portfolio,https://www.silverlake.com/portfolio/fathom/,,https://www.silverlake.com/portfolio/
First Advantage,Silver Lake,silver-lake,San Mateo,San Francisco Bay Area,featured,no,current,,,,,official_site,https://www.silverlake.com/wp-json/wp/v2/portfolio,https://www.silverlake.com/portfolio/first-advantage/,,https://www.silverlake.com/portfolio/
Flextronics,Silver Lake,silver-lake,San Mateo,San Francisco Bay Area,featured,no,current,,,,,official_site,https://www.silverlake.com/wp-json/wp/v2/portfolio,https://www.silverlake.com/portfolio/flextronics/,,https://www.silverlake.com/portfolio/
Flix,Silver Lake,silver-lake,San Mateo,San Francisco Bay Area,featured,no,current,,,,,official_site,https://www.silverlake.com/wp-json/wp/v2/portfolio,https://www.silverlake.com/portfolio/flix/,,https://www.silverlake.com/portfolio/
ForeFlight,Silver Lake,silver-lake,San Mateo,San Francisco Bay Area,featured,no,current,,,,,official_site,https://www.silverlake.com/wp-json/wp/v2/portfolio,https://www.silverlake.com/portfolio/foreflight/,,https://www.silverlake.com/portfolio/
G42,Silver Lake,silver-lake,San Mateo,San Francisco Bay Area,featured,no,current,,,,,official_site,https://www.silverlake.com/wp-json/wp/v2/portfolio,https://www.silverlake.com/portfolio/group-42/,,https://www.silverlake.com/portfolio/
Gartner,Silver Lake,silver-lake,San Mateo,San Francisco Bay Area,featured,no,current,,,,,official_site,https://www.silverlake.com/wp-json/wp/v2/portfolio,https://www.silverlake.com/portfolio/gartner/,,https://www.silverlake.com/portfolio/
Gen Digital,Silver Lake,silver-lake,San Mateo,San Francisco Bay Area,featured,no,unknown,,,,,wikipedia,https://en.wikipedia.org/wiki/Gen_Digital,https://en.wikipedia.org/wiki/Gen_Digital,https://en.wikipedia.org/wiki/Gen_Digital,https://www.silverlake.com/portfolio/
Genies,Silver Lake,silver-lake,San Mateo,San Francisco Bay Area,featured,no,current,,,,,official_site,https://www.silverlake.com/wp-json/wp/v2/portfolio,https://www.silverlake.com/portfolio/genies/,,https://www.silverlake.com/portfolio/
Gerson Lehrman Group,Silver Lake,silver-lake,San Mateo,San Francisco Bay Area,featured,no,current,,,,,official_site,https://www.silverlake.com/wp-json/wp/v2/portfolio,https://www.silverlake.com/portfolio/gerson-lehrman-group/,,https://www.silverlake.com/portfolio/
Getir,Silver Lake,silver-lake,San Mateo,San Francisco Bay Area,featured,no,current,,,,,official_site,https://www.silverlake.com/wp-json/wp/v2/portfolio,https://www.silverlake.com/portfolio/getir/,,https://www.silverlake.com/portfolio/
Global Blue,Silver Lake,silver-lake,San Mateo,San Francisco Bay Area,featured,no,current,,,,,official_site|wikipedia,https://www.silverlake.com/wp-json/wp/v2/portfolio|https://en.wikipedia.org/wiki/Global_Blue,https://www.silverlake.com/portfolio/global-blue/,https://en.wikipedia.org/wiki/Global_Blue,https://www.silverlake.com/portfolio/
Global Payments,Silver Lake,silver-lake,San Mateo,San Francisco Bay Area,featured,no,current,,,,,official_site,https://www.silverlake.com/wp-json/wp/v2/portfolio,https://www.silverlake.com/portfolio/global-payments/,,https://www.silverlake.com/portfolio/
GlobalFoundries,Silver Lake,silver-lake,San Mateo,San Francisco Bay Area,featured,no,current,,,,,official_site,https://www.silverlake.com/wp-json/wp/v2/portfolio,https://www.silverlake.com/portfolio/globalfoundries/,,https://www.silverlake.com/portfolio/
GoDaddy,Silver Lake,silver-lake,San Mateo,San Francisco Bay Area,featured,no,current,,,,,official_site|wikipedia|geig_article,https://www.silverlake.com/wp-json/wp/v2/portfolio|https://en.wikipedia.org/wiki/GoDaddy|https://growthequityinterviewguide.com/private-equity/private-equity-primer/technology-private-equity-firms,https://www.silverlake.com/portfolio/godaddy/,https://en.wikipedia.org/wiki/GoDaddy,https://www.silverlake.com/portfolio/
GoodRx,Silver Lake,silver-lake,San Mateo,San Francisco Bay Area,featured,no,current,,,,,official_site|wikipedia,https://www.silverlake.com/wp-json/wp/v2/portfolio|https://en.wikipedia.org/wiki/GoodRx,https://www.silverlake.com/portfolio/goodrx/,https://en.wikipedia.org/wiki/GoodRx,https://www.silverlake.com/portfolio/
Groupe Meilleurtaux,Silver Lake,silver-lake,San Mateo,San Francisco Bay Area,featured,no,current,,,,,official_site,https://www.silverlake.com/wp-json/wp/v2/portfolio,https://www.silverlake.com/portfolio/groupe-meilleurtaux/,,https://www.silverlake.com/portfolio/
Groupon,Silver Lake,silver-lake,San Mateo,San Francisco Bay Area,featured,no,current,,,,,official_site,https://www.silverlake.com/wp-json/wp/v2/portfolio,https://www.silverlake.com/portfolio/groupon/,,https://www.silverlake.com/portfolio/
Grupo BC,Silver Lake,silver-lake,San Mateo,San Francisco Bay Area,featured,no,current,,,,,official_site,https://www.silverlake.com/wp-json/wp/v2/portfolio,https://www.silverlake.com/portfolio/grupo-bc/,,https://www.silverlake.com/portfolio/
Hillstone Networks,Silver Lake,silver-lake,San Mateo,San Francisco Bay Area,featured,no,current,,,,,official_site,https://www.silverlake.com/wp-json/wp/v2/portfolio,https://www.silverlake.com/portfolio/hillstone-networks/,,https://www.silverlake.com/portfolio/
Houseful (company),Silver Lake,silver-lake,San Mateo,San Francisco Bay Area,featured,no,unknown,,,,,wikipedia,https://en.wikipedia.org/wiki/Houseful_%28company%29,https://en.wikipedia.org/wiki/Houseful_%28company%29,https://en.wikipedia.org/wiki/Houseful_%28company%29,https://www.silverlake.com/portfolio/
Hyla Mobile,Silver Lake,silver-lake,San Mateo,San Francisco Bay Area,featured,no,current,,,,,official_site,https://www.silverlake.com/wp-json/wp/v2/portfolio,https://www.silverlake.com/portfolio/hyla-mobile/,,https://www.silverlake.com/portfolio/
i2,Silver Lake,silver-lake,San Mateo,San Francisco Bay Area,featured,no,current,,,,,official_site,https://www.silverlake.com/wp-json/wp/v2/portfolio,https://www.silverlake.com/portfolio/i2/,,https://www.silverlake.com/portfolio/
Imagine Learning,Silver Lake,silver-lake,San Mateo,San Francisco Bay Area,featured,no,current,,,,,official_site,https://www.silverlake.com/wp-json/wp/v2/portfolio,https://www.silverlake.com/portfolio/weld-north-education/,,https://www.silverlake.com/portfolio/
IMG (company),Silver Lake,silver-lake,San Mateo,San Francisco Bay Area,featured,no,unknown,,,,,wikipedia,https://en.wikipedia.org/wiki/IMG_%28company%29,https://en.wikipedia.org/wiki/IMG_%28company%29,https://en.wikipedia.org/wiki/IMG_%28company%29,https://www.silverlake.com/portfolio/
Instinet,Silver Lake,silver-lake,San Mateo,San Francisco Bay Area,featured,no,current,,,,,official_site,https://www.silverlake.com/wp-json/wp/v2/portfolio,https://www.silverlake.com/portfolio/instinet/,,https://www.silverlake.com/portfolio/
Integrity Marketing Group,Silver Lake,silver-lake,San Mateo,San Francisco Bay Area,featured,no,current,,,,,official_site,https://www.silverlake.com/wp-json/wp/v2/portfolio,https://www.silverlake.com/portfolio/integrity-marketing-group/,,https://www.silverlake.com/portfolio/
Intelsat,Silver Lake,silver-lake,San Mateo,San Francisco Bay Area,featured,no,current,,,,,official_site|wikipedia,https://www.silverlake.com/wp-json/wp/v2/portfolio|https://en.wikipedia.org/wiki/Intelsat,https://www.silverlake.com/portfolio/intelsat/,https://en.wikipedia.org/wiki/Intelsat,https://www.silverlake.com/portfolio/
Interactive Data Corporation,Silver Lake,silver-lake,San Mateo,San Francisco Bay Area,featured,no,current,,,,,official_site|wikipedia,https://www.silverlake.com/wp-json/wp/v2/portfolio|https://en.wikipedia.org/wiki/Interactive_Data_Corporation,https://www.silverlake.com/portfolio/interactive-data-corporation/,https://en.wikipedia.org/wiki/Interactive_Data_Corporation,https://www.silverlake.com/portfolio/
IonQ,Silver Lake,silver-lake,San Mateo,San Francisco Bay Area,featured,no,current,,,,,official_site,https://www.silverlake.com/wp-json/wp/v2/portfolio,https://www.silverlake.com/portfolio/ionq/,,https://www.silverlake.com/portfolio/
IPC,Silver Lake,silver-lake,San Mateo,San Francisco Bay Area,featured,no,current,,,,,official_site,https://www.silverlake.com/wp-json/wp/v2/portfolio,https://www.silverlake.com/portfolio/ipc/,,https://www.silverlake.com/portfolio/
Island / Instinet Group,Silver Lake,silver-lake,San Mateo,San Francisco Bay Area,featured,no,current,,,,,official_site,https://www.silverlake.com/wp-json/wp/v2/portfolio,https://www.silverlake.com/portfolio/island-instinet-group/,,https://www.silverlake.com/portfolio/
Iterable,Silver Lake,silver-lake,San Mateo,San Francisco Bay Area,featured,no,current,,,,,official_site,https://www.silverlake.com/wp-json/wp/v2/portfolio,https://www.silverlake.com/portfolio/iterable/,,https://www.silverlake.com/portfolio/
IVC Evidensia,Silver Lake,silver-lake,San Mateo,San Francisco Bay Area,featured,no,current,,,,,official_site,https://www.silverlake.com/wp-json/wp/v2/portfolio,https://www.silverlake.com/portfolio/ivc-evidensia/,,https://www.silverlake.com/portfolio/
Jio Platforms,Silver Lake,silver-lake,San Mateo,San Francisco Bay Area,featured,no,current,,,,,official_site|wikipedia,https://www.silverlake.com/wp-json/wp/v2/portfolio|https://en.wikipedia.org/wiki/Jio_Platforms,https://www.silverlake.com/portfolio/jio-platforms-2/,https://en.wikipedia.org/wiki/Jio_Platforms,https://www.silverlake.com/portfolio/
Khazna Data Centers,Silver Lake,silver-lake,San Mateo,San Francisco Bay Area,featured,no,current,,,,,official_site,https://www.silverlake.com/wp-json/wp/v2/portfolio,https://www.silverlake.com/portfolio/khazna-data-centers/,,https://www.silverlake.com/portfolio/
Klarna,Silver Lake,silver-lake,San Mateo,San Francisco Bay Area,featured,no,current,,,,,official_site,https://www.silverlake.com/wp-json/wp/v2/portfolio,https://www.silverlake.com/portfolio/klarna/,,https://www.silverlake.com/portfolio/
Koubei,Silver Lake,silver-lake,San Mateo,San Francisco Bay Area,featured,no,current,,,,,official_site,https://www.silverlake.com/wp-json/wp/v2/portfolio,https://www.silverlake.com/portfolio/koubei/,,https://www.silverlake.com/portfolio/
LEARFIELD,Silver Lake,silver-lake,San Mateo,San Francisco Bay Area,featured,no,current,,,,,official_site,https://www.silverlake.com/wp-json/wp/v2/portfolio,https://www.silverlake.com/portfolio/learfield-img-college/,,https://www.silverlake.com/portfolio/
LightBox,Silver Lake,silver-lake,San Mateo,San Francisco Bay Area,featured,no,current,,,,,official_site,https://www.silverlake.com/wp-json/wp/v2/portfolio,https://www.silverlake.com/portfolio/lightbox/,,https://www.silverlake.com/portfolio/
Locaweb,Silver Lake,silver-lake,San Mateo,San Francisco Bay Area,featured,no,current,,,,,official_site,https://www.silverlake.com/wp-json/wp/v2/portfolio,https://www.silverlake.com/portfolio/locaweb/,,https://www.silverlake.com/portfolio/
Madison Square Garden Sports,Silver Lake,silver-lake,San Mateo,San Francisco Bay Area,featured,no,current,,,,,official_site,https://www.silverlake.com/wp-json/wp/v2/portfolio,https://www.silverlake.com/portfolio/the-madison-square-garden-company/,,https://www.silverlake.com/portfolio/
MCI,Silver Lake,silver-lake,San Mateo,San Francisco Bay Area,featured,no,current,,,,,official_site,https://www.silverlake.com/wp-json/wp/v2/portfolio,https://www.silverlake.com/portfolio/mci/,,https://www.silverlake.com/portfolio/
Mercury Healthcare,Silver Lake,silver-lake,San Mateo,San Francisco Bay Area,featured,no,current,,,,,official_site,https://www.silverlake.com/wp-json/wp/v2/portfolio,https://www.silverlake.com/portfolio/healthgrades/,,https://www.silverlake.com/portfolio/
Mercury Payment Systems,Silver Lake,silver-lake,San Mateo,San Francisco Bay Area,featured,no,current,,,,,official_site,https://www.silverlake.com/wp-json/wp/v2/portfolio,https://www.silverlake.com/portfolio/mercury-payment-solutions/,,https://www.silverlake.com/portfolio/
Mirakl,Silver Lake,silver-lake,San Mateo,San Francisco Bay Area,featured,no,current,,,,,official_site,https://www.silverlake.com/wp-json/wp/v2/portfolio,https://www.silverlake.com/portfolio/mirakl/,,https://www.silverlake.com/portfolio/
Mission Pet Health,Silver Lake,silver-lake,San Mateo,San Francisco Bay Area,featured,no,current,,,,,official_site,https://www.silverlake.com/wp-json/wp/v2/portfolio,https://www.silverlake.com/portfolio/mission-pet-health/,,https://www.silverlake.com/portfolio/
Motorola Solutions,Silver Lake,silver-lake,San Mateo,San Francisco Bay Area,featured,no,current,,,,,official_site|wikipedia,https://www.silverlake.com/wp-json/wp/v2/portfolio|https://en.wikipedia.org/wiki/Motorola_Solutions,https://www.silverlake.com/portfolio/motorola-solutions/,https://en.wikipedia.org/wiki/Motorola_Solutions,https://www.silverlake.com/portfolio/
MultiPlan,Silver Lake,silver-lake,San Mateo,San Francisco Bay Area,featured,no,current,,,,,official_site,https://www.silverlake.com/wp-json/wp/v2/portfolio,https://www.silverlake.com/portfolio/multiplan/,,https://www.silverlake.com/portfolio/
N-Able,Silver Lake,silver-lake,San Mateo,San Francisco Bay Area,featured,no,current,,,,,official_site,https://www.silverlake.com/wp-json/wp/v2/portfolio,https://www.silverlake.com/portfolio/n-able/,,https://www.silverlake.com/portfolio/
Nasdaq,Silver Lake,silver-lake,San Mateo,San Francisco Bay Area,featured,no,current,,,,,official_site,https://www.silverlake.com/wp-json/wp/v2/portfolio,https://www.silverlake.com/portfolio/nasdaq/,,https://www.silverlake.com/portfolio/
Network General / NetScout,Silver Lake,silver-lake,San Mateo,San Francisco Bay Area,featured,no,current,,,,,official_site,https://www.silverlake.com/wp-json/wp/v2/portfolio,https://www.silverlake.com/portfolio/network-general-netscout/,,https://www.silverlake.com/portfolio/
New Zealand Rugby,Silver Lake,silver-lake,San Mateo,San Francisco Bay Area,featured,no,current,,,,,official_site,https://www.silverlake.com/wp-json/wp/v2/portfolio,https://www.silverlake.com/portfolio/new-zealand-rugby/,,https://www.silverlake.com/portfolio/
Nobao Renewable Energy,Silver Lake,silver-lake,San Mateo,San Francisco Bay Area,featured,no,current,,,,,official_site,https://www.silverlake.com/wp-json/wp/v2/portfolio,https://www.silverlake.com/portfolio/nobao-renewable-energy/,,https://www.silverlake.com/portfolio/
Noom,Silver Lake,silver-lake,San Mateo,San Francisco Bay Area,featured,no,current,,,,,official_site,https://www.silverlake.com/wp-json/wp/v2/portfolio,https://www.silverlake.com/portfolio/noom/,,https://www.silverlake.com/portfolio/
NortonLifeLock,Silver Lake,silver-lake,San Mateo,San Francisco Bay Area,featured,no,current,,,,,official_site,https://www.silverlake.com/wp-json/wp/v2/portfolio,https://www.silverlake.com/portfolio/nortonlifelock/,,https://www.silverlake.com/portfolio/
NXP,Silver Lake,silver-lake,San Mateo,San Francisco Bay Area,featured,no,current,,,,,official_site,https://www.silverlake.com/wp-json/wp/v2/portfolio,https://www.silverlake.com/portfolio/nxp/,,https://www.silverlake.com/portfolio/
NXP Semiconductors,Silver Lake,silver-lake,San Mateo,San Francisco Bay Area,featured,no,unknown,,,,,wikipedia,https://en.wikipedia.org/wiki/NXP_Semiconductors,https://en.wikipedia.org/wiki/NXP_Semiconductors,https://en.wikipedia.org/wiki/NXP_Semiconductors,https://www.silverlake.com/portfolio/
Oak View Group,Silver Lake,silver-lake,San Mateo,San Francisco Bay Area,featured,no,current,,,,,official_site,https://www.silverlake.com/wp-json/wp/v2/portfolio,https://www.silverlake.com/portfolio/oak-view-group/,,https://www.silverlake.com/portfolio/
Omio,Silver Lake,silver-lake,San Mateo,San Francisco Bay Area,featured,no,current,,,,,official_site,https://www.silverlake.com/wp-json/wp/v2/portfolio,https://www.silverlake.com/portfolio/omio/,,https://www.silverlake.com/portfolio/
Opera Solutions,Silver Lake,silver-lake,San Mateo,San Francisco Bay Area,featured,no,current,,,,,official_site,https://www.silverlake.com/wp-json/wp/v2/portfolio,https://www.silverlake.com/portfolio/opera-solutions/,,https://www.silverlake.com/portfolio/
Outspoken,Silver Lake,silver-lake,San Mateo,San Francisco Bay Area,featured,no,current,,,,,official_site,https://www.silverlake.com/wp-json/wp/v2/portfolio,https://www.silverlake.com/portfolio/outspoken/,,https://www.silverlake.com/portfolio/
Peloton,Silver Lake,silver-lake,San Mateo,San Francisco Bay Area,featured,no,current,,,,,official_site,https://www.silverlake.com/wp-json/wp/v2/portfolio,https://www.silverlake.com/portfolio/peloton/,,https://www.silverlake.com/portfolio/
Plaid,Silver Lake,silver-lake,San Mateo,San Francisco Bay Area,featured,no,current,,,,,official_site,https://www.silverlake.com/wp-json/wp/v2/portfolio,https://www.silverlake.com/portfolio/plaid/,,https://www.silverlake.com/portfolio/
Power-One,Silver Lake,silver-lake,San Mateo,San Francisco Bay Area,featured,no,current,,,,,official_site,https://www.silverlake.com/wp-json/wp/v2/portfolio,https://www.silverlake.com/portfolio/power-one/,,https://www.silverlake.com/portfolio/
PrimeSense,Silver Lake,silver-lake,San Mateo,San Francisco Bay Area,featured,no,current,,,,,official_site,https://www.silverlake.com/wp-json/wp/v2/portfolio,https://www.silverlake.com/portfolio/primesense/,,https://www.silverlake.com/portfolio/
ProService,Silver Lake,silver-lake,San Mateo,San Francisco Bay Area,featured,no,current,,,,,official_site,https://www.silverlake.com/wp-json/wp/v2/portfolio,https://www.silverlake.com/portfolio/proservice/,,https://www.silverlake.com/portfolio/
Qualtrics,Silver Lake,silver-lake,San Mateo,San Francisco Bay Area,featured,no,current,,,,,official_site,https://www.silverlake.com/wp-json/wp/v2/portfolio,https://www.silverlake.com/portfolio/qualtrics/,,https://www.silverlake.com/portfolio/
Quorum Software,Silver Lake,silver-lake,San Mateo,San Francisco Bay Area,featured,no,current,,,,,official_site,https://www.silverlake.com/wp-json/wp/v2/portfolio,https://www.silverlake.com/portfolio/quorum-software/,,https://www.silverlake.com/portfolio/
RAC,Silver Lake,silver-lake,San Mateo,San Francisco Bay Area,featured,no,current,,,,,official_site,https://www.silverlake.com/wp-json/wp/v2/portfolio,https://www.silverlake.com/portfolio/rac/,,https://www.silverlake.com/portfolio/
Red Ventures,Silver Lake,silver-lake,San Mateo,San Francisco Bay Area,featured,no,current,,,,,official_site|wikipedia,https://www.silverlake.com/wp-json/wp/v2/portfolio|https://en.wikipedia.org/wiki/Red_Ventures,https://www.silverlake.com/portfolio/red-ventures/,https://en.wikipedia.org/wiki/Red_Ventures,https://www.silverlake.com/portfolio/
Relativity,Silver Lake,silver-lake,San Mateo,San Francisco Bay Area,featured,no,current,,,,,official_site,https://www.silverlake.com/wp-json/wp/v2/portfolio,https://www.silverlake.com/portfolio/relativity/,,https://www.silverlake.com/portfolio/
Reliance Retail,Silver Lake,silver-lake,San Mateo,San Francisco Bay Area,featured,no,current,,,,,official_site,https://www.silverlake.com/wp-json/wp/v2/portfolio,https://www.silverlake.com/portfolio/reliance-retail/,,https://www.silverlake.com/portfolio/
Renovate America,Silver Lake,silver-lake,San Mateo,San Francisco Bay Area,featured,no,current,,,,,official_site,https://www.silverlake.com/wp-json/wp/v2/portfolio,https://www.silverlake.com/portfolio/renovate-america/,,https://www.silverlake.com/portfolio/
Riverstone Networks,Silver Lake,silver-lake,San Mateo,San Francisco Bay Area,featured,no,current,,,,,official_site,https://www.silverlake.com/wp-json/wp/v2/portfolio,https://www.silverlake.com/portfolio/riverstone/,,https://www.silverlake.com/portfolio/
Root,Silver Lake,silver-lake,San Mateo,San Francisco Bay Area,featured,no,current,,,,,official_site,https://www.silverlake.com/wp-json/wp/v2/portfolio,https://www.silverlake.com/portfolio/root/,,https://www.silverlake.com/portfolio/
Sabre,Silver Lake,silver-lake,San Mateo,San Francisco Bay Area,featured,no,current,,,,,official_site,https://www.silverlake.com/wp-json/wp/v2/portfolio,https://www.silverlake.com/portfolio/sabre/,,https://www.silverlake.com/portfolio/
Seagate,Silver Lake,silver-lake,San Mateo,San Francisco Bay Area,featured,no,current,,,,,official_site,https://www.silverlake.com/wp-json/wp/v2/portfolio,https://www.silverlake.com/portfolio/seagate/,,https://www.silverlake.com/portfolio/
Seagate Technology,Silver Lake,silver-lake,San Mateo,San Francisco Bay Area,featured,no,unknown,,,,,wikipedia,https://en.wikipedia.org/wiki/Seagate_Technology,https://en.wikipedia.org/wiki/Seagate_Technology,https://en.wikipedia.org/wiki/Seagate_Technology,https://www.silverlake.com/portfolio/
Sensata Technologies,Silver Lake,silver-lake,San Mateo,San Francisco Bay Area,featured,no,current,,,,,official_site,https://www.silverlake.com/wp-json/wp/v2/portfolio,https://www.silverlake.com/portfolio/sensata-technologies/,,https://www.silverlake.com/portfolio/
SenseTime,Silver Lake,silver-lake,San Mateo,San Francisco Bay Area,featured,no,current,,,,,official_site,https://www.silverlake.com/wp-json/wp/v2/portfolio,https://www.silverlake.com/portfolio/sensetime/,,https://www.silverlake.com/portfolio/
Serena,Silver Lake,silver-lake,San Mateo,San Francisco Bay Area,featured,no,current,,,,,official_site,https://www.silverlake.com/wp-json/wp/v2/portfolio,https://www.silverlake.com/portfolio/serena/,,https://www.silverlake.com/portfolio/
ServiceMax,Silver Lake,silver-lake,San Mateo,San Francisco Bay Area,featured,no,current,,,,,official_site|wikipedia,https://www.silverlake.com/wp-json/wp/v2/portfolio|https://en.wikipedia.org/wiki/ServiceMax,https://www.silverlake.com/portfolio/servicemax/,https://en.wikipedia.org/wiki/ServiceMax,https://www.silverlake.com/portfolio/
Shadowbox Studios,Silver Lake,silver-lake,San Mateo,San Francisco Bay Area,featured,no,current,,,,,official_site,https://www.silverlake.com/wp-json/wp/v2/portfolio,https://www.silverlake.com/portfolio/shadowbox/,,https://www.silverlake.com/portfolio/
Siemens Digital Industries Software,Silver Lake,silver-lake,San Mateo,San Francisco Bay Area,featured,no,unknown,,,,,wikipedia,https://en.wikipedia.org/wiki/Siemens_Digital_Industries_Software,https://en.wikipedia.org/wiki/Siemens_Digital_Industries_Software,https://en.wikipedia.org/wiki/Siemens_Digital_Industries_Software,https://www.silverlake.com/portfolio/
Silae,Silver Lake,silver-lake,San Mateo,San Francisco Bay Area,featured,no,current,,,,,official_site,https://www.silverlake.com/wp-json/wp/v2/portfolio,https://www.silverlake.com/portfolio/silae/,,https://www.silverlake.com/portfolio/
Skype,Silver Lake,silver-lake,San Mateo,San Francisco Bay Area,featured,no,current,,,,,official_site|wikipedia,https://www.silverlake.com/wp-json/wp/v2/portfolio|https://en.wikipedia.org/wiki/Skype,https://www.silverlake.com/portfolio/skype/,https://en.wikipedia.org/wiki/Skype,https://www.silverlake.com/portfolio/
SMART Global Holdings,Silver Lake,silver-lake,San Mateo,San Francisco Bay Area,featured,no,current,,,,,official_site,https://www.silverlake.com/wp-json/wp/v2/portfolio,https://www.silverlake.com/portfolio/smart-global-holdings/,,https://www.silverlake.com/portfolio/
SMART Storage Systems,Silver Lake,silver-lake,San Mateo,San Francisco Bay Area,featured,no,current,,,,,official_site,https://www.silverlake.com/wp-json/wp/v2/portfolio,https://www.silverlake.com/portfolio/smart-storage-systems/,,https://www.silverlake.com/portfolio/
SoFi,Silver Lake,silver-lake,San Mateo,San Francisco Bay Area,featured,no,current,,,,,official_site,https://www.silverlake.com/wp-json/wp/v2/portfolio,https://www.silverlake.com/portfolio/sofi/,,https://www.silverlake.com/portfolio/
Software AG,Silver Lake,silver-lake,San Mateo,San Francisco Bay Area,featured,no,current,,,,,official_site|wikipedia,https://www.silverlake.com/wp-json/wp/v2/portfolio|https://en.wikipedia.org/wiki/Software_AG,https://www.silverlake.com/portfolio/software-ag/,https://en.wikipedia.org/wiki/Software_AG,https://www.silverlake.com/portfolio/
SolarCity,Silver Lake,silver-lake,San Mateo,San Francisco Bay Area,featured,no,current,,,,,official_site,https://www.silverlake.com/wp-json/wp/v2/portfolio,https://www.silverlake.com/portfolio/solarcity/,,https://www.silverlake.com/portfolio/
SolarWinds,Silver Lake,silver-lake,San Mateo,San Francisco Bay Area,featured,no,current,,,,,official_site,https://www.silverlake.com/wp-json/wp/v2/portfolio,https://www.silverlake.com/portfolio/solarwinds/,,https://www.silverlake.com/portfolio/
Spansion,Silver Lake,silver-lake,San Mateo,San Francisco Bay Area,featured,no,current,,,,,official_site,https://www.silverlake.com/wp-json/wp/v2/portfolio,https://www.silverlake.com/portfolio/spansion/,,https://www.silverlake.com/portfolio/
Splunk,Silver Lake,silver-lake,San Mateo,San Francisco Bay Area,featured,no,current,,,,,official_site,https://www.silverlake.com/wp-json/wp/v2/portfolio,https://www.silverlake.com/portfolio/splunk-2/,,https://www.silverlake.com/portfolio/
Spreadtrum,Silver Lake,silver-lake,San Mateo,San Francisco Bay Area,featured,no,current,,,,,official_site,https://www.silverlake.com/wp-json/wp/v2/portfolio,https://www.silverlake.com/portfolio/spreadtrum/,,https://www.silverlake.com/portfolio/
Stripe,Silver Lake,silver-lake,San Mateo,San Francisco Bay Area,featured,no,current,,,,,official_site,https://www.silverlake.com/wp-json/wp/v2/portfolio,https://www.silverlake.com/portfolio/stripe/,,https://www.silverlake.com/portfolio/
SubmitOrder,Silver Lake,silver-lake,San Mateo,San Francisco Bay Area,featured,no,current,,,,,official_site,https://www.silverlake.com/wp-json/wp/v2/portfolio,https://www.silverlake.com/portfolio/submitorder/,,https://www.silverlake.com/portfolio/
SunGard,Silver Lake,silver-lake,San Mateo,San Francisco Bay Area,featured,no,current,,,,,official_site,https://www.silverlake.com/wp-json/wp/v2/portfolio,https://www.silverlake.com/portfolio/sungard/,,https://www.silverlake.com/portfolio/
TAL Education Group,Silver Lake,silver-lake,San Mateo,San Francisco Bay Area,featured,no,current,,,,,official_site,https://www.silverlake.com/wp-json/wp/v2/portfolio,https://www.silverlake.com/portfolio/tal-education-group/,,https://www.silverlake.com/portfolio/
Talend,Silver Lake,silver-lake,San Mateo,San Francisco Bay Area,featured,no,current,,,,,official_site,https://www.silverlake.com/wp-json/wp/v2/portfolio,https://www.silverlake.com/portfolio/talend/,,https://www.silverlake.com/portfolio/
Tandberg,Silver Lake,silver-lake,San Mateo,San Francisco Bay Area,featured,no,current,,,,,official_site,https://www.silverlake.com/wp-json/wp/v2/portfolio,https://www.silverlake.com/portfolio/tandberg/,,https://www.silverlake.com/portfolio/
TeamSystem,Silver Lake,silver-lake,San Mateo,San Francisco Bay Area,featured,no,current,,,,,official_site,https://www.silverlake.com/wp-json/wp/v2/portfolio,https://www.silverlake.com/portfolio/teamsystem/,,https://www.silverlake.com/portfolio/
TEG,Silver Lake,silver-lake,San Mateo,San Francisco Bay Area,featured,no,current,,,,,official_site,https://www.silverlake.com/wp-json/wp/v2/portfolio,https://www.silverlake.com/portfolio/teg/,,https://www.silverlake.com/portfolio/
Terremark,Silver Lake,silver-lake,San Mateo,San Francisco Bay Area,featured,no,current,,,,,official_site,https://www.silverlake.com/wp-json/wp/v2/portfolio,https://www.silverlake.com/portfolio/terremark/,,https://www.silverlake.com/portfolio/
Tesla,Silver Lake,silver-lake,San Mateo,San Francisco Bay Area,featured,no,current,,,,,official_site,https://www.silverlake.com/wp-json/wp/v2/portfolio,https://www.silverlake.com/portfolio/tesla/,,https://www.silverlake.com/portfolio/
Thomson,Silver Lake,silver-lake,San Mateo,San Francisco Bay Area,featured,no,current,,,,,official_site,https://www.silverlake.com/wp-json/wp/v2/portfolio,https://www.silverlake.com/portfolio/thomson/,,https://www.silverlake.com/portfolio/
Thrasio,Silver Lake,silver-lake,San Mateo,San Francisco Bay Area,featured,no,current,,,,,official_site,https://www.silverlake.com/wp-json/wp/v2/portfolio,https://www.silverlake.com/portfolio/thrasio/,,https://www.silverlake.com/portfolio/
Ticketek,Silver Lake,silver-lake,San Mateo,San Francisco Bay Area,featured,no,unknown,,,,,wikipedia,https://en.wikipedia.org/wiki/Ticketek,https://en.wikipedia.org/wiki/Ticketek,https://en.wikipedia.org/wiki/Ticketek,https://www.silverlake.com/portfolio/
TikTok USDS JV,Silver Lake,silver-lake,San Mateo,San Francisco Bay Area,featured,no,current,,,,,official_site,https://www.silverlake.com/wp-json/wp/v2/portfolio,https://www.silverlake.com/portfolio/tiktok-usds-jv/,,https://www.silverlake.com/portfolio/
Tintri,Silver Lake,silver-lake,San Mateo,San Francisco Bay Area,featured,no,current,,,,,official_site,https://www.silverlake.com/wp-json/wp/v2/portfolio,https://www.silverlake.com/portfolio/tintri/,,https://www.silverlake.com/portfolio/
Trip.com Group,Silver Lake,silver-lake,San Mateo,San Francisco Bay Area,featured,no,unknown,,,,,wikipedia,https://en.wikipedia.org/wiki/Trip.com_Group,https://en.wikipedia.org/wiki/Trip.com_Group,https://en.wikipedia.org/wiki/Trip.com_Group,https://www.silverlake.com/portfolio/
Twitter,Silver Lake,silver-lake,San Mateo,San Francisco Bay Area,featured,no,current,,,,,official_site,https://www.silverlake.com/wp-json/wp/v2/portfolio,https://www.silverlake.com/portfolio/twitter/,,https://www.silverlake.com/portfolio/
UFC,Silver Lake,silver-lake,San Mateo,San Francisco Bay Area,featured,no,current,,,,,official_site,https://www.silverlake.com/wp-json/wp/v2/portfolio,https://www.silverlake.com/portfolio/ufc/,,https://www.silverlake.com/portfolio/
UGS,Silver Lake,silver-lake,San Mateo,San Francisco Bay Area,featured,no,current,,,,,official_site,https://www.silverlake.com/wp-json/wp/v2/portfolio,https://www.silverlake.com/portfolio/ugs/,,https://www.silverlake.com/portfolio/
UiPath,Silver Lake,silver-lake,San Mateo,San Francisco Bay Area,featured,no,current,,,,,official_site,https://www.silverlake.com/wp-json/wp/v2/portfolio,https://www.silverlake.com/portfolio/uipath/,,https://www.silverlake.com/portfolio/
Unity,Silver Lake,silver-lake,San Mateo,San Francisco Bay Area,featured,no,current,,,,,official_site,https://www.silverlake.com/wp-json/wp/v2/portfolio,https://www.silverlake.com/portfolio/unity/,,https://www.silverlake.com/portfolio/
Unity Technologies,Silver Lake,silver-lake,San Mateo,San Francisco Bay Area,featured,no,unknown,,,,,wikipedia,https://en.wikipedia.org/wiki/Unity_Technologies,https://en.wikipedia.org/wiki/Unity_Technologies,https://en.wikipedia.org/wiki/Unity_Technologies,https://www.silverlake.com/portfolio/
Unitymedia,Silver Lake,silver-lake,San Mateo,San Francisco Bay Area,featured,no,current,,,,,official_site,https://www.silverlake.com/wp-json/wp/v2/portfolio,https://www.silverlake.com/portfolio/unitymedia/,,https://www.silverlake.com/portfolio/
Vantage Data Centers,Silver Lake,silver-lake,San Mateo,San Francisco Bay Area,featured,no,current,,,,,official_site,https://www.silverlake.com/wp-json/wp/v2/portfolio,https://www.silverlake.com/portfolio/vantage-data-centers/,,https://www.silverlake.com/portfolio/
Velocity Technology Solutions,Silver Lake,silver-lake,San Mateo,San Francisco Bay Area,featured,no,current,,,,,official_site,https://www.silverlake.com/wp-json/wp/v2/portfolio,https://www.silverlake.com/portfolio/velocity-technology-solutions/,,https://www.silverlake.com/portfolio/
Verily,Silver Lake,silver-lake,San Mateo,San Francisco Bay Area,featured,no,current,,,,,official_site|wikipedia,https://www.silverlake.com/wp-json/wp/v2/portfolio|https://en.wikipedia.org/wiki/Verily,https://www.silverlake.com/portfolio/verily/,https://en.wikipedia.org/wiki/Verily,https://www.silverlake.com/portfolio/
Virtu Financial,Silver Lake,silver-lake,San Mateo,San Francisco Bay Area,featured,no,current,,,,,official_site,https://www.silverlake.com/wp-json/wp/v2/portfolio,https://www.silverlake.com/portfolio/virtu-financial/,,https://www.silverlake.com/portfolio/
VMware,Silver Lake,silver-lake,San Mateo,San Francisco Bay Area,featured,no,current,,,,,official_site,https://www.silverlake.com/wp-json/wp/v2/portfolio,https://www.silverlake.com/portfolio/vmware/,,https://www.silverlake.com/portfolio/
Waymo,Silver Lake,silver-lake,San Mateo,San Francisco Bay Area,featured,no,current,,,,,official_site|wikipedia,https://www.silverlake.com/wp-json/wp/v2/portfolio|https://en.wikipedia.org/wiki/Waymo,https://www.silverlake.com/portfolio/waymo/,https://en.wikipedia.org/wiki/Waymo,https://www.silverlake.com/portfolio/
WME Group,Silver Lake,silver-lake,San Mateo,San Francisco Bay Area,featured,no,unknown,,,,,wikipedia,https://en.wikipedia.org/wiki/WME_Group,https://en.wikipedia.org/wiki/WME_Group,https://en.wikipedia.org/wiki/WME_Group,https://www.silverlake.com/portfolio/
WP Engine,Silver Lake,silver-lake,San Mateo,San Francisco Bay Area,featured,no,current,,,,,official_site|wikipedia,https://www.silverlake.com/wp-json/wp/v2/portfolio|https://en.wikipedia.org/wiki/WP_Engine,https://www.silverlake.com/portfolio/wp-engine/,https://en.wikipedia.org/wiki/WP_Engine,https://www.silverlake.com/portfolio/
X (social network),Silver Lake,silver-lake,San Mateo,San Francisco Bay Area,featured,no,unknown,,,,,wikipedia,https://en.wikipedia.org/wiki/X_%28social_network%29,https://en.wikipedia.org/wiki/X_%28social_network%29,https://en.wikipedia.org/wiki/X_%28social_network%29,https://www.silverlake.com/portfolio/
Xoriant,Silver Lake,silver-lake,San Mateo,San Francisco Bay Area,featured,no,current,,,,,official_site,https://www.silverlake.com/wp-json/wp/v2/portfolio,https://www.silverlake.com/portfolio/xoriant/,,https://www.silverlake.com/portfolio/
Xplor Technologies,Silver Lake,silver-lake,San Mateo,San Francisco Bay Area,featured,no,current,,,,,official_site,https://www.silverlake.com/wp-json/wp/v2/portfolio,https://www.silverlake.com/portfolio/clubessential-holdings/,,https://www.silverlake.com/portfolio/
ZPG,Silver Lake,silver-lake,San Mateo,San Francisco Bay Area,featured,no,current,,,,,official_site,https://www.silverlake.com/wp-json/wp/v2/portfolio,https://www.silverlake.com/portfolio/zpg/,,https://www.silverlake.com/portfolio/
Zuora,Silver Lake,silver-lake,San Mateo,San Francisco Bay Area,featured,no,current,,,,,official_site,https://www.silverlake.com/wp-json/wp/v2/portfolio,https://www.silverlake.com/portfolio/zuora/,,https://www.silverlake.com/portfolio/
Zynga,Silver Lake,silver-lake,San Mateo,San Francisco Bay Area,featured,no,current,,,,,official_site,https://www.silverlake.com/wp-json/wp/v2/portfolio,https://www.silverlake.com/portfolio/zynga/,,https://www.silverlake.com/portfolio/
4human,Accel-KKR,accel-kkr,Menlo Park,San Francisco Bay Area,featured,no,current,HR and quality management software,emea,equity,https://4human.no,official_site,https://www.accel-kkr.com/portfolio/,https://www.accel-kkr.com/portfolio-company/4human/,,https://www.accel-kkr.com/portfolio/
Abila,Accel-KKR,accel-kkr,Menlo Park,San Francisco Bay Area,featured,no,prior,Software solutions for nonprofits and government,north america,equity,https://www.abila.com,official_site,https://www.accel-kkr.com/portfolio/,https://www.accel-kkr.com/portfolio-company/abila/,,https://www.accel-kkr.com/portfolio/
Abrigo,Accel-KKR,accel-kkr,Menlo Park,San Francisco Bay Area,featured,no,current,Risk management for financial institutions,north america,equity,https://www.abrigo.com,official_site,https://www.accel-kkr.com/portfolio/,https://www.accel-kkr.com/portfolio-company/abrigo/,,https://www.accel-kkr.com/portfolio/
Accertify,Accel-KKR,accel-kkr,Menlo Park,San Francisco Bay Area,featured,no,current,Fraud prevention and payment gateway solutions,north america,credit,https://www.accertify.com,official_site,https://www.accel-kkr.com/portfolio/,https://www.accel-kkr.com/portfolio-company/accertify/,,https://www.accel-kkr.com/portfolio/
AccessPay,Accel-KKR,accel-kkr,Menlo Park,San Francisco Bay Area,featured,no,current,Payments operations platform for finance,emea,equity,https://accesspay.com,official_site,https://www.accel-kkr.com/portfolio/,https://www.accel-kkr.com/portfolio-company/accesspay/,,https://www.accel-kkr.com/portfolio/
Acumatica,Accel-KKR,accel-kkr,Menlo Park,San Francisco Bay Area,featured,no,prior,Cloud-based business management software,north america,equity,https://www.acumatica.com,official_site,https://www.accel-kkr.com/portfolio/,https://www.accel-kkr.com/portfolio-company/acumatica/,,https://www.accel-kkr.com/portfolio/
Agilence,Accel-KKR,accel-kkr,Menlo Park,San Francisco Bay Area,featured,no,prior,Data analytics for retail and restaurants,north america,credit,https://lltrck.com,official_site,https://www.accel-kkr.com/portfolio/,https://www.accel-kkr.com/portfolio-company/agilence/,,https://www.accel-kkr.com/portfolio/
Airship,Accel-KKR,accel-kkr,Menlo Park,San Francisco Bay Area,featured,no,prior,Mobile app experience platform,north america,credit,https://www.airship.com,official_site,https://www.accel-kkr.com/portfolio/,https://www.accel-kkr.com/portfolio-company/airship/,,https://www.accel-kkr.com/portfolio/
Alias,Accel-KKR,accel-kkr,Menlo Park,San Francisco Bay Area,featured,no,prior,3D graphics technology innovator,north america,equity,,official_site,https://www.accel-kkr.com/portfolio/,https://www.accel-kkr.com/portfolio-company/alias/,,https://www.accel-kkr.com/portfolio/
Appspace,Accel-KKR,accel-kkr,Menlo Park,San Francisco Bay Area,featured,no,current,Workplace experience platform,north america,equity,https://lltrck.com,official_site,https://www.accel-kkr.com/portfolio/,https://www.accel-kkr.com/portfolio-company/appspace/,,https://www.accel-kkr.com/portfolio/
APT,Accel-KKR,accel-kkr,Menlo Park,San Francisco Bay Area,featured,no,prior,Big data analytics for business decisions,north america,equity,https://www.predictivetechnologies.com/en,official_site,https://www.accel-kkr.com/portfolio/,https://www.accel-kkr.com/portfolio-company/apt/,,https://www.accel-kkr.com/portfolio/
Arbiter,Accel-KKR,accel-kkr,Menlo Park,San Francisco Bay Area,featured,no,current,Arbiter is the trusted leader in school and athletic program management,north america,equity,https://lltrck.com,official_site,https://www.accel-kkr.com/portfolio/,https://www.accel-kkr.com/portfolio-company/arbiter/,,https://www.accel-kkr.com/portfolio/
Basware,Accel-KKR,accel-kkr,Menlo Park,San Francisco Bay Area,featured,no,current,AP automation and invoicing platform,emea,equity,https://www.basware.com/en-en/home,official_site,https://www.accel-kkr.com/portfolio/,https://www.accel-kkr.com/portfolio-company/basware/,,https://www.accel-kkr.com/portfolio/
Birdeye,Accel-KKR,accel-kkr,Menlo Park,San Francisco Bay Area,featured,no,current,Customer experience platform,north america,equity,https://lltrck.com,official_site,https://www.accel-kkr.com/portfolio/,https://www.accel-kkr.com/portfolio-company/birdeye/,,https://www.accel-kkr.com/portfolio/
Blue Mountain,Accel-KKR,accel-kkr,Menlo Park,San Francisco Bay Area,featured,no,current,Asset management for life sciences,north america,equity,https://www.bluemountain.io,official_site,https://www.accel-kkr.com/portfolio/,https://www.accel-kkr.com/portfolio-company/blue-mountain-quality-resources/,,https://www.accel-kkr.com/portfolio/
Captify,Accel-KKR,accel-kkr,Menlo Park,San Francisco Bay Area,featured,no,prior,Search intelligence platform,emea,credit,https://www.captifytechnologies.com,official_site,https://www.accel-kkr.com/portfolio/,https://www.accel-kkr.com/portfolio-company/captify/,,https://www.accel-kkr.com/portfolio/
Cendyn,Accel-KKR,accel-kkr,Menlo Park,San Francisco Bay Area,featured,no,current,Sales and marketing platform for travel and hospitality,north america,equity,https://lltrck.com,official_site,https://www.accel-kkr.com/portfolio/,https://www.accel-kkr.com/portfolio-company/cendyn/,,https://www.accel-kkr.com/portfolio/
Cielo,Accel-KKR,accel-kkr,Menlo Park,San Francisco Bay Area,featured,no,prior,Global talent acquisition and management solutions,north america,equity,https://www.cielotalent.com,official_site,https://www.accel-kkr.com/portfolio/,https://www.accel-kkr.com/portfolio-company/cielo/,,https://www.accel-kkr.com/portfolio/
Clavis Insight,Accel-KKR,accel-kkr,Menlo Park,San Francisco Bay Area,featured,no,prior,Online store analytics for consumer brands,emea,equity,https://www.ascentialedge.com,official_site,https://www.accel-kkr.com/portfolio/,https://www.accel-kkr.com/portfolio-company/clavis-insight/,,https://www.accel-kkr.com/portfolio/
Clevest,Accel-KKR,accel-kkr,Menlo Park,San Francisco Bay Area,featured,no,prior,Mobile workforce management for utilities,north america,equity,https://www.clevest.com,official_site,https://www.accel-kkr.com/portfolio/,https://www.accel-kkr.com/portfolio-company/clevest/,,https://www.accel-kkr.com/portfolio/
ClickDimensions,Accel-KKR,accel-kkr,Menlo Park,San Francisco Bay Area,featured,no,prior,Online marketing automation solutions,emea,equity,https://clickdimensions.com,official_site,https://www.accel-kkr.com/portfolio/,https://www.accel-kkr.com/portfolio-company/clickdimensions/,,https://www.accel-kkr.com/portfolio/
Cloud 9 Software,Accel-KKR,accel-kkr,Menlo Park,San Francisco Bay Area,featured,no,prior,Cloud-based practice management system,north america,equity,https://www.cloud9.software,official_site,https://www.accel-kkr.com/portfolio/,https://www.accel-kkr.com/portfolio-company/cloud-9-software/,,https://www.accel-kkr.com/portfolio/
Continuity,Accel-KKR,accel-kkr,Menlo Park,San Francisco Bay Area,featured,no,prior,Regulatory technology solutions for finance,north america,credit,https://www.continuity.net,official_site,https://www.accel-kkr.com/portfolio/,https://www.accel-kkr.com/portfolio-company/continuity/,,https://www.accel-kkr.com/portfolio/
CRS Retail Systems,Accel-KKR,accel-kkr,Menlo Park,San Francisco Bay Area,featured,no,prior,Retail management software and services,north america,equity,,official_site,https://www.accel-kkr.com/portfolio/,https://www.accel-kkr.com/portfolio-company/crs-retail-systems/,,https://www.accel-kkr.com/portfolio/
CXT Software,Accel-KKR,accel-kkr,Menlo Park,San Francisco Bay Area,featured,no,current,"Software for courier, last-mile, LTL, distribution, and customized logistics",north america,credit,https://cxtsoftware.com,official_site,https://www.accel-kkr.com/portfolio/,https://www.accel-kkr.com/portfolio-company/cxt-software/,,https://www.accel-kkr.com/portfolio/
Dalet,Accel-KKR,accel-kkr,Menlo Park,San Francisco Bay Area,featured,no,current,Media production and distribution workflow solutions,emea,credit,https://www.dalet.com,official_site,https://www.accel-kkr.com/portfolio/,https://www.accel-kkr.com/portfolio-company/dalet/,,https://www.accel-kkr.com/portfolio/
Datapipe,Accel-KKR,accel-kkr,Menlo Park,San Francisco Bay Area,featured,no,prior,Global managed IT services provider,north america,equity,https://www.rackspace.com,official_site,https://www.accel-kkr.com/portfolio/,https://www.accel-kkr.com/portfolio-company/datapipe/,,https://www.accel-kkr.com/portfolio/
Delta Data,Accel-KKR,accel-kkr,Menlo Park,San Francisco Bay Area,featured,no,prior,Data governance and processing software for funds,north america,equity,https://www.deltadata.com,official_site,https://www.accel-kkr.com/portfolio/,https://www.accel-kkr.com/portfolio-company/delta-data/,,https://www.accel-kkr.com/portfolio/
Drips,Accel-KKR,accel-kkr,Menlo Park,San Francisco Bay Area,featured,no,current,Conversational texting and AI-powered engagement,north america,equity,https://drips.com,official_site,https://www.accel-kkr.com/portfolio/,https://www.accel-kkr.com/portfolio-company/drips/,,https://www.accel-kkr.com/portfolio/
Duett,Accel-KKR,accel-kkr,Menlo Park,San Francisco Bay Area,featured,no,current,SaaS solutions for accounting offices,emea,equity,https://lltrck.com,official_site,https://www.accel-kkr.com/portfolio/,https://www.accel-kkr.com/portfolio-company/duett-as/,,https://www.accel-kkr.com/portfolio/
Efreightsolutions,Accel-KKR,accel-kkr,Menlo Park,San Francisco Bay Area,featured,no,prior,Freight broker software solutions,north america,credit,https://lltrck.com,official_site,https://www.accel-kkr.com/portfolio/,https://www.accel-kkr.com/portfolio-company/efreightsolutions/,,https://www.accel-kkr.com/portfolio/
Ektron,Accel-KKR,accel-kkr,Menlo Park,San Francisco Bay Area,featured,no,prior,Web content management software for businesses worldwide,north america,equity,https://www.episerver.com/products/platform/ektron,official_site,https://www.accel-kkr.com/portfolio/,https://www.accel-kkr.com/portfolio-company/ektron/,,https://www.accel-kkr.com/portfolio/
Eletive,Accel-KKR,accel-kkr,Menlo Park,San Francisco Bay Area,featured,no,current,Employee engagement and performance management software,emea,equity,https://eletive.com,official_site,https://www.accel-kkr.com/portfolio/,https://www.accel-kkr.com/portfolio-company/eletive/,,https://www.accel-kkr.com/portfolio/
Endalia,Accel-KKR,accel-kkr,Menlo Park,San Francisco Bay Area,featured,no,current,HCM and payroll SaaS for businesses in Spain,emea,equity,https://lltrck.com,official_site,https://www.accel-kkr.com/portfolio/,https://www.accel-kkr.com/portfolio-company/endalia/,,https://www.accel-kkr.com/portfolio/
Endurance Intl. Group,Accel-KKR,accel-kkr,Menlo Park,San Francisco Bay Area,featured,no,prior,Provides online solutions for small businesses,north america,equity,https://www.endurance.com,official_site,https://www.accel-kkr.com/portfolio/,https://www.accel-kkr.com/portfolio-company/endurance-international-group/,,https://www.accel-kkr.com/portfolio/
Engageware,Accel-KKR,accel-kkr,Menlo Park,San Francisco Bay Area,featured,no,current,Customer engagement solutions with AI,north america,credit,https://engageware.com,official_site,https://www.accel-kkr.com/portfolio/,https://www.accel-kkr.com/portfolio-company/engageware/,,https://www.accel-kkr.com/portfolio/
Enmark,Accel-KKR,accel-kkr,Menlo Park,San Francisco Bay Area,featured,no,current,Enterprise software for the metals industry,north america,equity,https://lltrck.com,official_site,https://www.accel-kkr.com/portfolio/,https://www.accel-kkr.com/portfolio-company/enmark/,,https://www.accel-kkr.com/portfolio/
Entersekt,Accel-KKR,accel-kkr,Menlo Park,San Francisco Bay Area,featured,no,current,Device identity and authentication software,emea,equity,https://www.entersekt.com,official_site,https://www.accel-kkr.com/portfolio/,https://www.accel-kkr.com/portfolio-company/entersekt/,,https://www.accel-kkr.com/portfolio/
Enverus,Accel-KKR,accel-kkr,Menlo Park,San Francisco Bay Area,featured,no,prior,Data and insights for the energy industry,north america,equity,http:// www.enverus.com,official_site,https://www.accel-kkr.com/portfolio/,https://www.accel-kkr.com/portfolio-company/enverus/,,https://www.accel-kkr.com/portfolio/
Envizi,Accel-KKR,accel-kkr,Menlo Park,San Francisco Bay Area,featured,no,prior,Data analytics for resource optimization,asia pacific,credit,https://envizi.com,official_site,https://www.accel-kkr.com/portfolio/,https://www.accel-kkr.com/portfolio-company/envizi/,,https://www.accel-kkr.com/portfolio/
Episerver,Accel-KKR,accel-kkr,Menlo Park,San Francisco Bay Area,featured,no,prior,Connects e-commerce and digital marketing,emea,equity,https://www.episerver.com,official_site,https://www.accel-kkr.com/portfolio/,https://www.accel-kkr.com/portfolio-company/episerver/,,https://www.accel-kkr.com/portfolio/
ESG,Accel-KKR,accel-kkr,Menlo Park,San Francisco Bay Area,featured,no,current,Transaction management for retail energy,emea,credit,https://esgglobal.com,official_site,https://www.accel-kkr.com/portfolio/,https://www.accel-kkr.com/portfolio-company/esg/,,https://www.accel-kkr.com/portfolio/
ESO,Accel-KKR,accel-kkr,Menlo Park,San Francisco Bay Area,featured,no,current,"Software for EMS agencies, fire departments, and hospitals",north america,credit,https://www.eso.com,official_site,https://www.accel-kkr.com/portfolio/,https://www.accel-kkr.com/portfolio-company/eso/,,https://www.accel-kkr.com/portfolio/
ESTELA,Accel-KKR,accel-kkr,Menlo Park,San Francisco Bay Area,featured,no,current,Electronic tax and signature solutions,latin america,equity,https://www.estela.com,official_site,https://www.accel-kkr.com/portfolio/,https://www.accel-kkr.com/portfolio-company/estela/,,https://www.accel-kkr.com/portfolio/
Evaran,Accel-KKR,accel-kkr,Menlo Park,San Francisco Bay Area,featured,no,unknown,Connected capability across the care journey,asia pacific,equity,https://evaran.com,official_site,https://www.accel-kkr.com/portfolio/,https://www.accel-kkr.com/portfolio-company/evaran/,,https://www.accel-kkr.com/portfolio/
Exxat,Accel-KKR,accel-kkr,Menlo Park,San Francisco Bay Area,featured,no,current,Technology for clinical and experiential education,north america,equity,https://lltrck.com,official_site,https://www.accel-kkr.com/portfolio/,https://www.accel-kkr.com/portfolio-company/exaat/,,https://www.accel-kkr.com/portfolio/
FastSpring,Accel-KKR,accel-kkr,Menlo Park,San Francisco Bay Area,featured,no,current,Cloud-based e-commerce platform,north america,equity,https://fastspring.com,official_site,https://www.accel-kkr.com/portfolio/,https://www.accel-kkr.com/portfolio-company/fastspring/,,https://www.accel-kkr.com/portfolio/
FM:Systems,Accel-KKR,accel-kkr,Menlo Park,San Francisco Bay Area,featured,no,prior,Integrated workplace management solutions,north america,credit,https://fmsystems.com,official_site,https://www.accel-kkr.com/portfolio/,https://www.accel-kkr.com/portfolio-company/fmsystems/,,https://www.accel-kkr.com/portfolio/
Forcura,Accel-KKR,accel-kkr,Menlo Park,San Francisco Bay Area,featured,no,prior,Continuity of care solutions for healthcare,north america,equity,https://www.forcura.com,official_site,https://www.accel-kkr.com/portfolio/,https://www.accel-kkr.com/portfolio-company/forcura/,,https://www.accel-kkr.com/portfolio/
FRISS,Accel-KKR,accel-kkr,Menlo Park,San Francisco Bay Area,featured,no,current,Fraud and risk detection for insurance,emea,equity,https://www.friss.com,official_site,https://www.accel-kkr.com/portfolio/,https://www.accel-kkr.com/portfolio-company/friss/,,https://www.accel-kkr.com/portfolio/
GPS Insight,Accel-KKR,accel-kkr,Menlo Park,San Francisco Bay Area,featured,no,current,Fleet management and field service software,north america,equity,https://www.gpsinsight.com,official_site,https://www.accel-kkr.com/portfolio/,https://www.accel-kkr.com/portfolio-company/gps-insight/,,https://www.accel-kkr.com/portfolio/
Green Mountain Technology,Accel-KKR,accel-kkr,Menlo Park,San Francisco Bay Area,featured,no,prior,Parcel spend management solutions,north america,credit,https://www.greenmountaintechnology.com/gmt,official_site,https://www.accel-kkr.com/portfolio/,https://www.accel-kkr.com/portfolio-company/green-mountain-technology/,,https://www.accel-kkr.com/portfolio/
Greenshades,Accel-KKR,accel-kkr,Menlo Park,San Francisco Bay Area,featured,no,current,"Provider of payroll, tax compliance, and HR solutions",north america,equity,https://go.greenshades.com,official_site,https://www.accel-kkr.com/portfolio/,https://www.accel-kkr.com/portfolio-company/greenshades/,,https://www.accel-kkr.com/portfolio/
HighJump,Accel-KKR,accel-kkr,Menlo Park,San Francisco Bay Area,featured,no,prior,Supply chain management software,north america,equity,https://www.highjump.com,official_site,https://www.accel-kkr.com/portfolio/,https://www.accel-kkr.com/portfolio-company/highjump/,,https://www.accel-kkr.com/portfolio/
HighWire,Accel-KKR,accel-kkr,Menlo Park,San Francisco Bay Area,featured,no,prior,Technology solutions for publishers,north america,equity,https://www.highwirepress.com,official_site,https://www.accel-kkr.com/portfolio/,https://www.accel-kkr.com/portfolio-company/highwire/,,https://www.accel-kkr.com/portfolio/
Humanforce,Accel-KKR,accel-kkr,Menlo Park,San Francisco Bay Area,featured,no,current,Workforce management solutions,asia pacific,equity,https://humanforce.com,official_site,https://www.accel-kkr.com/portfolio/,https://www.accel-kkr.com/portfolio-company/humanforce/,,https://www.accel-kkr.com/portfolio/
imed,Accel-KKR,accel-kkr,Menlo Park,San Francisco Bay Area,featured,no,current,Online platform for Chilean healthcare,latin america,equity,https://imed.cl,official_site,https://www.accel-kkr.com/portfolio/,https://www.accel-kkr.com/portfolio-company/imed/,,https://www.accel-kkr.com/portfolio/
InfoMC,Accel-KKR,accel-kkr,Menlo Park,San Francisco Bay Area,featured,no,prior,Cloud-based healthcare management software,north america,credit,https://lltrck.com,official_site,https://www.accel-kkr.com/portfolio/,https://www.accel-kkr.com/portfolio-company/infomc/,,https://www.accel-kkr.com/portfolio/
IntegriChain,Accel-KKR,accel-kkr,Menlo Park,San Francisco Bay Area,featured,no,prior,Data and business process platform for life sciences,north america,equity,https://www.integrichain.com,official_site,https://www.accel-kkr.com/portfolio/,https://www.accel-kkr.com/portfolio-company/integrichain/,,https://www.accel-kkr.com/portfolio/
IntelePeer,Accel-KKR,accel-kkr,Menlo Park,San Francisco Bay Area,featured,no,current,Communications automation with AI,north america,credit,https://intelepeer.ai,official_site,https://www.accel-kkr.com/portfolio/,https://www.accel-kkr.com/portfolio-company/intelepeer/,,https://www.accel-kkr.com/portfolio/
IntrinsiQ,Accel-KKR,accel-kkr,Menlo Park,San Francisco Bay Area,featured,no,prior,Oncology data and analysis,north america,equity,https://www.intrinsiq.com,official_site,https://www.accel-kkr.com/portfolio/,https://www.accel-kkr.com/portfolio-company/intrinsiq/,,https://www.accel-kkr.com/portfolio/
isolved HCM,Accel-KKR,accel-kkr,Menlo Park,San Francisco Bay Area,featured,no,current,Employee experience and HCM solutions,north america,equity,https://www.isolvedhcm.com,official_site,https://www.accel-kkr.com/portfolio/,https://www.accel-kkr.com/portfolio-company/isolvedhcm/,,https://www.accel-kkr.com/portfolio/
ITC,Accel-KKR,accel-kkr,Menlo Park,San Francisco Bay Area,featured,no,prior,Websites and software for insurance,north america,equity,https://www.getitc.com,official_site,https://www.accel-kkr.com/portfolio/,https://www.accel-kkr.com/portfolio-company/itc/,,https://www.accel-kkr.com/portfolio/
iTradeNetwork,Accel-KKR,accel-kkr,Menlo Park,San Francisco Bay Area,featured,no,prior,On-demand solutions for the food industry,north america,equity,https://www.itradenetwork.com,official_site,https://www.accel-kkr.com/portfolio/,https://www.accel-kkr.com/portfolio-company/itradenetwork/,,https://www.accel-kkr.com/portfolio/
Jaggaer,Accel-KKR,accel-kkr,Menlo Park,San Francisco Bay Area,featured,no,prior,Spend management solutions,north america,equity,https://www.jaggaer.com,official_site,https://www.accel-kkr.com/portfolio/,https://www.accel-kkr.com/portfolio-company/jaggaer/,,https://www.accel-kkr.com/portfolio/
Kaleris,Accel-KKR,accel-kkr,Menlo Park,San Francisco Bay Area,featured,no,current,Transportation and yard management solutions,north america,credit,https://www.kaleris.com,official_site,https://www.accel-kkr.com/portfolio/,https://www.accel-kkr.com/portfolio-company/kaleris/,,https://www.accel-kkr.com/portfolio/
KANA,Accel-KKR,accel-kkr,Menlo Park,San Francisco Bay Area,featured,no,prior,Customer service solutions provider,north america,equity,,official_site,https://www.accel-kkr.com/portfolio/,https://www.accel-kkr.com/portfolio-company/kana/,,https://www.accel-kkr.com/portfolio/
Kantata,Accel-KKR,accel-kkr,Menlo Park,San Francisco Bay Area,featured,no,current,Professional services automation software,emea,equity,https://lltrck.com,official_site,https://www.accel-kkr.com/portfolio/,https://www.accel-kkr.com/portfolio-company/kantata/,,https://www.accel-kkr.com/portfolio/
KCS,Accel-KKR,accel-kkr,Menlo Park,San Francisco Bay Area,featured,no,prior,Specialist ERP software and services,emea,equity,https://www.kerridgecsna.com,official_site,https://www.accel-kkr.com/portfolio/,https://www.accel-kkr.com/portfolio-company/kcs/,,https://www.accel-kkr.com/portfolio/
Layered Technologies,Accel-KKR,accel-kkr,Menlo Park,San Francisco Bay Area,featured,no,prior,Cloud computing and hosting solutions,north america,equity,,official_site,https://www.accel-kkr.com/portfolio/,https://www.accel-kkr.com/portfolio-company/layered-technologies/,,https://www.accel-kkr.com/portfolio/
LeagueApps,Accel-KKR,accel-kkr,Menlo Park,San Francisco Bay Area,featured,no,current,Youth sports management platform,north america,equity,https://leagueapps.com,official_site,https://www.accel-kkr.com/portfolio/,https://www.accel-kkr.com/portfolio-company/leagueapps/,,https://www.accel-kkr.com/portfolio/
LeanDNA,Accel-KKR,accel-kkr,Menlo Park,San Francisco Bay Area,featured,no,current,AI supply chain technology,emea,equity,https://lltrck.com,official_site,https://www.accel-kkr.com/portfolio/,https://www.accel-kkr.com/portfolio-company/leandna/,,https://www.accel-kkr.com/portfolio/
Lemontech,Accel-KKR,accel-kkr,Menlo Park,San Francisco Bay Area,featured,no,current,SaaS software for law firms in Latin America,latin america,equity,https://www.lemontech.com,official_site,https://www.accel-kkr.com/portfolio/,https://www.accel-kkr.com/portfolio-company/lemontech/,,https://www.accel-kkr.com/portfolio/
Loftware,Accel-KKR,accel-kkr,Menlo Park,San Francisco Bay Area,featured,no,current,Enterprise labeling and artwork management,north america,equity,https://www.loftware.com,official_site,https://www.accel-kkr.com/portfolio/,https://www.accel-kkr.com/portfolio-company/loftware/,,https://www.accel-kkr.com/portfolio/
MarketFactory,Accel-KKR,accel-kkr,Menlo Park,San Francisco Bay Area,featured,no,prior,API for currency exchanges,north america,credit,https://www.marketfactory.com,official_site,https://www.accel-kkr.com/portfolio/,https://www.accel-kkr.com/portfolio-company/marketfactory/,,https://www.accel-kkr.com/portfolio/
Masabi,Accel-KKR,accel-kkr,Menlo Park,San Francisco Bay Area,featured,no,current,Fare payments-as-a-service for public transit,emea,equity,https://www.masabi.com,official_site,https://www.accel-kkr.com/portfolio/,https://www.accel-kkr.com/portfolio-company/masabi/,,https://www.accel-kkr.com/portfolio/
Mcmtech,Accel-KKR,accel-kkr,Menlo Park,San Francisco Bay Area,featured,no,current,"Mission-critical asset, inventory and work order management software",emea,equity,https://www.mcmtechnology.com,official_site,https://www.accel-kkr.com/portfolio/,https://www.accel-kkr.com/portfolio-company/mcmtech/,,https://www.accel-kkr.com/portfolio/
Ministry Brands,Accel-KKR,accel-kkr,Menlo Park,San Francisco Bay Area,featured,no,prior,Solutions for faith-based organizations,north america,equity,https://www.ministrybrands.com,official_site,https://www.accel-kkr.com/portfolio/,https://www.accel-kkr.com/portfolio-company/ministry-brands/,,https://www.accel-kkr.com/portfolio/
Mobile Health,Accel-KKR,accel-kkr,Menlo Park,San Francisco Bay Area,featured,no,current,Digital health and virtual care solutions,north america,credit,https://lltrck.com,official_site,https://www.accel-kkr.com/portfolio/,https://www.accel-kkr.com/portfolio-company/mobile-health/,,https://www.accel-kkr.com/portfolio/
Model N,Accel-KKR,accel-kkr,Menlo Park,San Francisco Bay Area,featured,no,prior,Revenue management solutions for life sciences and tech,north america,equity,http://www.modeln.com,official_site,https://www.accel-kkr.com/portfolio/,https://www.accel-kkr.com/portfolio-company/model-n/,,https://www.accel-kkr.com/portfolio/
MyComplianceOffice,Accel-KKR,accel-kkr,Menlo Park,San Francisco Bay Area,featured,no,current,Compliance management software,emea,credit,https://mco.mycomplianceoffice.com,official_site,https://www.accel-kkr.com/portfolio/,https://www.accel-kkr.com/portfolio-company/mycomplianceoffice/,,https://www.accel-kkr.com/portfolio/
NAVTOR,Accel-KKR,accel-kkr,Menlo Park,San Francisco Bay Area,featured,no,current,E-navigation solutions for the maritime sector,emea,equity,https://www.navtor.com,official_site,https://www.accel-kkr.com/portfolio/,https://www.accel-kkr.com/portfolio-company/navtor/,,https://www.accel-kkr.com/portfolio/
North Plains,Accel-KKR,accel-kkr,Menlo Park,San Francisco Bay Area,featured,no,prior,Digital asset management and publishing solutions,north america,equity,https://lltrck.com,official_site,https://www.accel-kkr.com/portfolio/,https://www.accel-kkr.com/portfolio-company/north-plains/,,https://www.accel-kkr.com/portfolio/
NovoPath,Accel-KKR,accel-kkr,Menlo Park,San Francisco Bay Area,featured,no,current,Laboratory information systems,north america,equity,https://lltrck.com,official_site,https://www.accel-kkr.com/portfolio/,https://www.accel-kkr.com/portfolio-company/novopath/,,https://www.accel-kkr.com/portfolio/
Ntracts,Accel-KKR,accel-kkr,Menlo Park,San Francisco Bay Area,featured,no,current,Contract lifecycle management for healthcare,north america,equity,https://www.ntracts.com,official_site,https://www.accel-kkr.com/portfolio/,https://www.accel-kkr.com/portfolio-company/ntracts/,,https://www.accel-kkr.com/portfolio/
Nutrislice,Accel-KKR,accel-kkr,Menlo Park,San Francisco Bay Area,featured,no,current,Foodservice engagement platform,north america,equity,https://lltrck.com,official_site,https://www.accel-kkr.com/portfolio/,https://www.accel-kkr.com/portfolio-company/nutrislice/,,https://www.accel-kkr.com/portfolio/
N­-able Technologies,Accel-KKR,accel-kkr,Menlo Park,San Francisco Bay Area,featured,no,prior,Remote monitoring and management solutions,north america,equity,https://lltrck.com,official_site,https://www.accel-kkr.com/portfolio/,https://www.accel-kkr.com/portfolio-company/n-able-technologies/,,https://www.accel-kkr.com/portfolio/
Ocuco,Accel-KKR,accel-kkr,Menlo Park,San Francisco Bay Area,featured,no,current,Omnichannel software for the eyecare market,emea,equity,https://lltrck.com,official_site,https://www.accel-kkr.com/portfolio/,https://www.accel-kkr.com/portfolio-company/ocuco/,,https://www.accel-kkr.com/portfolio/
Office Timeline,Accel-KKR,accel-kkr,Menlo Park,San Francisco Bay Area,featured,no,current,Project management visualization tools,north america,equity,https://www.officetimeline.com,official_site,https://www.accel-kkr.com/portfolio/,https://www.accel-kkr.com/portfolio-company/office-timeline/,,https://www.accel-kkr.com/portfolio/
Oildex,Accel-KKR,accel-kkr,Menlo Park,San Francisco Bay Area,featured,no,prior,Financial supply chain automation for oil and gas,north america,equity,,official_site,https://www.accel-kkr.com/portfolio/,https://www.accel-kkr.com/portfolio-company/oildex/,,https://www.accel-kkr.com/portfolio/
On Center Software,Accel-KKR,accel-kkr,Menlo Park,San Francisco Bay Area,featured,no,prior,Take-off and estimation software for construction,north america,equity,http://www.oncenter.com,official_site,https://www.accel-kkr.com/portfolio/,https://www.accel-kkr.com/portfolio-company/on-center-software/,,https://www.accel-kkr.com/portfolio/
One.com,Accel-KKR,accel-kkr,Menlo Park,San Francisco Bay Area,featured,no,prior,Web hosting solutions and domain names,emea,equity,https://www.one.com/en,official_site,https://www.accel-kkr.com/portfolio/,https://www.accel-kkr.com/portfolio-company/one-com/,,https://www.accel-kkr.com/portfolio/
OneShield,Accel-KKR,accel-kkr,Menlo Park,San Francisco Bay Area,featured,no,current,Business solutions for property and casualty insurers,north america,credit,https://oneshield.com,official_site,https://www.accel-kkr.com/portfolio/,https://www.accel-kkr.com/portfolio-company/oneshield/,,https://www.accel-kkr.com/portfolio/
Opera Solutions,Accel-KKR,accel-kkr,Menlo Park,San Francisco Bay Area,featured,no,prior,Machine learning and big data analytics,north america,equity,,official_site,https://www.accel-kkr.com/portfolio/,https://www.accel-kkr.com/portfolio-company/opera-solutions/,,https://www.accel-kkr.com/portfolio/
OrderMyGear,Accel-KKR,accel-kkr,Menlo Park,San Francisco Bay Area,featured,no,prior,Online stores for branded merchandise,north america,credit,https://www.ordermygear.com,official_site,https://www.accel-kkr.com/portfolio/,https://www.accel-kkr.com/portfolio-company/ordermygear/,,https://www.accel-kkr.com/portfolio/
OrthoFi,Accel-KKR,accel-kkr,Menlo Park,San Francisco Bay Area,featured,no,current,Tech-enabled solutions for orthodontists,north america,equity,https://orthofi.com,official_site,https://www.accel-kkr.com/portfolio/,https://www.accel-kkr.com/portfolio-company/orthofi/,,https://www.accel-kkr.com/portfolio/
Pacera,Accel-KKR,accel-kkr,Menlo Park,San Francisco Bay Area,featured,no,current,"Pacera unifies financial close, consolidation and FP&A.",emea,equity,https://pacera.com,official_site,https://www.accel-kkr.com/portfolio/,https://www.accel-kkr.com/portfolio-company/pacera/,,https://www.accel-kkr.com/portfolio/
PageUp People,Accel-KKR,accel-kkr,Menlo Park,San Francisco Bay Area,featured,no,prior,Unified talent management software,asia pacific,equity,http://www.pageuppeople.com,official_site,https://www.accel-kkr.com/portfolio/,https://www.accel-kkr.com/portfolio-company/pageup-people/,,https://www.accel-kkr.com/portfolio/
Partnerize,Accel-KKR,accel-kkr,Menlo Park,San Francisco Bay Area,featured,no,current,Partnership automation platform,emea,equity,https://partnerize.com/en,official_site,https://www.accel-kkr.com/portfolio/,https://www.accel-kkr.com/portfolio-company/partnerize/,,https://www.accel-kkr.com/portfolio/
Patientco,Accel-KKR,accel-kkr,Menlo Park,San Francisco Bay Area,featured,no,prior,Patient financial communications and payments,north america,equity,https://www.patientco.com,official_site,https://www.accel-kkr.com/portfolio/,https://www.accel-kkr.com/portfolio-company/patientco/,,https://www.accel-kkr.com/portfolio/
Paymentus (NYSE: PAY),Accel-KKR,accel-kkr,Menlo Park,San Francisco Bay Area,featured,no,current,Cloud-based bill payment technology,north america,equity,https://www.paymentus.com,official_site,https://www.accel-kkr.com/portfolio/,https://www.accel-kkr.com/portfolio-company/paymentus/,,https://www.accel-kkr.com/portfolio/
Pegasus,Accel-KKR,accel-kkr,Menlo Park,San Francisco Bay Area,featured,no,unknown,,,,,geig_article,https://growthequityinterviewguide.com/private-equity/private-equity-primer/technology-private-equity-firms,,,https://www.accel-kkr.com/portfolio/
Pegasus Management,Accel-KKR,accel-kkr,Menlo Park,San Francisco Bay Area,featured,no,prior,Workforce management for industrial sites,asia pacific,equity,https://pegasus.net.au,official_site,https://www.accel-kkr.com/portfolio/,https://www.accel-kkr.com/portfolio-company/pegasus-management/,,https://www.accel-kkr.com/portfolio/
Peppermint Technology,Accel-KKR,accel-kkr,Menlo Park,San Francisco Bay Area,featured,no,prior,Cloud software for the legal sector,emea,credit,https://www.pepperminttechnology.co.uk,official_site,https://www.accel-kkr.com/portfolio/,https://www.accel-kkr.com/portfolio-company/peppermint-technology/,,https://www.accel-kkr.com/portfolio/
Phocas Software,Accel-KKR,accel-kkr,Menlo Park,San Francisco Bay Area,featured,no,current,ERP-connected data platform.,emea,equity,https://lltrck.com,official_site,https://www.accel-kkr.com/portfolio/,https://www.accel-kkr.com/portfolio-company/phocas-software/,,https://www.accel-kkr.com/portfolio/
PointRight,Accel-KKR,accel-kkr,Menlo Park,San Francisco Bay Area,featured,no,prior,Analytics for long-term care facilities,north america,credit,http://www.pointright.com,official_site,https://www.accel-kkr.com/portfolio/,https://www.accel-kkr.com/portfolio-company/pointright/,,https://www.accel-kkr.com/portfolio/
PrismHR,Accel-KKR,accel-kkr,Menlo Park,San Francisco Bay Area,featured,no,prior,HR software solutions for PEOs and ASOs,north america,equity,https://www.prismhr.com,official_site,https://www.accel-kkr.com/portfolio/,https://www.accel-kkr.com/portfolio-company/prismhr/,,https://www.accel-kkr.com/portfolio/
PropLogix,Accel-KKR,accel-kkr,Menlo Park,San Francisco Bay Area,featured,no,current,Due diligence reports and services for title agents,north america,equity,https://lltrck.com,official_site,https://www.accel-kkr.com/portfolio/,https://www.accel-kkr.com/portfolio-company/proplogix/,,https://www.accel-kkr.com/portfolio/
Quartex,Accel-KKR,accel-kkr,Menlo Park,San Francisco Bay Area,featured,no,current,Workforce management and EHS software,asia pacific,equity,https://quartexsoftware.com,official_site,https://www.accel-kkr.com/portfolio/,https://www.accel-kkr.com/portfolio-company/quartex/,,https://www.accel-kkr.com/portfolio/
Rackspace,Accel-KKR,accel-kkr,Menlo Park,San Francisco Bay Area,featured,no,prior,End-to-end multicloud services,north america,equity,https://www.rackspace.com,official_site,https://www.accel-kkr.com/portfolio/,https://www.accel-kkr.com/portfolio-company/rackspace/,,https://www.accel-kkr.com/portfolio/
Reapit,Accel-KKR,accel-kkr,Menlo Park,San Francisco Bay Area,featured,no,current,CRM and client accounting for real estate,emea,equity,https://lltrck.com,official_site,https://www.accel-kkr.com/portfolio/,https://www.accel-kkr.com/portfolio-company/reapit/,,https://www.accel-kkr.com/portfolio/
Recurly,Accel-KKR,accel-kkr,Menlo Park,San Francisco Bay Area,featured,no,current,Subscription management and billing platform,north america,equity,https://recurly.com,official_site|geig_article,https://www.accel-kkr.com/portfolio/|https://growthequityinterviewguide.com/private-equity/private-equity-primer/technology-private-equity-firms,https://www.accel-kkr.com/portfolio-company/recurly/,,https://www.accel-kkr.com/portfolio/
REG Technologies,Accel-KKR,accel-kkr,Menlo Park,San Francisco Bay Area,featured,no,current,Compliance and regulatory software for insurance & financial sectors,emea,equity,https://reg.uk.com,official_site,https://www.accel-kkr.com/portfolio/,https://www.accel-kkr.com/portfolio-company/reg-technologies/,,https://www.accel-kkr.com/portfolio/
Residex,Accel-KKR,accel-kkr,Menlo Park,San Francisco Bay Area,featured,no,current,A software solution for assisted living and group homes,north america,equity,https://lltrck.com,official_site,https://www.accel-kkr.com/portfolio/,https://www.accel-kkr.com/portfolio-company/residex/,,https://www.accel-kkr.com/portfolio/
RiseSmart,Accel-KKR,accel-kkr,Menlo Park,San Francisco Bay Area,featured,no,prior,Career transition services,north america,equity,http://www.risesmart.com,official_site,https://www.accel-kkr.com/portfolio/,https://www.accel-kkr.com/portfolio-company/risesmart/,,https://www.accel-kkr.com/portfolio/
Saber,Accel-KKR,accel-kkr,Menlo Park,San Francisco Bay Area,featured,no,prior,Software for government agencies,north america,equity,,official_site,https://www.accel-kkr.com/portfolio/,https://www.accel-kkr.com/portfolio-company/saber/,,https://www.accel-kkr.com/portfolio/
Safeguard Global,Accel-KKR,accel-kkr,Menlo Park,San Francisco Bay Area,featured,no,current,Global workforce deployment solutions,north america,equity,https://www.safeguardglobal.com,official_site,https://www.accel-kkr.com/portfolio/,https://www.accel-kkr.com/portfolio-company/safeguard-global/,,https://www.accel-kkr.com/portfolio/
Salary.com,Accel-KKR,accel-kkr,Menlo Park,San Francisco Bay Area,featured,no,current,Compensation data and software,north america,equity,https://www.salary.com,official_site|geig_article,https://www.accel-kkr.com/portfolio/|https://growthequityinterviewguide.com/private-equity/private-equity-primer/technology-private-equity-firms,https://www.accel-kkr.com/portfolio-company/salary-com/,,https://www.accel-kkr.com/portfolio/
Salsa Labs,Accel-KKR,accel-kkr,Menlo Park,San Francisco Bay Area,featured,no,prior,Fundraising and marketing for nonprofits,north america,equity,https://www.salsalabs.com,official_site,https://www.accel-kkr.com/portfolio/,https://www.accel-kkr.com/portfolio-company/salsa-labs/,,https://www.accel-kkr.com/portfolio/
Sandata Technologies,Accel-KKR,accel-kkr,Menlo Park,San Francisco Bay Area,featured,no,prior,Home care solutions provider,north america,equity,https://www.sandata.com,official_site,https://www.accel-kkr.com/portfolio/,https://www.accel-kkr.com/portfolio-company/sandata-technologies/,,https://www.accel-kkr.com/portfolio/
Savista,Accel-KKR,accel-kkr,Menlo Park,San Francisco Bay Area,featured,no,prior,Technology solutions for restaurants,north america,equity,,official_site,https://www.accel-kkr.com/portfolio/,https://www.accel-kkr.com/portfolio-company/savista/,,https://www.accel-kkr.com/portfolio/
Seequent,Accel-KKR,accel-kkr,Menlo Park,San Francisco Bay Area,featured,no,prior,3D geological modeling software,asia pacific,credit,https://www.seequent.com,official_site,https://www.accel-kkr.com/portfolio/,https://www.accel-kkr.com/portfolio-company/seequent/,,https://www.accel-kkr.com/portfolio/
Sensor Tower,Accel-KKR,accel-kkr,Menlo Park,San Francisco Bay Area,featured,no,current,Market intelligence for the digital economy,north america,credit,https://sensortower.com,official_site,https://www.accel-kkr.com/portfolio/,https://www.accel-kkr.com/portfolio-company/sensor-tower/,,https://www.accel-kkr.com/portfolio/
ShowingTime,Accel-KKR,accel-kkr,Menlo Park,San Francisco Bay Area,featured,no,prior,Showing management and market stats for real estate,north america,credit,https://www.showingtime.com,official_site,https://www.accel-kkr.com/portfolio/,https://www.accel-kkr.com/portfolio-company/showingtime/,,https://www.accel-kkr.com/portfolio/
Siigo,Accel-KKR,accel-kkr,Menlo Park,San Francisco Bay Area,featured,no,current,Accounting and administrative software in Colombia,latin america,equity,https://lltrck.com,official_site,https://www.accel-kkr.com/portfolio/,https://www.accel-kkr.com/portfolio-company/siigo/,,https://www.accel-kkr.com/portfolio/
Singletrack,Accel-KKR,accel-kkr,Menlo Park,San Francisco Bay Area,featured,no,current,Client engagement for capital markets,emea,equity,https://www.singletrack.com,official_site,https://www.accel-kkr.com/portfolio/,https://www.accel-kkr.com/portfolio-company/singletrack/,,https://www.accel-kkr.com/portfolio/
SIS,Accel-KKR,accel-kkr,Menlo Park,San Francisco Bay Area,featured,no,prior,Perioperative IT solutions,north america,equity,https://www.sisfirst.com,official_site,https://www.accel-kkr.com/portfolio/,https://www.accel-kkr.com/portfolio-company/sis/,,https://www.accel-kkr.com/portfolio/
Smart Communications,Accel-KKR,accel-kkr,Menlo Park,San Francisco Bay Area,featured,no,current,Cloud-based customer communications,emea,credit,https://www.smartcommunications.com,official_site,https://www.accel-kkr.com/portfolio/,https://www.accel-kkr.com/portfolio-company/smart-communications/,,https://www.accel-kkr.com/portfolio/
Springbrook Software,Accel-KKR,accel-kkr,Menlo Park,San Francisco Bay Area,featured,no,current,Cloud-based finance for local government,north america,equity,https://lltrck.com,official_site,https://www.accel-kkr.com/portfolio/,https://www.accel-kkr.com/portfolio-company/springbrook-software/,,https://www.accel-kkr.com/portfolio/
Staritas,Accel-KKR,accel-kkr,Menlo Park,San Francisco Bay Area,featured,no,current,Helps healthcare supply chain leaders make informed decisions,north america,equity,https://staritas.com,official_site,https://www.accel-kkr.com/portfolio/,https://www.accel-kkr.com/portfolio-company/staritas/,,https://www.accel-kkr.com/portfolio/
StoreForce,Accel-KKR,accel-kkr,Menlo Park,San Francisco Bay Area,featured,no,current,Sales performance platform for specialty retail,north america,equity,https://storeforcesolutions.com,official_site,https://www.accel-kkr.com/portfolio/,https://www.accel-kkr.com/portfolio-company/storeforce/,,https://www.accel-kkr.com/portfolio/
Submittable,Accel-KKR,accel-kkr,Menlo Park,San Francisco Bay Area,featured,no,current,Social impact platform for managing programs,north america,equity,https://lltrck.com,official_site,https://www.accel-kkr.com/portfolio/,https://www.accel-kkr.com/portfolio-company/submittable/,,https://www.accel-kkr.com/portfolio/
SugarAI,Accel-KKR,accel-kkr,Menlo Park,San Francisco Bay Area,featured,no,current,An AI-powered platform for account intelligence and growth,north america,credit,https://sugarai.com,official_site,https://www.accel-kkr.com/portfolio/,https://www.accel-kkr.com/portfolio-company/sugarai/,,https://www.accel-kkr.com/portfolio/
Sycurio,Accel-KKR,accel-kkr,Menlo Park,San Francisco Bay Area,featured,no,current,Compliance software for contact centers,emea,credit,https://sycurio.com,official_site,https://www.accel-kkr.com/portfolio/,https://www.accel-kkr.com/portfolio-company/sycurio/,,https://www.accel-kkr.com/portfolio/
Symfonia,Accel-KKR,accel-kkr,Menlo Park,San Francisco Bay Area,featured,no,current,ERP and payroll software for SMEs in Poland,emea,equity,https://symfonia.pl,official_site,https://www.accel-kkr.com/portfolio/,https://www.accel-kkr.com/portfolio-company/symfonia/,,https://www.accel-kkr.com/portfolio/
Systems & Software,Accel-KKR,accel-kkr,Menlo Park,San Francisco Bay Area,featured,no,prior,Customer information systems for utilities,north america,equity,http://www.systemsandsoftware.net,official_site,https://www.accel-kkr.com/portfolio/,https://www.accel-kkr.com/portfolio-company/systems-software/,,https://www.accel-kkr.com/portfolio/
Tactiq,Accel-KKR,accel-kkr,Menlo Park,San Francisco Bay Area,featured,no,current,Solutions for the DSD distribution model,north america,credit,https://www.tactiqtech.com,official_site,https://www.accel-kkr.com/portfolio/,https://www.accel-kkr.com/portfolio-company/tactiq/,,https://www.accel-kkr.com/portfolio/
Tai Software,Accel-KKR,accel-kkr,Menlo Park,San Francisco Bay Area,featured,no,current,Transportation management software,north america,equity,https://tai-software.com,official_site,https://www.accel-kkr.com/portfolio/,https://www.accel-kkr.com/portfolio-company/tai-software/,,https://www.accel-kkr.com/portfolio/
TapClicks,Accel-KKR,accel-kkr,Menlo Park,San Francisco Bay Area,featured,no,current,Smart marketing cloud platform,north america,credit,https://www.tapclicks.com,official_site,https://www.accel-kkr.com/portfolio/,https://www.accel-kkr.com/portfolio-company/tapclicks/,,https://www.accel-kkr.com/portfolio/
TaxDome,Accel-KKR,accel-kkr,Menlo Park,San Francisco Bay Area,featured,no,current,Practice management software for accounting and tax firms,north america,credit,https://taxdome.com,official_site,https://www.accel-kkr.com/portfolio/,https://www.accel-kkr.com/portfolio-company/taxdome/,,https://www.accel-kkr.com/portfolio/
TEAM Software,Accel-KKR,accel-kkr,Menlo Park,San Francisco Bay Area,featured,no,prior,Workforce management for contractors,north america,equity,https://teamsoftware.com,official_site,https://www.accel-kkr.com/portfolio/,https://www.accel-kkr.com/portfolio-company/team-software/,,https://www.accel-kkr.com/portfolio/
Teamcore,Accel-KKR,accel-kkr,Menlo Park,San Francisco Bay Area,featured,no,current,In-store availability management for retail,latin america,equity,https://www.teamcore.net,official_site,https://www.accel-kkr.com/portfolio/,https://www.accel-kkr.com/portfolio-company/teamcore/,,https://www.accel-kkr.com/portfolio/
TELCOR,Accel-KKR,accel-kkr,Menlo Park,San Francisco Bay Area,featured,no,current,Laboratory revenue cycle management software,north america,equity,https://telcor.com,official_site,https://www.accel-kkr.com/portfolio/,https://www.accel-kkr.com/portfolio-company/telcor/,,https://www.accel-kkr.com/portfolio/
Tipalti,Accel-KKR,accel-kkr,Menlo Park,San Francisco Bay Area,featured,no,current,The agentic AI platform for finance,north america,,https://tipalti.com,official_site,https://www.accel-kkr.com/portfolio/,https://www.accel-kkr.com/portfolio-company/tipalti/,,https://www.accel-kkr.com/portfolio/
Tithe.ly,Accel-KKR,accel-kkr,Menlo Park,San Francisco Bay Area,featured,no,current,Software for churches and faith-based organizations,north america,equity,https://get.tithe.ly,official_site,https://www.accel-kkr.com/portfolio/,https://www.accel-kkr.com/portfolio-company/tithe-ly/,,https://www.accel-kkr.com/portfolio/
ToolsGroup,Accel-KKR,accel-kkr,Menlo Park,San Francisco Bay Area,featured,no,current,Supply chain planning and demand analytics,emea,equity,https://lltrck.com,official_site,https://www.accel-kkr.com/portfolio/,https://www.accel-kkr.com/portfolio-company/toolsgroup/,,https://www.accel-kkr.com/portfolio/
Trax Technologies,Accel-KKR,accel-kkr,Menlo Park,San Francisco Bay Area,featured,no,current,Transportation spend management solutions,north america,credit,https://www.traxtech.com,official_site,https://www.accel-kkr.com/portfolio/,https://www.accel-kkr.com/portfolio-company/trax/,,https://www.accel-kkr.com/portfolio/
TREND Health Partners,Accel-KKR,accel-kkr,Menlo Park,San Francisco Bay Area,featured,no,current,Healthcare payment integrity solutions,north america,credit,https://lltrck.com,official_site,https://www.accel-kkr.com/portfolio/,https://www.accel-kkr.com/portfolio-company/trend-health-partners/,,https://www.accel-kkr.com/portfolio/
TrueCommerce,Accel-KKR,accel-kkr,Menlo Park,San Francisco Bay Area,featured,no,current,Global commerce network for trading partners,north america,credit,https://lltrck.com,official_site,https://www.accel-kkr.com/portfolio/,https://www.accel-kkr.com/portfolio-company/truecommerce/,,https://www.accel-kkr.com/portfolio/
Unimarket,Accel-KKR,accel-kkr,Menlo Park,San Francisco Bay Area,featured,no,current,Cloud-based procurement solution,asia pacific,equity,https://unimarket.com,official_site,https://www.accel-kkr.com/portfolio/,https://www.accel-kkr.com/portfolio-company/unimarket/,,https://www.accel-kkr.com/portfolio/
UpKeep,Accel-KKR,accel-kkr,Menlo Park,San Francisco Bay Area,featured,no,current,"One Platform for CMMS, Safety, and Asset Operations",north america,equity,https://lltrck.com,official_site,https://www.accel-kkr.com/portfolio/,https://www.accel-kkr.com/portfolio-company/upkeep/,,https://www.accel-kkr.com/portfolio/
Uptick,Accel-KKR,accel-kkr,Menlo Park,San Francisco Bay Area,featured,no,prior,Software for building compliance,asia pacific,equity,https://www.uptickhq.com,official_site,https://www.accel-kkr.com/portfolio/,https://www.accel-kkr.com/portfolio-company/uptick/,,https://www.accel-kkr.com/portfolio/
US eDirect,Accel-KKR,accel-kkr,Menlo Park,San Francisco Bay Area,featured,no,prior,Recreational revenue management for government,north america,credit,https://outdoors.usedirect.com,official_site,https://www.accel-kkr.com/portfolio/,https://www.accel-kkr.com/portfolio-company/us-edirect/,,https://www.accel-kkr.com/portfolio/
Vendavo,Accel-KKR,accel-kkr,Menlo Park,San Francisco Bay Area,featured,no,current,Pricing and sales SaaS solutions for manufacturers,north america,equity,https://lltrck.com,official_site,https://www.accel-kkr.com/portfolio/,https://www.accel-kkr.com/portfolio-company/vendavo/,,https://www.accel-kkr.com/portfolio/
Veoci,Accel-KKR,accel-kkr,Menlo Park,San Francisco Bay Area,featured,no,current,Emergency response & resilience mgmt software platform,emea,credit,https://veoci.com,official_site,https://www.accel-kkr.com/portfolio/,https://www.accel-kkr.com/portfolio-company/veoci/,,https://www.accel-kkr.com/portfolio/
Veryon,Accel-KKR,accel-kkr,Menlo Park,San Francisco Bay Area,featured,no,current,Aviation software and information services,north america,equity,https://veryon.com,official_site,https://www.accel-kkr.com/portfolio/,https://www.accel-kkr.com/portfolio-company/veryon/,,https://www.accel-kkr.com/portfolio/
VisiQuate,Accel-KKR,accel-kkr,Menlo Park,San Francisco Bay Area,featured,no,current,Revenue cycle analytics and automation for healthcare,north america,equity,https://www.visiquate.com,official_site,https://www.accel-kkr.com/portfolio/,https://www.accel-kkr.com/portfolio-company/visiquate/,,https://www.accel-kkr.com/portfolio/
Vistex,Accel-KKR,accel-kkr,Menlo Park,San Francisco Bay Area,featured,no,prior,"Pricing, trade, and incentive management solutions",north america,equity,,official_site,https://www.accel-kkr.com/portfolio/,https://www.accel-kkr.com/portfolio-company/vistex/,,https://www.accel-kkr.com/portfolio/
Vitu,Accel-KKR,accel-kkr,Menlo Park,San Francisco Bay Area,featured,no,current,Vehicle-to-government process management solutions,north america,equity,https://lltrck.com,official_site,https://www.accel-kkr.com/portfolio/,https://www.accel-kkr.com/portfolio-company/vitu/,,https://www.accel-kkr.com/portfolio/
Vobile Group,Accel-KKR,accel-kkr,Menlo Park,San Francisco Bay Area,featured,no,prior,Online video content protection and monetization,asia pacific,credit,http://www.vobilegroup.com/vobile-home,official_site,https://www.accel-kkr.com/portfolio/,https://www.accel-kkr.com/portfolio-company/vobile/,,https://www.accel-kkr.com/portfolio/
VYNE,Accel-KKR,accel-kkr,Menlo Park,San Francisco Bay Area,featured,no,prior,Secure health information exchange solutions,north america,equity,https://www.vynecorp.com,official_site,https://www.accel-kkr.com/portfolio/,https://www.accel-kkr.com/portfolio-company/vyne/,,https://www.accel-kkr.com/portfolio/
Whip Around,Accel-KKR,accel-kkr,Menlo Park,San Francisco Bay Area,featured,no,current,Fleet maintenance and compliance software provider.,emea,equity,https://lltrck.com,official_site,https://www.accel-kkr.com/portfolio/,https://www.accel-kkr.com/portfolio-company/whip-around/,,https://www.accel-kkr.com/portfolio/
Wistia,Accel-KKR,accel-kkr,Menlo Park,San Francisco Bay Area,featured,no,prior,Video hosting and marketing for SMBs,north america,credit,https://wistia.com,official_site,https://www.accel-kkr.com/portfolio/,https://www.accel-kkr.com/portfolio-company/wistia/,,https://www.accel-kkr.com/portfolio/
WorkTango,Accel-KKR,accel-kkr,Menlo Park,San Francisco Bay Area,featured,no,prior,Employee engagement software,north america,credit,https://www.worktango.com,official_site,https://www.accel-kkr.com/portfolio/,https://www.accel-kkr.com/portfolio-company/worktango/,,https://www.accel-kkr.com/portfolio/
Xtiva,Accel-KKR,accel-kkr,Menlo Park,San Francisco Bay Area,featured,no,prior,Sales performance management for finance,north america,credit,https://xtiva.com,official_site,https://www.accel-kkr.com/portfolio/,https://www.accel-kkr.com/portfolio-company/xtiva/,,https://www.accel-kkr.com/portfolio/
Yes Energy,Accel-KKR,accel-kkr,Menlo Park,San Francisco Bay Area,featured,no,current,Power market data and analytics,north america,credit,https://www.yesenergy.com,official_site,https://www.accel-kkr.com/portfolio/,https://www.accel-kkr.com/portfolio-company/yes-energy/,,https://www.accel-kkr.com/portfolio/
YourEncore,Accel-KKR,accel-kkr,Menlo Park,San Francisco Bay Area,featured,no,prior,Innovation solutions for various industries,north america,equity,https://www.yourencore.com,official_site,https://www.accel-kkr.com/portfolio/,https://www.accel-kkr.com/portfolio-company/yourencore/,,https://www.accel-kkr.com/portfolio/
Zinc Ahead,Accel-KKR,accel-kkr,Menlo Park,San Francisco Bay Area,featured,no,prior,Marketing compliance for life sciences,emea,equity,https://www.veeva.com/resources/veeva-systems-acquires-zinc-ahead,official_site,https://www.accel-kkr.com/portfolio/,https://www.accel-kkr.com/portfolio-company/zinc-ahead/,,https://www.accel-kkr.com/portfolio/
ABRA Auto Body & Glass,Hellman & Friedman,hellman-friedman,San Francisco,San Francisco Bay Area,featured,no,current,,,,,official_site,https://hf.com/wp-json/wp/v2/portfolio,https://hf.com/portfolio/abra/,,https://hf.com/portfolio/
Action,Hellman & Friedman,hellman-friedman,San Francisco,San Francisco Bay Area,featured,no,current,,,,,official_site,https://hf.com/wp-json/wp/v2/portfolio,https://hf.com/portfolio/action/,,https://hf.com/portfolio/
Activant Solutions,Hellman & Friedman,hellman-friedman,San Francisco,San Francisco Bay Area,featured,no,current,,,,,official_site,https://hf.com/wp-json/wp/v2/portfolio,https://hf.com/portfolio/activant/,,https://hf.com/portfolio/
Advanstar Communications,Hellman & Friedman,hellman-friedman,San Francisco,San Francisco Bay Area,featured,no,current,,,,,official_site,https://hf.com/wp-json/wp/v2/portfolio,https://hf.com/portfolio/advanstar-communications/,,https://hf.com/portfolio/
"AlixPartners, LLP",Hellman & Friedman,hellman-friedman,San Francisco,San Francisco Bay Area,featured,no,current,,,,,official_site,https://hf.com/wp-json/wp/v2/portfolio,https://hf.com/portfolio/alixpartners-llp/,,https://hf.com/portfolio/
Allfunds S.A.,Hellman & Friedman,hellman-friedman,San Francisco,San Francisco Bay Area,featured,no,current,,,,,official_site,https://hf.com/wp-json/wp/v2/portfolio,https://hf.com/portfolio/allfunds/,,https://hf.com/portfolio/
Applied Systems,Hellman & Friedman,hellman-friedman,San Francisco,San Francisco Bay Area,featured,no,current,,,,,official_site,https://hf.com/wp-json/wp/v2/portfolio,https://hf.com/portfolio/applied-systems-inc/,,https://hf.com/portfolio/
Arch Capital Group,Hellman & Friedman,hellman-friedman,San Francisco,San Francisco Bay Area,featured,no,current,,,,,official_site,https://hf.com/wp-json/wp/v2/portfolio,https://hf.com/portfolio/arch-capital-group/,,https://hf.com/portfolio/
Artisan Partners Asset Management,Hellman & Friedman,hellman-friedman,San Francisco,San Francisco Bay Area,featured,no,current,,,,,official_site,https://hf.com/wp-json/wp/v2/portfolio,https://hf.com/portfolio/artisan-partners-asset-management-inc/,,https://hf.com/portfolio/
Associated Materials Incorporated,Hellman & Friedman,hellman-friedman,San Francisco,San Francisco Bay Area,featured,no,current,,,,,official_site,https://hf.com/wp-json/wp/v2/portfolio,https://hf.com/portfolio/associated-materials-incorporated/,,https://hf.com/portfolio/
At Home,Hellman & Friedman,hellman-friedman,San Francisco,San Francisco Bay Area,featured,no,current,,,,,official_site,https://hf.com/wp-json/wp/v2/portfolio,https://hf.com/portfolio/at-home/,,https://hf.com/portfolio/
athenahealth,Hellman & Friedman,hellman-friedman,San Francisco,San Francisco Bay Area,featured,no,current,,,,,official_site,https://hf.com/wp-json/wp/v2/portfolio,https://hf.com/portfolio/athenahealth/,,https://hf.com/portfolio/
AutoScout24,Hellman & Friedman,hellman-friedman,San Francisco,San Francisco Bay Area,featured,no,current,,,,,official_site,https://hf.com/wp-json/wp/v2/portfolio,https://hf.com/portfolio/autoscout24/,,https://hf.com/portfolio/
Axel Springer AG,Hellman & Friedman,hellman-friedman,San Francisco,San Francisco Bay Area,featured,no,current,,,,,official_site,https://hf.com/wp-json/wp/v2/portfolio,https://hf.com/portfolio/axel-springer-ag/,,https://hf.com/portfolio/
Baker Tilly,Hellman & Friedman,hellman-friedman,San Francisco,San Francisco Bay Area,featured,no,current,,,,,official_site,https://hf.com/wp-json/wp/v2/portfolio,https://hf.com/portfolio/baker-tilly/,,https://hf.com/portfolio/
Belron,Hellman & Friedman,hellman-friedman,San Francisco,San Francisco Bay Area,featured,no,current,,,,,official_site,https://hf.com/wp-json/wp/v2/portfolio,https://hf.com/portfolio/belron/,,https://hf.com/portfolio/
Blackbaud,Hellman & Friedman,hellman-friedman,San Francisco,San Francisco Bay Area,featured,no,current,,,,,official_site,https://hf.com/wp-json/wp/v2/portfolio,https://hf.com/portfolio/blackbaud-inc/,,https://hf.com/portfolio/
Caliber Collision,Hellman & Friedman,hellman-friedman,San Francisco,San Francisco Bay Area,featured,no,current,,,,,official_site,https://hf.com/wp-json/wp/v2/portfolio,https://hf.com/portfolio/caliber-collision/,,https://hf.com/portfolio/
CarProof Corporation,Hellman & Friedman,hellman-friedman,San Francisco,San Francisco Bay Area,featured,no,current,,,,,official_site,https://hf.com/wp-json/wp/v2/portfolio,https://hf.com/portfolio/carproof-corporation/,,https://hf.com/portfolio/
Catalina Marketing Corporation,Hellman & Friedman,hellman-friedman,San Francisco,San Francisco Bay Area,featured,no,current,,,,,official_site,https://hf.com/wp-json/wp/v2/portfolio,https://hf.com/portfolio/catalina-marketing-corporation/,,https://hf.com/portfolio/
Change Healthcare,Hellman & Friedman,hellman-friedman,San Francisco,San Francisco Bay Area,featured,no,current,,,,,official_site,https://hf.com/wp-json/wp/v2/portfolio,https://hf.com/portfolio/change-healthcare/,,https://hf.com/portfolio/
Checkmarx,Hellman & Friedman,hellman-friedman,San Francisco,San Francisco Bay Area,featured,no,current,,,,,official_site|geig_article,https://hf.com/wp-json/wp/v2/portfolio|https://growthequityinterviewguide.com/private-equity/private-equity-primer/technology-private-equity-firms,https://hf.com/portfolio/checkmarx/,,https://hf.com/portfolio/
Circana,Hellman & Friedman,hellman-friedman,San Francisco,San Francisco Bay Area,featured,no,current,,,,,official_site,https://hf.com/wp-json/wp/v2/portfolio,https://hf.com/portfolio/circana/,,https://hf.com/portfolio/
Claritev Corporation,Hellman & Friedman,hellman-friedman,San Francisco,San Francisco Bay Area,featured,no,current,,,,,official_site,https://hf.com/wp-json/wp/v2/portfolio,https://hf.com/portfolio/claritev/,,https://hf.com/portfolio/
Cordis,Hellman & Friedman,hellman-friedman,San Francisco,San Francisco Bay Area,featured,no,current,,,,,official_site,https://hf.com/wp-json/wp/v2/portfolio,https://hf.com/portfolio/cordis/,,https://hf.com/portfolio/
Curriculum Associates,Hellman & Friedman,hellman-friedman,San Francisco,San Francisco Bay Area,featured,no,current,,,,,official_site,https://hf.com/wp-json/wp/v2/portfolio,https://hf.com/portfolio/curriculum-associates/,,https://hf.com/portfolio/
Digitas,Hellman & Friedman,hellman-friedman,San Francisco,San Francisco Bay Area,featured,no,current,,,,,official_site,https://hf.com/wp-json/wp/v2/portfolio,https://hf.com/portfolio/digitas-inc/,,https://hf.com/portfolio/
DoubleClick,Hellman & Friedman,hellman-friedman,San Francisco,San Francisco Bay Area,featured,no,current,,,,,official_site,https://hf.com/wp-json/wp/v2/portfolio,https://hf.com/portfolio/doubleclick-inc/,,https://hf.com/portfolio/
Edelman Financial Engines,Hellman & Friedman,hellman-friedman,San Francisco,San Francisco Bay Area,featured,no,current,,,,,official_site,https://hf.com/wp-json/wp/v2/portfolio,https://hf.com/portfolio/edelman-financial-engines/,,https://hf.com/portfolio/
Eller Media,Hellman & Friedman,hellman-friedman,San Francisco,San Francisco Bay Area,featured,no,current,,,,,official_site,https://hf.com/wp-json/wp/v2/portfolio,https://hf.com/portfolio/eller-media-company-inc/,,https://hf.com/portfolio/
Ellucian,Hellman & Friedman,hellman-friedman,San Francisco,San Francisco Bay Area,featured,no,current,,,,,official_site,https://hf.com/wp-json/wp/v2/portfolio,https://hf.com/portfolio/ellucian-inc/,,https://hf.com/portfolio/
Enverus,Hellman & Friedman,hellman-friedman,San Francisco,San Francisco Bay Area,featured,no,current,,,,,official_site,https://hf.com/wp-json/wp/v2/portfolio,https://hf.com/portfolio/enverus/,,https://hf.com/portfolio/
Formula One,Hellman & Friedman,hellman-friedman,San Francisco,San Francisco Bay Area,featured,no,unknown,,,,,geig_article,https://growthequityinterviewguide.com/private-equity/private-equity-primer/technology-private-equity-firms,,,https://hf.com/portfolio/
Formula One Holdings Limited,Hellman & Friedman,hellman-friedman,San Francisco,San Francisco Bay Area,featured,no,current,,,,,official_site,https://hf.com/wp-json/wp/v2/portfolio,https://hf.com/portfolio/formula-one-holdings-limited/,,https://hf.com/portfolio/
Franklin Resources,Hellman & Friedman,hellman-friedman,San Francisco,San Francisco Bay Area,featured,no,current,,,,,official_site,https://hf.com/wp-json/wp/v2/portfolio,https://hf.com/portfolio/franklin-resources-inc/,,https://hf.com/portfolio/
Gartmore Investment Management Limited,Hellman & Friedman,hellman-friedman,San Francisco,San Francisco Bay Area,featured,no,current,,,,,official_site,https://hf.com/wp-json/wp/v2/portfolio,https://hf.com/portfolio/gartmore-investment-mgmt-limited/,,https://hf.com/portfolio/
Gaztransport & Technigaz S.A.S.,Hellman & Friedman,hellman-friedman,San Francisco,San Francisco Bay Area,featured,no,current,,,,,official_site,https://hf.com/wp-json/wp/v2/portfolio,https://hf.com/portfolio/gaztransport-technigaz-s-a-s/,,https://hf.com/portfolio/
Genesys,Hellman & Friedman,hellman-friedman,San Francisco,San Francisco Bay Area,featured,no,current,,,,,official_site,https://hf.com/wp-json/wp/v2/portfolio,https://hf.com/portfolio/genesys/,,https://hf.com/portfolio/
GeoVera Insurance Group Holdings,Hellman & Friedman,hellman-friedman,San Francisco,San Francisco Bay Area,featured,no,current,,,,,official_site,https://hf.com/wp-json/wp/v2/portfolio,https://hf.com/portfolio/geovera-insurance-group-holdings-ltd/,,https://hf.com/portfolio/
Getty Images,Hellman & Friedman,hellman-friedman,San Francisco,San Francisco Bay Area,featured,no,current,,,,,official_site,https://hf.com/wp-json/wp/v2/portfolio,https://hf.com/portfolio/getty-images-inc/,,https://hf.com/portfolio/
Global Music Rights,Hellman & Friedman,hellman-friedman,San Francisco,San Francisco Bay Area,featured,no,current,,,,,official_site,https://hf.com/wp-json/wp/v2/portfolio,https://hf.com/portfolio/global-music-rights/,,https://hf.com/portfolio/
Goodman Global,Hellman & Friedman,hellman-friedman,San Francisco,San Francisco Bay Area,featured,no,current,,,,,official_site,https://hf.com/wp-json/wp/v2/portfolio,https://hf.com/portfolio/goodman-global-inc/,,https://hf.com/portfolio/
Grocery Outlet,Hellman & Friedman,hellman-friedman,San Francisco,San Francisco Bay Area,featured,no,current,,,,,official_site,https://hf.com/wp-json/wp/v2/portfolio,https://hf.com/portfolio/grocery-outlet-inc/,,https://hf.com/portfolio/
Grosvenor Capital Management,Hellman & Friedman,hellman-friedman,San Francisco,San Francisco Bay Area,featured,no,current,,,,,official_site,https://hf.com/wp-json/wp/v2/portfolio,https://hf.com/portfolio/grosvenor-capital-management/,,https://hf.com/portfolio/
HUB International Limited,Hellman & Friedman,hellman-friedman,San Francisco,San Francisco Bay Area,featured,no,current,,,,,official_site,https://hf.com/wp-json/wp/v2/portfolio,https://hf.com/portfolio/hub-international-limited/,,https://hf.com/portfolio/
Intergraph Corporation,Hellman & Friedman,hellman-friedman,San Francisco,San Francisco Bay Area,featured,no,current,,,,,official_site,https://hf.com/wp-json/wp/v2/portfolio,https://hf.com/portfolio/intergraph-corporation/,,https://hf.com/portfolio/
Internet Brands,Hellman & Friedman,hellman-friedman,San Francisco,San Francisco Bay Area,featured,no,current,,,,,official_site,https://hf.com/wp-json/wp/v2/portfolio,https://hf.com/portfolio/internet-brands-inc/,,https://hf.com/portfolio/
IRIS Software Group Limited,Hellman & Friedman,hellman-friedman,San Francisco,San Francisco Bay Area,featured,no,current,,,,,official_site,https://hf.com/wp-json/wp/v2/portfolio,https://hf.com/portfolio/iris-software-group-limited/,,https://hf.com/portfolio/
LPL Financial Holdings,Hellman & Friedman,hellman-friedman,San Francisco,San Francisco Bay Area,featured,no,current,,,,,official_site,https://hf.com/wp-json/wp/v2/portfolio,https://hf.com/portfolio/lpl-financial-holdings-inc/,,https://hf.com/portfolio/
Medline,Hellman & Friedman,hellman-friedman,San Francisco,San Francisco Bay Area,featured,no,current,,,,,official_site,https://hf.com/wp-json/wp/v2/portfolio,https://hf.com/portfolio/medline/,,https://hf.com/portfolio/
Mehiläinen,Hellman & Friedman,hellman-friedman,San Francisco,San Francisco Bay Area,featured,no,current,,,,,official_site,https://hf.com/wp-json/wp/v2/portfolio,https://hf.com/portfolio/mehilainen/,,https://hf.com/portfolio/
Mitchell International Holdings,Hellman & Friedman,hellman-friedman,San Francisco,San Francisco Bay Area,featured,no,current,,,,,official_site,https://hf.com/wp-json/wp/v2/portfolio,https://hf.com/portfolio/mitchell-international-holdings-inc/,,https://hf.com/portfolio/
Mondrian,Hellman & Friedman,hellman-friedman,San Francisco,San Francisco Bay Area,featured,no,unknown,,,,,geig_article,https://growthequityinterviewguide.com/private-equity/private-equity-primer/technology-private-equity-firms,,,https://hf.com/portfolio/
Mondrian Investment Partners,Hellman & Friedman,hellman-friedman,San Francisco,San Francisco Bay Area,featured,no,current,,,,,official_site,https://hf.com/wp-json/wp/v2/portfolio,https://hf.com/portfolio/mondrian-investment-partners-ltd/,,https://hf.com/portfolio/
Nasdaq,Hellman & Friedman,hellman-friedman,San Francisco,San Francisco Bay Area,featured,no,unknown,,,,,geig_article,https://growthequityinterviewguide.com/private-equity/private-equity-primer/technology-private-equity-firms,,,https://hf.com/portfolio/
Nasdaq Stock Market,Hellman & Friedman,hellman-friedman,San Francisco,San Francisco Bay Area,featured,no,current,,,,,official_site,https://hf.com/wp-json/wp/v2/portfolio,https://hf.com/portfolio/nasdaq-stock-market-llc/,,https://hf.com/portfolio/
Nets A/S,Hellman & Friedman,hellman-friedman,San Francisco,San Francisco Bay Area,featured,no,current,,,,,official_site,https://hf.com/wp-json/wp/v2/portfolio,https://hf.com/portfolio/nets-a-s/,,https://hf.com/portfolio/
Nexi,Hellman & Friedman,hellman-friedman,San Francisco,San Francisco Bay Area,featured,no,current,,,,,official_site,https://hf.com/wp-json/wp/v2/portfolio,https://hf.com/portfolio/nexi/,,https://hf.com/portfolio/
Nielsen N.V.,Hellman & Friedman,hellman-friedman,San Francisco,San Francisco Bay Area,featured,no,current,,,,,official_site,https://hf.com/wp-json/wp/v2/portfolio,https://hf.com/portfolio/nielsen-n-v/,,https://hf.com/portfolio/
OpenLink International Holdings,Hellman & Friedman,hellman-friedman,San Francisco,San Francisco Bay Area,featured,no,current,,,,,official_site,https://hf.com/wp-json/wp/v2/portfolio,https://hf.com/portfolio/openlink-international-holdings-inc/,,https://hf.com/portfolio/
PARIS RE Holdings Limited,Hellman & Friedman,hellman-friedman,San Francisco,San Francisco Bay Area,featured,no,current,,,,,official_site,https://hf.com/wp-json/wp/v2/portfolio,https://hf.com/portfolio/paris-re-holdings-limited/,,https://hf.com/portfolio/
Pharmaceutical Product Development,Hellman & Friedman,hellman-friedman,San Francisco,San Francisco Bay Area,featured,no,current,,,,,official_site,https://hf.com/wp-json/wp/v2/portfolio,https://hf.com/portfolio/pharmaceutical-product-development-llc/,,https://hf.com/portfolio/
PointClickCare,Hellman & Friedman,hellman-friedman,San Francisco,San Francisco Bay Area,featured,no,current,,,,,official_site,https://hf.com/wp-json/wp/v2/portfolio,https://hf.com/portfolio/pointclickcare/,,https://hf.com/portfolio/
ProSiebenSat.1 Media AG,Hellman & Friedman,hellman-friedman,San Francisco,San Francisco Bay Area,featured,no,current,,,,,official_site,https://hf.com/wp-json/wp/v2/portfolio,https://hf.com/portfolio/prosiebensat-1-media-ag/,,https://hf.com/portfolio/
Renaissance Learning,Hellman & Friedman,hellman-friedman,San Francisco,San Francisco Bay Area,featured,no,current,,,,,official_site,https://hf.com/wp-json/wp/v2/portfolio,https://hf.com/portfolio/renaissance-learning-inc/,,https://hf.com/portfolio/
Safe-Guard,Hellman & Friedman,hellman-friedman,San Francisco,San Francisco Bay Area,featured,no,current,,,,,official_site,https://hf.com/wp-json/wp/v2/portfolio,https://hf.com/portfolio/safe-guard/,,https://hf.com/portfolio/
Scout24,Hellman & Friedman,hellman-friedman,San Francisco,San Francisco Bay Area,featured,no,unknown,,,,,geig_article,https://growthequityinterviewguide.com/private-equity/private-equity-primer/technology-private-equity-firms,,,https://hf.com/portfolio/
Scout24 Holding GmbH,Hellman & Friedman,hellman-friedman,San Francisco,San Francisco Bay Area,featured,no,current,,,,,official_site,https://hf.com/wp-json/wp/v2/portfolio,https://hf.com/portfolio/scout24-holding-gmbh/,,https://hf.com/portfolio/
Sedgwick CMS,Hellman & Friedman,hellman-friedman,San Francisco,San Francisco Bay Area,featured,no,current,,,,,official_site,https://hf.com/wp-json/wp/v2/portfolio,https://hf.com/portfolio/sedgwick-cms/,,https://hf.com/portfolio/
Sheridan Holdings,Hellman & Friedman,hellman-friedman,San Francisco,San Francisco Bay Area,featured,no,current,,,,,official_site,https://hf.com/wp-json/wp/v2/portfolio,https://hf.com/portfolio/sheridan-holdings-inc/,,https://hf.com/portfolio/
SimpliSafe,Hellman & Friedman,hellman-friedman,San Francisco,San Francisco Bay Area,featured,no,current,,,,,official_site,https://hf.com/wp-json/wp/v2/portfolio,https://hf.com/portfolio/simplisafe/,,https://hf.com/portfolio/
Snap One,Hellman & Friedman,hellman-friedman,San Francisco,San Francisco Bay Area,featured,no,current,,,,,official_site,https://hf.com/wp-json/wp/v2/portfolio,https://hf.com/portfolio/snapone/,,https://hf.com/portfolio/
Splunk,Hellman & Friedman,hellman-friedman,San Francisco,San Francisco Bay Area,featured,no,current,,,,,official_site,https://hf.com/wp-json/wp/v2/portfolio,https://hf.com/portfolio/splunk/,,https://hf.com/portfolio/
Sprinklr,Hellman & Friedman,hellman-friedman,San Francisco,San Francisco Bay Area,featured,no,current,,,,,official_site,https://hf.com/wp-json/wp/v2/portfolio,https://hf.com/portfolio/sprinklr/,,https://hf.com/portfolio/
SSP Holdings,Hellman & Friedman,hellman-friedman,San Francisco,San Francisco Bay Area,featured,no,current,,,,,official_site,https://hf.com/wp-json/wp/v2/portfolio,https://hf.com/portfolio/ssp-holdings-plc/,,https://hf.com/portfolio/
TeamSystem,Hellman & Friedman,hellman-friedman,San Francisco,San Francisco Bay Area,featured,no,current,,,,,official_site,https://hf.com/wp-json/wp/v2/portfolio,https://hf.com/portfolio/teamsystem/,,https://hf.com/portfolio/
Texas Genco,Hellman & Friedman,hellman-friedman,San Francisco,San Francisco Bay Area,featured,no,current,,,,,official_site,https://hf.com/wp-json/wp/v2/portfolio,https://hf.com/portfolio/texas-genco-llc/,,https://hf.com/portfolio/
UKG (Ultimate Kronos Group),Hellman & Friedman,hellman-friedman,San Francisco,San Francisco Bay Area,featured,no,current,,,,,official_site,https://hf.com/wp-json/wp/v2/portfolio,https://hf.com/portfolio/ukg-ultimate-kronos-group/,,https://hf.com/portfolio/
Vantage Group Holdings,Hellman & Friedman,hellman-friedman,San Francisco,San Francisco Bay Area,featured,no,current,,,,,official_site,https://hf.com/wp-json/wp/v2/portfolio,https://hf.com/portfolio/vantage-group-holdings-ltd/,,https://hf.com/portfolio/
Verisure,Hellman & Friedman,hellman-friedman,San Francisco,San Francisco Bay Area,featured,no,current,,,,,official_site,https://hf.com/wp-json/wp/v2/portfolio,https://hf.com/portfolio/verisure/,,https://hf.com/portfolio/
Vertafore,Hellman & Friedman,hellman-friedman,San Francisco,San Francisco Bay Area,featured,no,current,,,,,official_site,https://hf.com/wp-json/wp/v2/portfolio,https://hf.com/portfolio/vertafore-inc/,,https://hf.com/portfolio/
Web Reservations International,Hellman & Friedman,hellman-friedman,San Francisco,San Francisco Bay Area,featured,no,current,,,,,official_site,https://hf.com/wp-json/wp/v2/portfolio,https://hf.com/portfolio/web-reservations-international-ltd/,,https://hf.com/portfolio/
Wood Mackenzie,Hellman & Friedman,hellman-friedman,San Francisco,San Francisco Bay Area,featured,no,current,,,,,official_site,https://hf.com/wp-json/wp/v2/portfolio,https://hf.com/portfolio/wood-mackenzie-ltd/,,https://hf.com/portfolio/
Young & Rubicam,Hellman & Friedman,hellman-friedman,San Francisco,San Francisco Bay Area,featured,no,current,,,,,official_site,https://hf.com/wp-json/wp/v2/portfolio,https://hf.com/portfolio/young-rubicam-inc/,,https://hf.com/portfolio/
Zendesk,Hellman & Friedman,hellman-friedman,San Francisco,San Francisco Bay Area,featured,no,current,,,,,official_site,https://hf.com/wp-json/wp/v2/portfolio,https://hf.com/portfolio/zendesk/,,https://hf.com/portfolio/
zooplus,Hellman & Friedman,hellman-friedman,San Francisco,San Francisco Bay Area,featured,no,current,,,,,official_site,https://hf.com/wp-json/wp/v2/portfolio,https://hf.com/portfolio/zooplus/,,https://hf.com/portfolio/
2checkout Avangate,Francisco Partners,francisco-partners,San Francisco,San Francisco Bay Area,honorable_mention,no,unknown,,,,,official_site,https://www.franciscopartners.com/investments,https://www.franciscopartners.com/investments/2checkout-avangate,,https://www.franciscopartners.com/investments
8x8,Francisco Partners,francisco-partners,San Francisco,San Francisco Bay Area,honorable_mention,no,unknown,,,,,official_site,https://www.franciscopartners.com/investments,https://www.franciscopartners.com/investments/8x8,,https://www.franciscopartners.com/investments
Accela,Francisco Partners,francisco-partners,San Francisco,San Francisco Bay Area,honorable_mention,no,unknown,,,,,official_site,https://www.franciscopartners.com/investments,https://www.franciscopartners.com/investments/accela,,https://www.franciscopartners.com/investments
Aconex,Francisco Partners,francisco-partners,San Francisco,San Francisco Bay Area,honorable_mention,no,unknown,,,,,official_site,https://www.franciscopartners.com/investments,https://www.franciscopartners.com/investments/aconex,,https://www.franciscopartners.com/investments
Acoustic,Francisco Partners,francisco-partners,San Francisco,San Francisco Bay Area,honorable_mention,no,unknown,,,,,official_site,https://www.franciscopartners.com/investments,https://www.franciscopartners.com/investments/acoustic,,https://www.franciscopartners.com/investments
Aderant,Francisco Partners,francisco-partners,San Francisco,San Francisco Bay Area,honorable_mention,no,unknown,,,,,official_site,https://www.franciscopartners.com/investments,https://www.franciscopartners.com/investments/aderant,,https://www.franciscopartners.com/investments
Advancedmd,Francisco Partners,francisco-partners,San Francisco,San Francisco Bay Area,honorable_mention,no,unknown,,,,,official_site,https://www.franciscopartners.com/investments,https://www.franciscopartners.com/investments/advancedmd,,https://www.franciscopartners.com/investments
Aeries Software,Francisco Partners,francisco-partners,San Francisco,San Francisco Bay Area,honorable_mention,no,unknown,,,,,official_site,https://www.franciscopartners.com/investments,https://www.franciscopartners.com/investments/aeries-software,,https://www.franciscopartners.com/investments
Aesynt,Francisco Partners,francisco-partners,San Francisco,San Francisco Bay Area,honorable_mention,no,unknown,,,,,official_site,https://www.franciscopartners.com/investments,https://www.franciscopartners.com/investments/aesynt,,https://www.franciscopartners.com/investments
Akqa,Francisco Partners,francisco-partners,San Francisco,San Francisco Bay Area,honorable_mention,no,unknown,,,,,official_site,https://www.franciscopartners.com/investments,https://www.franciscopartners.com/investments/akqa,,https://www.franciscopartners.com/investments
Andhealth,Francisco Partners,francisco-partners,San Francisco,San Francisco Bay Area,honorable_mention,no,unknown,,,,,official_site,https://www.franciscopartners.com/investments,https://www.franciscopartners.com/investments/andhealth,,https://www.franciscopartners.com/investments
API Healthcare,Francisco Partners,francisco-partners,San Francisco,San Francisco Bay Area,honorable_mention,no,unknown,,,,,official_site,https://www.franciscopartners.com/investments,https://www.franciscopartners.com/investments/api-healthcare,,https://www.franciscopartners.com/investments
Attachmate,Francisco Partners,francisco-partners,San Francisco,San Francisco Bay Area,honorable_mention,no,unknown,,,,,official_site,https://www.franciscopartners.com/investments,https://www.franciscopartners.com/investments/attachmate,,https://www.franciscopartners.com/investments
Attenti,Francisco Partners,francisco-partners,San Francisco,San Francisco Bay Area,honorable_mention,no,unknown,,,,,official_site,https://www.franciscopartners.com/investments,https://www.franciscopartners.com/investments/attenti,,https://www.franciscopartners.com/investments
Availity,Francisco Partners,francisco-partners,San Francisco,San Francisco Bay Area,honorable_mention,no,unknown,,,,,official_site,https://www.franciscopartners.com/investments,https://www.franciscopartners.com/investments/availity,,https://www.franciscopartners.com/investments
Avalon,Francisco Partners,francisco-partners,San Francisco,San Francisco Bay Area,honorable_mention,no,unknown,,,,,official_site,https://www.franciscopartners.com/investments,https://www.franciscopartners.com/investments/avalon,,https://www.franciscopartners.com/investments
Barbri,Francisco Partners,francisco-partners,San Francisco,San Francisco Bay Area,honorable_mention,no,unknown,,,,,official_site,https://www.franciscopartners.com/investments,https://www.franciscopartners.com/investments/barbri,,https://www.franciscopartners.com/investments
Barracuda Networks,Francisco Partners,francisco-partners,San Francisco,San Francisco Bay Area,honorable_mention,no,unknown,,,,,official_site,https://www.franciscopartners.com/investments,https://www.franciscopartners.com/investments/barracuda-networks,,https://www.franciscopartners.com/investments
Betterment,Francisco Partners,francisco-partners,San Francisco,San Francisco Bay Area,honorable_mention,no,unknown,,,,,official_site,https://www.franciscopartners.com/investments,https://www.franciscopartners.com/investments/betterment,,https://www.franciscopartners.com/investments
Beyondtrust,Francisco Partners,francisco-partners,San Francisco,San Francisco Bay Area,honorable_mention,no,unknown,,,,,official_site,https://www.franciscopartners.com/investments,https://www.franciscopartners.com/investments/beyondtrust,,https://www.franciscopartners.com/investments
Black Duck,Francisco Partners,francisco-partners,San Francisco,San Francisco Bay Area,honorable_mention,no,unknown,,,,,official_site,https://www.franciscopartners.com/investments,https://www.franciscopartners.com/investments/black-duck,,https://www.franciscopartners.com/investments
Blackline Safety,Francisco Partners,francisco-partners,San Francisco,San Francisco Bay Area,honorable_mention,no,unknown,,,,,official_site,https://www.franciscopartners.com/investments,https://www.franciscopartners.com/investments/blackline-safety,,https://www.franciscopartners.com/investments
Blancco,Francisco Partners,francisco-partners,San Francisco,San Francisco Bay Area,honorable_mention,no,unknown,,,,,official_site,https://www.franciscopartners.com/investments,https://www.franciscopartners.com/investments/blancco,,https://www.franciscopartners.com/investments
Blue Coat,Francisco Partners,francisco-partners,San Francisco,San Francisco Bay Area,honorable_mention,no,unknown,,,,,official_site,https://www.franciscopartners.com/investments,https://www.franciscopartners.com/investments/blue-coat,,https://www.franciscopartners.com/investments
Blujay Kewill,Francisco Partners,francisco-partners,San Francisco,San Francisco Bay Area,honorable_mention,no,unknown,,,,,official_site,https://www.franciscopartners.com/investments,https://www.franciscopartners.com/investments/blujay-kewill,,https://www.franciscopartners.com/investments
Boomi,Francisco Partners,francisco-partners,San Francisco,San Francisco Bay Area,honorable_mention,no,unknown,,,,,official_site,https://www.franciscopartners.com/investments,https://www.franciscopartners.com/investments/boomi,,https://www.franciscopartners.com/investments
Bswift,Francisco Partners,francisco-partners,San Francisco,San Francisco Bay Area,honorable_mention,no,unknown,,,,,official_site,https://www.franciscopartners.com/investments,https://www.franciscopartners.com/investments/bswift,,https://www.franciscopartners.com/investments
C MAC,Francisco Partners,francisco-partners,San Francisco,San Francisco Bay Area,honorable_mention,no,unknown,,,,,official_site,https://www.franciscopartners.com/investments,https://www.franciscopartners.com/investments/c-mac,,https://www.franciscopartners.com/investments
Capsa Healthcare,Francisco Partners,francisco-partners,San Francisco,San Francisco Bay Area,honorable_mention,no,unknown,,,,,official_site,https://www.franciscopartners.com/investments,https://www.franciscopartners.com/investments/capsa-healthcare,,https://www.franciscopartners.com/investments
Capsilon,Francisco Partners,francisco-partners,San Francisco,San Francisco Bay Area,honorable_mention,no,unknown,,,,,official_site,https://www.franciscopartners.com/investments,https://www.franciscopartners.com/investments/capsilon,,https://www.franciscopartners.com/investments
Capsule,Francisco Partners,francisco-partners,San Francisco,San Francisco Bay Area,honorable_mention,no,unknown,,,,,official_site,https://www.franciscopartners.com/investments,https://www.franciscopartners.com/investments/capsule,,https://www.franciscopartners.com/investments
Civitas Learning,Francisco Partners,francisco-partners,San Francisco,San Francisco Bay Area,honorable_mention,no,unknown,,,,,official_site,https://www.franciscopartners.com/investments,https://www.franciscopartners.com/investments/civitas-learning,,https://www.franciscopartners.com/investments
Clicksoftware,Francisco Partners,francisco-partners,San Francisco,San Francisco Bay Area,honorable_mention,no,unknown,,,,,official_site,https://www.franciscopartners.com/investments,https://www.franciscopartners.com/investments/clicksoftware,,https://www.franciscopartners.com/investments
Corsair,Francisco Partners,francisco-partners,San Francisco,San Francisco Bay Area,honorable_mention,no,unknown,,,,,official_site,https://www.franciscopartners.com/investments,https://www.franciscopartners.com/investments/corsair,,https://www.franciscopartners.com/investments
Covermymeds,Francisco Partners,francisco-partners,San Francisco,San Francisco Bay Area,honorable_mention,no,unknown,,,,,official_site,https://www.franciscopartners.com/investments,https://www.franciscopartners.com/investments/covermymeds,,https://www.franciscopartners.com/investments
Cross Match,Francisco Partners,francisco-partners,San Francisco,San Francisco Bay Area,honorable_mention,no,unknown,,,,,official_site,https://www.franciscopartners.com/investments,https://www.franciscopartners.com/investments/cross-match,,https://www.franciscopartners.com/investments
Dextrys,Francisco Partners,francisco-partners,San Francisco,San Francisco Bay Area,honorable_mention,no,unknown,,,,,official_site,https://www.franciscopartners.com/investments,https://www.franciscopartners.com/investments/dextrys,,https://www.franciscopartners.com/investments
Discovery Education,Francisco Partners,francisco-partners,San Francisco,San Francisco Bay Area,honorable_mention,no,unknown,,,,,official_site,https://www.franciscopartners.com/investments,https://www.franciscopartners.com/investments/discovery-education,,https://www.franciscopartners.com/investments
Drawbridge,Francisco Partners,francisco-partners,San Francisco,San Francisco Bay Area,honorable_mention,no,unknown,,,,,official_site,https://www.franciscopartners.com/investments,https://www.franciscopartners.com/investments/drawbridge,,https://www.franciscopartners.com/investments
Dynamo,Francisco Partners,francisco-partners,San Francisco,San Francisco Bay Area,honorable_mention,no,unknown,,,,,official_site,https://www.franciscopartners.com/investments,https://www.franciscopartners.com/investments/dynamo,,https://www.franciscopartners.com/investments
E2open,Francisco Partners,francisco-partners,San Francisco,San Francisco Bay Area,honorable_mention,no,unknown,,,,,official_site,https://www.franciscopartners.com/investments,https://www.franciscopartners.com/investments/e2open,,https://www.franciscopartners.com/investments
Edifecs,Francisco Partners,francisco-partners,San Francisco,San Francisco Bay Area,honorable_mention,no,unknown,,,,,official_site,https://www.franciscopartners.com/investments,https://www.franciscopartners.com/investments/edifecs,,https://www.franciscopartners.com/investments
EF Johnson,Francisco Partners,francisco-partners,San Francisco,San Francisco Bay Area,honorable_mention,no,unknown,,,,,official_site,https://www.franciscopartners.com/investments,https://www.franciscopartners.com/investments/ef-johnson,,https://www.franciscopartners.com/investments
Efficientip,Francisco Partners,francisco-partners,San Francisco,San Francisco Bay Area,honorable_mention,no,unknown,,,,,official_site,https://www.franciscopartners.com/investments,https://www.franciscopartners.com/investments/efficientip,,https://www.franciscopartners.com/investments
Efront,Francisco Partners,francisco-partners,San Francisco,San Francisco Bay Area,honorable_mention,no,unknown,,,,,official_site,https://www.franciscopartners.com/investments,https://www.franciscopartners.com/investments/efront,,https://www.franciscopartners.com/investments
EG Software,Francisco Partners,francisco-partners,San Francisco,San Francisco Bay Area,honorable_mention,no,unknown,,,,,official_site,https://www.franciscopartners.com/investments,https://www.franciscopartners.com/investments/eg-software,,https://www.franciscopartners.com/investments
Elite,Francisco Partners,francisco-partners,San Francisco,San Francisco Bay Area,honorable_mention,no,unknown,,,,,official_site,https://www.franciscopartners.com/investments,https://www.franciscopartners.com/investments/elite,,https://www.franciscopartners.com/investments
Esolutions,Francisco Partners,francisco-partners,San Francisco,San Francisco Bay Area,honorable_mention,no,unknown,,,,,official_site,https://www.franciscopartners.com/investments,https://www.franciscopartners.com/investments/esolutions,,https://www.franciscopartners.com/investments
Eventbrite,Francisco Partners,francisco-partners,San Francisco,San Francisco Bay Area,honorable_mention,no,unknown,,,,,official_site,https://www.franciscopartners.com/investments,https://www.franciscopartners.com/investments/eventbrite,,https://www.franciscopartners.com/investments
Evite,Francisco Partners,francisco-partners,San Francisco,San Francisco Bay Area,honorable_mention,no,unknown,,,,,official_site,https://www.franciscopartners.com/investments,https://www.franciscopartners.com/investments/evite,,https://www.franciscopartners.com/investments
EX Libris,Francisco Partners,francisco-partners,San Francisco,San Francisco Bay Area,honorable_mention,no,unknown,,,,,official_site,https://www.franciscopartners.com/investments,https://www.franciscopartners.com/investments/ex-libris,,https://www.franciscopartners.com/investments
Follett Software,Francisco Partners,francisco-partners,San Francisco,San Francisco Bay Area,honorable_mention,no,unknown,,,,,official_site,https://www.franciscopartners.com/investments,https://www.franciscopartners.com/investments/follett-software,,https://www.franciscopartners.com/investments
Forcepoint,Francisco Partners,francisco-partners,San Francisco,San Francisco Bay Area,honorable_mention,no,unknown,,,,,official_site,https://www.franciscopartners.com/investments,https://www.franciscopartners.com/investments/forcepoint,,https://www.franciscopartners.com/investments
Foundation 9,Francisco Partners,francisco-partners,San Francisco,San Francisco Bay Area,honorable_mention,no,unknown,,,,,official_site,https://www.franciscopartners.com/investments,https://www.franciscopartners.com/investments/foundation-9,,https://www.franciscopartners.com/investments
Frontrange Solutions,Francisco Partners,francisco-partners,San Francisco,San Francisco Bay Area,honorable_mention,no,unknown,,,,,official_site,https://www.franciscopartners.com/investments,https://www.franciscopartners.com/investments/frontrange-solutions,,https://www.franciscopartners.com/investments
Gainsystems,Francisco Partners,francisco-partners,San Francisco,San Francisco Bay Area,honorable_mention,no,unknown,,,,,official_site,https://www.franciscopartners.com/investments,https://www.franciscopartners.com/investments/gainsystems,,https://www.franciscopartners.com/investments
Glorious,Francisco Partners,francisco-partners,San Francisco,San Francisco Bay Area,honorable_mention,no,unknown,,,,,official_site,https://www.franciscopartners.com/investments,https://www.franciscopartners.com/investments/glorious,,https://www.franciscopartners.com/investments
Goodrx,Francisco Partners,francisco-partners,San Francisco,San Francisco Bay Area,honorable_mention,no,unknown,,,,,official_site,https://www.franciscopartners.com/investments,https://www.franciscopartners.com/investments/goodrx,,https://www.franciscopartners.com/investments
Goto,Francisco Partners,francisco-partners,San Francisco,San Francisco Bay Area,honorable_mention,no,unknown,,,,,official_site,https://www.franciscopartners.com/investments,https://www.franciscopartners.com/investments/goto,,https://www.franciscopartners.com/investments
Grass Valley,Francisco Partners,francisco-partners,San Francisco,San Francisco Bay Area,honorable_mention,no,unknown,,,,,official_site,https://www.franciscopartners.com/investments,https://www.franciscopartners.com/investments/grass-valley,,https://www.franciscopartners.com/investments
Greenslate,Francisco Partners,francisco-partners,San Francisco,San Francisco Bay Area,honorable_mention,no,unknown,,,,,official_site,https://www.franciscopartners.com/investments,https://www.franciscopartners.com/investments/greenslate,,https://www.franciscopartners.com/investments
GXS,Francisco Partners,francisco-partners,San Francisco,San Francisco Bay Area,honorable_mention,no,unknown,,,,,official_site,https://www.franciscopartners.com/investments,https://www.franciscopartners.com/investments/gxs,,https://www.franciscopartners.com/investments
Healthcaresource,Francisco Partners,francisco-partners,San Francisco,San Francisco Bay Area,honorable_mention,no,unknown,,,,,official_site,https://www.franciscopartners.com/investments,https://www.franciscopartners.com/investments/healthcaresource,,https://www.franciscopartners.com/investments
Healthland,Francisco Partners,francisco-partners,San Francisco,San Francisco Bay Area,honorable_mention,no,unknown,,,,,official_site,https://www.franciscopartners.com/investments,https://www.franciscopartners.com/investments/healthland,,https://www.franciscopartners.com/investments
Hypercom,Francisco Partners,francisco-partners,San Francisco,San Francisco Bay Area,honorable_mention,no,unknown,,,,,official_site,https://www.franciscopartners.com/investments,https://www.franciscopartners.com/investments/hypercom,,https://www.franciscopartners.com/investments
Iboss,Francisco Partners,francisco-partners,San Francisco,San Francisco Bay Area,honorable_mention,no,unknown,,,,,official_site,https://www.franciscopartners.com/investments,https://www.franciscopartners.com/investments/iboss,,https://www.franciscopartners.com/investments
Ichor,Francisco Partners,francisco-partners,San Francisco,San Francisco Bay Area,honorable_mention,no,unknown,,,,,official_site,https://www.franciscopartners.com/investments,https://www.franciscopartners.com/investments/ichor,,https://www.franciscopartners.com/investments
Iconectiv,Francisco Partners,francisco-partners,San Francisco,San Francisco Bay Area,honorable_mention,no,unknown,,,,,official_site,https://www.franciscopartners.com/investments,https://www.franciscopartners.com/investments/iconectiv,,https://www.franciscopartners.com/investments
Jama Software,Francisco Partners,francisco-partners,San Francisco,San Francisco Bay Area,honorable_mention,no,unknown,,,,,official_site,https://www.franciscopartners.com/investments,https://www.franciscopartners.com/investments/jama-software,,https://www.franciscopartners.com/investments
Jamf,Francisco Partners,francisco-partners,San Francisco,San Francisco Bay Area,honorable_mention,no,unknown,,,,,official_site,https://www.franciscopartners.com/investments,https://www.franciscopartners.com/investments/jamf,,https://www.franciscopartners.com/investments
K2,Francisco Partners,francisco-partners,San Francisco,San Francisco Bay Area,honorable_mention,no,unknown,,,,,official_site,https://www.franciscopartners.com/investments,https://www.franciscopartners.com/investments/k2,,https://www.franciscopartners.com/investments
Keyloop,Francisco Partners,francisco-partners,San Francisco,San Francisco Bay Area,honorable_mention,no,unknown,,,,,official_site,https://www.franciscopartners.com/investments,https://www.franciscopartners.com/investments/keyloop,,https://www.franciscopartners.com/investments
Kobalt,Francisco Partners,francisco-partners,San Francisco,San Francisco Bay Area,honorable_mention,no,unknown,,,,,official_site,https://www.franciscopartners.com/investments,https://www.franciscopartners.com/investments/kobalt,,https://www.franciscopartners.com/investments
Kyruus,Francisco Partners,francisco-partners,San Francisco,San Francisco Bay Area,honorable_mention,no,unknown,,,,,official_site,https://www.franciscopartners.com/investments,https://www.franciscopartners.com/investments/kyruus,,https://www.franciscopartners.com/investments
Landmark,Francisco Partners,francisco-partners,San Francisco,San Francisco Bay Area,honorable_mention,no,unknown,,,,,official_site,https://www.franciscopartners.com/investments,https://www.franciscopartners.com/investments/landmark,,https://www.franciscopartners.com/investments
Legalzoom,Francisco Partners,francisco-partners,San Francisco,San Francisco Bay Area,honorable_mention,no,unknown,,,,,official_site,https://www.franciscopartners.com/investments,https://www.franciscopartners.com/investments/legalzoom,,https://www.franciscopartners.com/investments
Legerity,Francisco Partners,francisco-partners,San Francisco,San Francisco Bay Area,honorable_mention,no,unknown,,,,,official_site,https://www.franciscopartners.com/investments,https://www.franciscopartners.com/investments/legerity,,https://www.franciscopartners.com/investments
Litmos,Francisco Partners,francisco-partners,San Francisco,San Francisco Bay Area,honorable_mention,no,unknown,,,,,official_site,https://www.franciscopartners.com/investments,https://www.franciscopartners.com/investments/litmos,,https://www.franciscopartners.com/investments
Liveu,Francisco Partners,francisco-partners,San Francisco,San Francisco Bay Area,honorable_mention,no,unknown,,,,,official_site,https://www.franciscopartners.com/investments,https://www.franciscopartners.com/investments/liveu,,https://www.franciscopartners.com/investments
Lucidworks,Francisco Partners,francisco-partners,San Francisco,San Francisco Bay Area,honorable_mention,no,unknown,,,,,official_site,https://www.franciscopartners.com/investments,https://www.franciscopartners.com/investments/lucidworks,,https://www.franciscopartners.com/investments
Lynx Medical Systems,Francisco Partners,francisco-partners,San Francisco,San Francisco Bay Area,honorable_mention,no,unknown,,,,,official_site,https://www.franciscopartners.com/investments,https://www.franciscopartners.com/investments/lynx-medical-systems,,https://www.franciscopartners.com/investments
Macrobond,Francisco Partners,francisco-partners,San Francisco,San Francisco Bay Area,honorable_mention,no,unknown,,,,,official_site,https://www.franciscopartners.com/investments,https://www.franciscopartners.com/investments/macrobond,,https://www.franciscopartners.com/investments
Masternaut,Francisco Partners,francisco-partners,San Francisco,San Francisco Bay Area,honorable_mention,no,unknown,,,,,official_site,https://www.franciscopartners.com/investments,https://www.franciscopartners.com/investments/masternaut,,https://www.franciscopartners.com/investments
Matrixx Software,Francisco Partners,francisco-partners,San Francisco,San Francisco Bay Area,honorable_mention,no,unknown,,,,,official_site,https://www.franciscopartners.com/investments,https://www.franciscopartners.com/investments/matrixx-software,,https://www.franciscopartners.com/investments
Merative,Francisco Partners,francisco-partners,San Francisco,San Francisco Bay Area,honorable_mention,no,unknown,,,,,official_site,https://www.franciscopartners.com/investments,https://www.franciscopartners.com/investments/merative,,https://www.franciscopartners.com/investments
Metaswitch,Francisco Partners,francisco-partners,San Francisco,San Francisco Bay Area,honorable_mention,no,unknown,,,,,official_site,https://www.franciscopartners.com/investments,https://www.franciscopartners.com/investments/metaswitch,,https://www.franciscopartners.com/investments
Metrologic,Francisco Partners,francisco-partners,San Francisco,San Francisco Bay Area,honorable_mention,no,unknown,,,,,official_site,https://www.franciscopartners.com/investments,https://www.franciscopartners.com/investments/metrologic,,https://www.franciscopartners.com/investments
Mincom,Francisco Partners,francisco-partners,San Francisco,San Francisco Bay Area,honorable_mention,no,unknown,,,,,official_site,https://www.franciscopartners.com/investments,https://www.franciscopartners.com/investments/mincom,,https://www.franciscopartners.com/investments
Mitel Networks,Francisco Partners,francisco-partners,San Francisco,San Francisco Bay Area,honorable_mention,no,unknown,,,,,official_site,https://www.franciscopartners.com/investments,https://www.franciscopartners.com/investments/mitel-networks,,https://www.franciscopartners.com/investments
Movella,Francisco Partners,francisco-partners,San Francisco,San Francisco Bay Area,honorable_mention,no,unknown,,,,,official_site,https://www.franciscopartners.com/investments,https://www.franciscopartners.com/investments/movella,,https://www.franciscopartners.com/investments
Muse Group,Francisco Partners,francisco-partners,San Francisco,San Francisco Bay Area,honorable_mention,no,unknown,,,,,official_site,https://www.franciscopartners.com/investments,https://www.franciscopartners.com/investments/muse-group,,https://www.franciscopartners.com/investments
Myfitnesspal,Francisco Partners,francisco-partners,San Francisco,San Francisco Bay Area,honorable_mention,no,unknown,,,,,official_site,https://www.franciscopartners.com/investments,https://www.franciscopartners.com/investments/myfitnesspal,,https://www.franciscopartners.com/investments
Myheritage,Francisco Partners,francisco-partners,San Francisco,San Francisco Bay Area,honorable_mention,no,unknown,,,,,official_site,https://www.franciscopartners.com/investments,https://www.franciscopartners.com/investments/myheritage,,https://www.franciscopartners.com/investments
Myon,Francisco Partners,francisco-partners,San Francisco,San Francisco Bay Area,honorable_mention,no,unknown,,,,,official_site,https://www.franciscopartners.com/investments,https://www.franciscopartners.com/investments/myon,,https://www.franciscopartners.com/investments
NEW Relic,Francisco Partners,francisco-partners,San Francisco,San Francisco Bay Area,honorable_mention,no,unknown,,,,,official_site,https://www.franciscopartners.com/investments,https://www.franciscopartners.com/investments/new-relic,,https://www.franciscopartners.com/investments
News Break,Francisco Partners,francisco-partners,San Francisco,San Francisco Bay Area,honorable_mention,no,unknown,,,,,official_site,https://www.franciscopartners.com/investments,https://www.franciscopartners.com/investments/news-break,,https://www.franciscopartners.com/investments
Nextcapital,Francisco Partners,francisco-partners,San Francisco,San Francisco Bay Area,honorable_mention,no,unknown,,,,,official_site,https://www.franciscopartners.com/investments,https://www.franciscopartners.com/investments/nextcapital,,https://www.franciscopartners.com/investments
Nextech,Francisco Partners,francisco-partners,San Francisco,San Francisco Bay Area,honorable_mention,no,unknown,,,,,official_site,https://www.franciscopartners.com/investments,https://www.franciscopartners.com/investments/nextech,,https://www.franciscopartners.com/investments
Nextraq,Francisco Partners,francisco-partners,San Francisco,San Francisco Bay Area,honorable_mention,no,unknown,,,,,official_site,https://www.franciscopartners.com/investments,https://www.franciscopartners.com/investments/nextraq,,https://www.franciscopartners.com/investments
NMI,Francisco Partners,francisco-partners,San Francisco,San Francisco Bay Area,honorable_mention,no,unknown,,,,,official_site,https://www.franciscopartners.com/investments,https://www.franciscopartners.com/investments/nmi,,https://www.franciscopartners.com/investments
Nptest Credence,Francisco Partners,francisco-partners,San Francisco,San Francisco Bay Area,honorable_mention,no,unknown,,,,,official_site,https://www.franciscopartners.com/investments,https://www.franciscopartners.com/investments/nptest-credence,,https://www.franciscopartners.com/investments
Nshift Consignor,Francisco Partners,francisco-partners,San Francisco,San Francisco Bay Area,honorable_mention,no,unknown,,,,,official_site,https://www.franciscopartners.com/investments,https://www.franciscopartners.com/investments/nshift-consignor,,https://www.franciscopartners.com/investments
Numonyx,Francisco Partners,francisco-partners,San Francisco,San Francisco Bay Area,honorable_mention,no,unknown,,,,,official_site,https://www.franciscopartners.com/investments,https://www.franciscopartners.com/investments/numonyx,,https://www.franciscopartners.com/investments
Nzxt,Francisco Partners,francisco-partners,San Francisco,San Francisco Bay Area,honorable_mention,no,unknown,,,,,official_site,https://www.franciscopartners.com/investments,https://www.franciscopartners.com/investments/nzxt,,https://www.franciscopartners.com/investments
Oeconnection,Francisco Partners,francisco-partners,San Francisco,San Francisco Bay Area,honorable_mention,no,unknown,,,,,official_site,https://www.franciscopartners.com/investments,https://www.franciscopartners.com/investments/oeconnection,,https://www.franciscopartners.com/investments
Office Ally,Francisco Partners,francisco-partners,San Francisco,San Francisco Bay Area,honorable_mention,no,unknown,,,,,official_site,https://www.franciscopartners.com/investments,https://www.franciscopartners.com/investments/office-ally,,https://www.franciscopartners.com/investments
Officetiger,Francisco Partners,francisco-partners,San Francisco,San Francisco Bay Area,honorable_mention,no,unknown,,,,,official_site,https://www.franciscopartners.com/investments,https://www.franciscopartners.com/investments/officetiger,,https://www.franciscopartners.com/investments
ON AMI Semiconductor,Francisco Partners,francisco-partners,San Francisco,San Francisco Bay Area,honorable_mention,no,unknown,,,,,official_site,https://www.franciscopartners.com/investments,https://www.franciscopartners.com/investments/on-ami-semiconductor,,https://www.franciscopartners.com/investments
Opentech,Francisco Partners,francisco-partners,San Francisco,San Francisco Bay Area,honorable_mention,no,unknown,,,,,official_site,https://www.franciscopartners.com/investments,https://www.franciscopartners.com/investments/opentech,,https://www.franciscopartners.com/investments
Operative Sintecmedia,Francisco Partners,francisco-partners,San Francisco,San Francisco Bay Area,honorable_mention,no,unknown,,,,,official_site,https://www.franciscopartners.com/investments,https://www.franciscopartners.com/investments/operative-sintecmedia,,https://www.franciscopartners.com/investments
Optanix,Francisco Partners,francisco-partners,San Francisco,San Francisco Bay Area,honorable_mention,no,unknown,,,,,official_site,https://www.franciscopartners.com/investments,https://www.franciscopartners.com/investments/optanix,,https://www.franciscopartners.com/investments
Orchard,Francisco Partners,francisco-partners,San Francisco,San Francisco Bay Area,honorable_mention,no,unknown,,,,,official_site,https://www.franciscopartners.com/investments,https://www.franciscopartners.com/investments/orchard,,https://www.franciscopartners.com/investments
Orisha,Francisco Partners,francisco-partners,San Francisco,San Francisco Bay Area,honorable_mention,no,unknown,,,,,official_site,https://www.franciscopartners.com/investments,https://www.franciscopartners.com/investments/orisha,,https://www.franciscopartners.com/investments
Paradigm,Francisco Partners,francisco-partners,San Francisco,San Francisco Bay Area,honorable_mention,no,unknown,,,,,official_site,https://www.franciscopartners.com/investments,https://www.franciscopartners.com/investments/paradigm,,https://www.franciscopartners.com/investments
Paylease Zego,Francisco Partners,francisco-partners,San Francisco,San Francisco Bay Area,honorable_mention,no,unknown,,,,,official_site,https://www.franciscopartners.com/investments,https://www.franciscopartners.com/investments/paylease-zego,,https://www.franciscopartners.com/investments
Paymetric,Francisco Partners,francisco-partners,San Francisco,San Francisco Bay Area,honorable_mention,no,unknown,,,,,official_site,https://www.franciscopartners.com/investments,https://www.franciscopartners.com/investments/paymetric,,https://www.franciscopartners.com/investments
Paysafe,Francisco Partners,francisco-partners,San Francisco,San Francisco Bay Area,honorable_mention,no,unknown,,,,,official_site,https://www.franciscopartners.com/investments,https://www.franciscopartners.com/investments/paysafe,,https://www.franciscopartners.com/investments
Payscale,Francisco Partners,francisco-partners,San Francisco,San Francisco Bay Area,honorable_mention,no,unknown,,,,,official_site,https://www.franciscopartners.com/investments,https://www.franciscopartners.com/investments/payscale,,https://www.franciscopartners.com/investments
Perforce,Francisco Partners,francisco-partners,San Francisco,San Francisco Bay Area,honorable_mention,no,unknown,,,,,official_site,https://www.franciscopartners.com/investments,https://www.franciscopartners.com/investments/perforce,,https://www.franciscopartners.com/investments
PET Circle,Francisco Partners,francisco-partners,San Francisco,San Francisco Bay Area,honorable_mention,no,unknown,,,,,official_site,https://www.franciscopartners.com/investments,https://www.franciscopartners.com/investments/pet-circle,,https://www.franciscopartners.com/investments
Plex Systems,Francisco Partners,francisco-partners,San Francisco,San Francisco Bay Area,honorable_mention,no,unknown,,,,,official_site,https://www.franciscopartners.com/investments,https://www.franciscopartners.com/investments/plex-systems,,https://www.franciscopartners.com/investments
Primavera,Francisco Partners,francisco-partners,San Francisco,San Francisco Bay Area,honorable_mention,no,unknown,,,,,official_site,https://www.franciscopartners.com/investments,https://www.franciscopartners.com/investments/primavera,,https://www.franciscopartners.com/investments
Prometheus,Francisco Partners,francisco-partners,San Francisco,San Francisco Bay Area,honorable_mention,no,unknown,,,,,official_site,https://www.franciscopartners.com/investments,https://www.franciscopartners.com/investments/prometheus,,https://www.franciscopartners.com/investments
Property Finder,Francisco Partners,francisco-partners,San Francisco,San Francisco Bay Area,honorable_mention,no,unknown,,,,,official_site,https://www.franciscopartners.com/investments,https://www.franciscopartners.com/investments/property-finder,,https://www.franciscopartners.com/investments
Prosper,Francisco Partners,francisco-partners,San Francisco,San Francisco Bay Area,honorable_mention,no,unknown,,,,,official_site,https://www.franciscopartners.com/investments,https://www.franciscopartners.com/investments/prosper,,https://www.franciscopartners.com/investments
Qgenda,Francisco Partners,francisco-partners,San Francisco,San Francisco Bay Area,honorable_mention,no,unknown,,,,,official_site,https://www.franciscopartners.com/investments,https://www.franciscopartners.com/investments/qgenda,,https://www.franciscopartners.com/investments
Quadramed,Francisco Partners,francisco-partners,San Francisco,San Francisco Bay Area,honorable_mention,no,unknown,,,,,official_site,https://www.franciscopartners.com/investments,https://www.franciscopartners.com/investments/quadramed,,https://www.franciscopartners.com/investments
Quest,Francisco Partners,francisco-partners,San Francisco,San Francisco Bay Area,honorable_mention,no,unknown,,,,,official_site,https://www.franciscopartners.com/investments,https://www.franciscopartners.com/investments/quest,,https://www.franciscopartners.com/investments
Quorum Software,Francisco Partners,francisco-partners,San Francisco,San Francisco Bay Area,honorable_mention,no,unknown,,,,,official_site,https://www.franciscopartners.com/investments,https://www.franciscopartners.com/investments/quorum-software,,https://www.franciscopartners.com/investments
R2net,Francisco Partners,francisco-partners,San Francisco,San Francisco Bay Area,honorable_mention,no,unknown,,,,,official_site,https://www.franciscopartners.com/investments,https://www.franciscopartners.com/investments/r2net,,https://www.franciscopartners.com/investments
Rbmedia,Francisco Partners,francisco-partners,San Francisco,San Francisco Bay Area,honorable_mention,no,unknown,,,,,official_site,https://www.franciscopartners.com/investments,https://www.franciscopartners.com/investments/rbmedia,,https://www.franciscopartners.com/investments
Redis Labs,Francisco Partners,francisco-partners,San Francisco,San Francisco Bay Area,honorable_mention,no,unknown,,,,,official_site,https://www.franciscopartners.com/investments,https://www.franciscopartners.com/investments/redis-labs,,https://www.franciscopartners.com/investments
Redprairie,Francisco Partners,francisco-partners,San Francisco,San Francisco Bay Area,honorable_mention,no,unknown,,,,,official_site,https://www.franciscopartners.com/investments,https://www.franciscopartners.com/investments/redprairie,,https://www.franciscopartners.com/investments
Redsail Technologies,Francisco Partners,francisco-partners,San Francisco,San Francisco Bay Area,honorable_mention,no,unknown,,,,,official_site,https://www.franciscopartners.com/investments,https://www.franciscopartners.com/investments/redsail-technologies,,https://www.franciscopartners.com/investments
Renaissance,Francisco Partners,francisco-partners,San Francisco,San Francisco Bay Area,honorable_mention,no,unknown,,,,,official_site,https://www.franciscopartners.com/investments,https://www.franciscopartners.com/investments/renaissance,,https://www.franciscopartners.com/investments
Satixfy,Francisco Partners,francisco-partners,San Francisco,San Francisco Bay Area,honorable_mention,no,unknown,,,,,official_site,https://www.franciscopartners.com/investments,https://www.franciscopartners.com/investments/satixfy,,https://www.franciscopartners.com/investments
Sectigo Comodo,Francisco Partners,francisco-partners,San Francisco,San Francisco Bay Area,honorable_mention,no,unknown,,,,,official_site,https://www.franciscopartners.com/investments,https://www.franciscopartners.com/investments/sectigo-comodo,,https://www.franciscopartners.com/investments
Shoregroup,Francisco Partners,francisco-partners,San Francisco,San Francisco Bay Area,honorable_mention,no,unknown,,,,,official_site,https://www.franciscopartners.com/investments,https://www.franciscopartners.com/investments/shoregroup,,https://www.franciscopartners.com/investments
Smart Focus,Francisco Partners,francisco-partners,San Francisco,San Francisco Bay Area,honorable_mention,no,unknown,,,,,official_site,https://www.franciscopartners.com/investments,https://www.franciscopartners.com/investments/smart-focus,,https://www.franciscopartners.com/investments
Smart Modular,Francisco Partners,francisco-partners,San Francisco,San Francisco Bay Area,honorable_mention,no,unknown,,,,,official_site,https://www.franciscopartners.com/investments,https://www.franciscopartners.com/investments/smart-modular,,https://www.franciscopartners.com/investments
Smartbear,Francisco Partners,francisco-partners,San Francisco,San Francisco Bay Area,honorable_mention,no,unknown,,,,,official_site,https://www.franciscopartners.com/investments,https://www.franciscopartners.com/investments/smartbear,,https://www.franciscopartners.com/investments
Sonicwall,Francisco Partners,francisco-partners,San Francisco,San Francisco Bay Area,honorable_mention,no,unknown,,,,,official_site,https://www.franciscopartners.com/investments,https://www.franciscopartners.com/investments/sonicwall,,https://www.franciscopartners.com/investments
Source Photonics,Francisco Partners,francisco-partners,San Francisco,San Francisco Bay Area,honorable_mention,no,unknown,,,,,official_site,https://www.franciscopartners.com/investments,https://www.franciscopartners.com/investments/source-photonics,,https://www.franciscopartners.com/investments
Sourcescrub,Francisco Partners,francisco-partners,San Francisco,San Francisco Bay Area,honorable_mention,no,unknown,,,,,official_site,https://www.franciscopartners.com/investments,https://www.franciscopartners.com/investments/sourcescrub,,https://www.franciscopartners.com/investments
Specific Media,Francisco Partners,francisco-partners,San Francisco,San Francisco Bay Area,honorable_mention,no,unknown,,,,,official_site,https://www.franciscopartners.com/investments,https://www.franciscopartners.com/investments/specific-media,,https://www.franciscopartners.com/investments
Spire,Francisco Partners,francisco-partners,San Francisco,San Francisco Bay Area,honorable_mention,no,unknown,,,,,official_site,https://www.franciscopartners.com/investments,https://www.franciscopartners.com/investments/spire,,https://www.franciscopartners.com/investments
ST Math,Francisco Partners,francisco-partners,San Francisco,San Francisco Bay Area,honorable_mention,no,unknown,,,,,official_site,https://www.franciscopartners.com/investments,https://www.franciscopartners.com/investments/st-math,,https://www.franciscopartners.com/investments
Starlims,Francisco Partners,francisco-partners,San Francisco,San Francisco Bay Area,honorable_mention,no,unknown,,,,,official_site,https://www.franciscopartners.com/investments,https://www.franciscopartners.com/investments/starlims,,https://www.franciscopartners.com/investments
Sumo Logic,Francisco Partners,francisco-partners,San Francisco,San Francisco Bay Area,honorable_mention,no,unknown,,,,,official_site,https://www.franciscopartners.com/investments,https://www.franciscopartners.com/investments/sumo-logic,,https://www.franciscopartners.com/investments
Symplr,Francisco Partners,francisco-partners,San Francisco,San Francisco Bay Area,honorable_mention,no,unknown,,,,,official_site,https://www.franciscopartners.com/investments,https://www.franciscopartners.com/investments/symplr,,https://www.franciscopartners.com/investments
T System,Francisco Partners,francisco-partners,San Francisco,San Francisco Bay Area,honorable_mention,no,unknown,,,,,official_site,https://www.franciscopartners.com/investments,https://www.franciscopartners.com/investments/t-system,,https://www.franciscopartners.com/investments
Talentsoft,Francisco Partners,francisco-partners,San Francisco,San Francisco Bay Area,honorable_mention,no,unknown,,,,,official_site,https://www.franciscopartners.com/investments,https://www.franciscopartners.com/investments/talentsoft,,https://www.franciscopartners.com/investments
Teachers Curriculum Institute TCI,Francisco Partners,francisco-partners,San Francisco,San Francisco Bay Area,honorable_mention,no,unknown,,,,,official_site,https://www.franciscopartners.com/investments,https://www.franciscopartners.com/investments/teachers-curriculum-institute-tci,,https://www.franciscopartners.com/investments
Terran Orbital,Francisco Partners,francisco-partners,San Francisco,San Francisco Bay Area,honorable_mention,no,unknown,,,,,official_site,https://www.franciscopartners.com/investments,https://www.franciscopartners.com/investments/terran-orbital,,https://www.franciscopartners.com/investments
Thinventory Bybox,Francisco Partners,francisco-partners,San Francisco,San Francisco Bay Area,honorable_mention,no,unknown,,,,,official_site,https://www.franciscopartners.com/investments,https://www.franciscopartners.com/investments/thinventory-bybox,,https://www.franciscopartners.com/investments
Tile,Francisco Partners,francisco-partners,San Francisco,San Francisco Bay Area,honorable_mention,no,unknown,,,,,official_site,https://www.franciscopartners.com/investments,https://www.franciscopartners.com/investments/tile,,https://www.franciscopartners.com/investments
Touchbistro,Francisco Partners,francisco-partners,San Francisco,San Francisco Bay Area,honorable_mention,no,unknown,,,,,official_site,https://www.franciscopartners.com/investments,https://www.franciscopartners.com/investments/touchbistro,,https://www.franciscopartners.com/investments
TRC Healthcare,Francisco Partners,francisco-partners,San Francisco,San Francisco Bay Area,honorable_mention,no,unknown,,,,,official_site,https://www.franciscopartners.com/investments,https://www.franciscopartners.com/investments/trc-healthcare,,https://www.franciscopartners.com/investments
Trellis RX,Francisco Partners,francisco-partners,San Francisco,San Francisco Bay Area,honorable_mention,no,unknown,,,,,official_site,https://www.franciscopartners.com/investments,https://www.franciscopartners.com/investments/trellis-rx,,https://www.franciscopartners.com/investments
TS Imagine,Francisco Partners,francisco-partners,San Francisco,San Francisco Bay Area,honorable_mention,no,unknown,,,,,official_site,https://www.franciscopartners.com/investments,https://www.franciscopartners.com/investments/ts-imagine,,https://www.franciscopartners.com/investments
UCT,Francisco Partners,francisco-partners,San Francisco,San Francisco Bay Area,honorable_mention,no,unknown,,,,,official_site,https://www.franciscopartners.com/investments,https://www.franciscopartners.com/investments/uct,,https://www.franciscopartners.com/investments
Unifiedpost,Francisco Partners,francisco-partners,San Francisco,San Francisco Bay Area,honorable_mention,no,unknown,,,,,official_site,https://www.franciscopartners.com/investments,https://www.franciscopartners.com/investments/unifiedpost,,https://www.franciscopartners.com/investments
Vendavo,Francisco Partners,francisco-partners,San Francisco,San Francisco Bay Area,honorable_mention,no,unknown,,,,,official_site,https://www.franciscopartners.com/investments,https://www.franciscopartners.com/investments/vendavo,,https://www.franciscopartners.com/investments
Veradigm,Francisco Partners,francisco-partners,San Francisco,San Francisco Bay Area,honorable_mention,no,unknown,,,,,official_site,https://www.franciscopartners.com/investments,https://www.franciscopartners.com/investments/veradigm,,https://www.franciscopartners.com/investments
Verifone,Francisco Partners,francisco-partners,San Francisco,San Francisco Bay Area,honorable_mention,no,unknown,,,,,official_site,https://www.franciscopartners.com/investments,https://www.franciscopartners.com/investments/verifone,,https://www.franciscopartners.com/investments
Veson Nautical,Francisco Partners,francisco-partners,San Francisco,San Francisco Bay Area,honorable_mention,no,unknown,,,,,official_site,https://www.franciscopartners.com/investments,https://www.franciscopartners.com/investments/veson-nautical,,https://www.franciscopartners.com/investments
Vitalsource,Francisco Partners,francisco-partners,San Francisco,San Francisco Bay Area,honorable_mention,no,unknown,,,,,official_site,https://www.franciscopartners.com/investments,https://www.franciscopartners.com/investments/vitalsource,,https://www.franciscopartners.com/investments
Watchguard,Francisco Partners,francisco-partners,San Francisco,San Francisco Bay Area,honorable_mention,no,unknown,,,,,official_site,https://www.franciscopartners.com/investments,https://www.franciscopartners.com/investments/watchguard,,https://www.franciscopartners.com/investments
Waystar,Francisco Partners,francisco-partners,San Francisco,San Francisco Bay Area,honorable_mention,no,unknown,,,,,official_site,https://www.franciscopartners.com/investments,https://www.franciscopartners.com/investments/waystar,,https://www.franciscopartners.com/investments
Weather,Francisco Partners,francisco-partners,San Francisco,San Francisco Bay Area,honorable_mention,no,unknown,,,,,official_site,https://www.franciscopartners.com/investments,https://www.franciscopartners.com/investments/the-weather-company,,https://www.franciscopartners.com/investments
Webtrends,Francisco Partners,francisco-partners,San Francisco,San Francisco Bay Area,honorable_mention,no,unknown,,,,,official_site,https://www.franciscopartners.com/investments,https://www.franciscopartners.com/investments/webtrends,,https://www.franciscopartners.com/investments
Xcellenet,Francisco Partners,francisco-partners,San Francisco,San Francisco Bay Area,honorable_mention,no,unknown,,,,,official_site,https://www.franciscopartners.com/investments,https://www.franciscopartners.com/investments/xcellenet,,https://www.franciscopartners.com/investments
Zego,Francisco Partners,francisco-partners,San Francisco,San Francisco Bay Area,honorable_mention,no,unknown,,,,,official_site,https://www.franciscopartners.com/investments,https://www.franciscopartners.com/investments/zego,,https://www.franciscopartners.com/investments
Zenefits,Francisco Partners,francisco-partners,San Francisco,San Francisco Bay Area,honorable_mention,no,unknown,,,,,official_site,https://www.franciscopartners.com/investments,https://www.franciscopartners.com/investments/zenefits,,https://www.franciscopartners.com/investments
Zocdoc,Francisco Partners,francisco-partners,San Francisco,San Francisco Bay Area,honorable_mention,no,unknown,,,,,official_site,https://www.franciscopartners.com/investments,https://www.franciscopartners.com/investments/zocdoc,,https://www.franciscopartners.com/investments
Zotec Partners,Francisco Partners,francisco-partners,San Francisco,San Francisco Bay Area,honorable_mention,no,unknown,,,,,official_site,https://www.franciscopartners.com/investments,https://www.franciscopartners.com/investments/zotec-partners,,https://www.franciscopartners.com/investments
2-10 Home Buyers Warranty,Genstar Capital,genstar-capital,San Francisco,San Francisco Bay Area,honorable_mention,yes,current,,,,,official_site,https://www.gencap.com/companies/,,,https://www.gencap.com/companies/
8am,Genstar Capital,genstar-capital,San Francisco,San Francisco Bay Area,honorable_mention,yes,current,,,,,official_site,https://www.gencap.com/companies/,,,https://www.gencap.com/companies/
Abracon,Genstar Capital,genstar-capital,San Francisco,San Francisco Bay Area,honorable_mention,yes,current,,,,,official_site,https://www.gencap.com/companies/,,,https://www.gencap.com/companies/
ACA Group,Genstar Capital,genstar-capital,San Francisco,San Francisco Bay Area,honorable_mention,yes,current,,,,,official_site,https://www.gencap.com/companies/,,,https://www.gencap.com/companies/
Accruent,Genstar Capital,genstar-capital,San Francisco,San Francisco Bay Area,honorable_mention,yes,current,,,,,official_site,https://www.gencap.com/companies/,,,https://www.gencap.com/companies/
Acrisure,Genstar Capital,genstar-capital,San Francisco,San Francisco Bay Area,honorable_mention,yes,current,,,,,official_site,https://www.gencap.com/companies/,,,https://www.gencap.com/companies/
Advarra,Genstar Capital,genstar-capital,San Francisco,San Francisco Bay Area,honorable_mention,yes,current,,,,,official_site,https://www.gencap.com/companies/,,,https://www.gencap.com/companies/
Alera Group,Genstar Capital,genstar-capital,San Francisco,San Francisco Bay Area,honorable_mention,yes,current,,,,,official_site,https://www.gencap.com/companies/,,,https://www.gencap.com/companies/
Altra Industrial Motion,Genstar Capital,genstar-capital,San Francisco,San Francisco Bay Area,honorable_mention,yes,current,,,,,official_site,https://www.gencap.com/companies/,,,https://www.gencap.com/companies/
AmeriLife,Genstar Capital,genstar-capital,San Francisco,San Francisco Bay Area,honorable_mention,yes,current,,,,,official_site,https://www.gencap.com/companies/,,,https://www.gencap.com/companies/
Amwins Group,Genstar Capital,genstar-capital,San Francisco,San Francisco Bay Area,honorable_mention,yes,current,,,,,official_site,https://www.gencap.com/companies/,,,https://www.gencap.com/companies/
Aperture,Genstar Capital,genstar-capital,San Francisco,San Francisco Bay Area,honorable_mention,yes,current,,,,,official_site,https://www.gencap.com/companies/,,,https://www.gencap.com/companies/
Apex Group,Genstar Capital,genstar-capital,San Francisco,San Francisco Bay Area,honorable_mention,yes,current,,,,,official_site,https://www.gencap.com/companies/,,,https://www.gencap.com/companies/
Arrowhead Engineered Products,Genstar Capital,genstar-capital,San Francisco,San Francisco Bay Area,honorable_mention,yes,current,,,,,official_site,https://www.gencap.com/companies/,,,https://www.gencap.com/companies/
Artivest,Genstar Capital,genstar-capital,San Francisco,San Francisco Bay Area,honorable_mention,yes,current,,,,,official_site,https://www.gencap.com/companies/,,,https://www.gencap.com/companies/
Ascensus,Genstar Capital,genstar-capital,San Francisco,San Francisco Bay Area,honorable_mention,yes,current,,,,,official_site,https://www.gencap.com/companies/,,,https://www.gencap.com/companies/
AssetMark,Genstar Capital,genstar-capital,San Francisco,San Francisco Bay Area,honorable_mention,yes,current,,,,,official_site,https://www.gencap.com/companies/,,,https://www.gencap.com/companies/
Association Member Benefits Advisors,Genstar Capital,genstar-capital,San Francisco,San Francisco Bay Area,honorable_mention,yes,current,,,,,official_site,https://www.gencap.com/companies/,,,https://www.gencap.com/companies/
AWL,Genstar Capital,genstar-capital,San Francisco,San Francisco Bay Area,honorable_mention,yes,current,,,,,official_site,https://www.gencap.com/companies/,,,https://www.gencap.com/companies/
Axia,Genstar Capital,genstar-capital,San Francisco,San Francisco Bay Area,honorable_mention,yes,current,,,,,official_site,https://www.gencap.com/companies/,,,https://www.gencap.com/companies/
Boyd Corporation,Genstar Capital,genstar-capital,San Francisco,San Francisco Bay Area,honorable_mention,yes,current,,,,,official_site,https://www.gencap.com/companies/,,,https://www.gencap.com/companies/
Brook + Whittle,Genstar Capital,genstar-capital,San Francisco,San Francisco Bay Area,honorable_mention,yes,current,,,,,official_site,https://www.gencap.com/companies/,,,https://www.gencap.com/companies/
Bullhorn,Genstar Capital,genstar-capital,San Francisco,San Francisco Bay Area,honorable_mention,yes,current,,,,,official_site,https://www.gencap.com/companies/,,,https://www.gencap.com/companies/
Catalent Pharma Solutions,Genstar Capital,genstar-capital,San Francisco,San Francisco Bay Area,honorable_mention,yes,current,,,,,official_site,https://www.gencap.com/companies/,,,https://www.gencap.com/companies/
Cerity Partners,Genstar Capital,genstar-capital,San Francisco,San Francisco Bay Area,honorable_mention,yes,current,,,,,official_site,https://www.gencap.com/companies/,,,https://www.gencap.com/companies/
Cetera Financial Group,Genstar Capital,genstar-capital,San Francisco,San Francisco Bay Area,honorable_mention,yes,current,,,,,official_site,https://www.gencap.com/companies/,,,https://www.gencap.com/companies/
Clarience Technologies,Genstar Capital,genstar-capital,San Francisco,San Francisco Bay Area,honorable_mention,yes,current,,,,,official_site,https://www.gencap.com/companies/,,,https://www.gencap.com/companies/
Community Brands,Genstar Capital,genstar-capital,San Francisco,San Francisco Bay Area,honorable_mention,yes,current,,,,,official_site,https://www.gencap.com/companies/,,,https://www.gencap.com/companies/
Confie Seguros,Genstar Capital,genstar-capital,San Francisco,San Francisco Bay Area,honorable_mention,yes,current,,,,,official_site,https://www.gencap.com/companies/,,,https://www.gencap.com/companies/
ConnectiveRx,Genstar Capital,genstar-capital,San Francisco,San Francisco Bay Area,honorable_mention,yes,current,,,,,official_site,https://www.gencap.com/companies/,,,https://www.gencap.com/companies/
ConstructConnect,Genstar Capital,genstar-capital,San Francisco,San Francisco Bay Area,honorable_mention,yes,current,,,,,official_site,https://www.gencap.com/companies/,,,https://www.gencap.com/companies/
Cyncly,Genstar Capital,genstar-capital,San Francisco,San Francisco Bay Area,honorable_mention,yes,current,,,,,official_site,https://www.gencap.com/companies/,,,https://www.gencap.com/companies/
Daxko,Genstar Capital,genstar-capital,San Francisco,San Francisco Bay Area,honorable_mention,yes,current,,,,,official_site,https://www.gencap.com/companies/,,,https://www.gencap.com/companies/
Docupace,Genstar Capital,genstar-capital,San Francisco,San Francisco Bay Area,honorable_mention,yes,current,,,,,official_site,https://www.gencap.com/companies/,,,https://www.gencap.com/companies/
ECM Industries,Genstar Capital,genstar-capital,San Francisco,San Francisco Bay Area,honorable_mention,yes,current,,,,,official_site,https://www.gencap.com/companies/,,,https://www.gencap.com/companies/
Enverus,Genstar Capital,genstar-capital,San Francisco,San Francisco Bay Area,honorable_mention,yes,current,,,,,official_site,https://www.gencap.com/companies/,,,https://www.gencap.com/companies/
eResearch Technologies,Genstar Capital,genstar-capital,San Francisco,San Francisco Bay Area,honorable_mention,yes,current,,,,,official_site,https://www.gencap.com/companies/,,,https://www.gencap.com/companies/
Evolution1,Genstar Capital,genstar-capital,San Francisco,San Francisco Bay Area,honorable_mention,yes,current,,,,,official_site,https://www.gencap.com/companies/,,,https://www.gencap.com/companies/
Financial Horizons Group,Genstar Capital,genstar-capital,San Francisco,San Francisco Bay Area,honorable_mention,yes,current,,,,,official_site,https://www.gencap.com/companies/,,,https://www.gencap.com/companies/
First Eagle Investments,Genstar Capital,genstar-capital,San Francisco,San Francisco Bay Area,honorable_mention,yes,current,,,,,official_site,https://www.gencap.com/companies/,,,https://www.gencap.com/companies/
Flourish,Genstar Capital,genstar-capital,San Francisco,San Francisco Bay Area,honorable_mention,yes,current,,,,,official_site,https://www.gencap.com/companies/,,,https://www.gencap.com/companies/
Fort Dearborn,Genstar Capital,genstar-capital,San Francisco,San Francisco Bay Area,honorable_mention,yes,current,,,,,official_site,https://www.gencap.com/companies/,,,https://www.gencap.com/companies/
Infinite Electronics,Genstar Capital,genstar-capital,San Francisco,San Francisco Bay Area,honorable_mention,yes,current,,,,,official_site,https://www.gencap.com/companies/,,,https://www.gencap.com/companies/
Innovative Aftermarket Systems,Genstar Capital,genstar-capital,San Francisco,San Francisco Bay Area,honorable_mention,yes,current,,,,,official_site,https://www.gencap.com/companies/,,,https://www.gencap.com/companies/
Inside Real Estate,Genstar Capital,genstar-capital,San Francisco,San Francisco Bay Area,honorable_mention,yes,current,,,,,official_site,https://www.gencap.com/companies/,,,https://www.gencap.com/companies/
insightsoftware,Genstar Capital,genstar-capital,San Francisco,San Francisco Bay Area,honorable_mention,yes,current,,,,,official_site,https://www.gencap.com/companies/,,,https://www.gencap.com/companies/
Institutional Shareholder Services,Genstar Capital,genstar-capital,San Francisco,San Francisco Bay Area,honorable_mention,yes,current,,,,,official_site,https://www.gencap.com/companies/,,,https://www.gencap.com/companies/
Insurity,Genstar Capital,genstar-capital,San Francisco,San Francisco Bay Area,honorable_mention,yes,current,,,,,official_site,https://www.gencap.com/companies/,,,https://www.gencap.com/companies/
Jet Support Services,Genstar Capital,genstar-capital,San Francisco,San Francisco Bay Area,honorable_mention,yes,current,,,,,official_site,https://www.gencap.com/companies/,,,https://www.gencap.com/companies/
Lightspeed Systems,Genstar Capital,genstar-capital,San Francisco,San Francisco Bay Area,honorable_mention,yes,current,,,,,official_site,https://www.gencap.com/companies/,,,https://www.gencap.com/companies/
Likewize,Genstar Capital,genstar-capital,San Francisco,San Francisco Bay Area,honorable_mention,yes,current,,,,,official_site,https://www.gencap.com/companies/,,,https://www.gencap.com/companies/
MASA Global,Genstar Capital,genstar-capital,San Francisco,San Francisco Bay Area,honorable_mention,yes,current,,,,,official_site,https://www.gencap.com/companies/,,,https://www.gencap.com/companies/
Mercer Advisors,Genstar Capital,genstar-capital,San Francisco,San Francisco Bay Area,honorable_mention,yes,current,,,,,official_site,https://www.gencap.com/companies/,,,https://www.gencap.com/companies/
MidCap Financial,Genstar Capital,genstar-capital,San Francisco,San Francisco Bay Area,honorable_mention,yes,current,,,,,official_site,https://www.gencap.com/companies/,,,https://www.gencap.com/companies/
mSupply,Genstar Capital,genstar-capital,San Francisco,San Francisco Bay Area,honorable_mention,yes,current,,,,,official_site,https://www.gencap.com/companies/,,,https://www.gencap.com/companies/
MW Industries,Genstar Capital,genstar-capital,San Francisco,San Francisco Bay Area,honorable_mention,yes,current,,,,,official_site,https://www.gencap.com/companies/,,,https://www.gencap.com/companies/
Netsmart Technologies,Genstar Capital,genstar-capital,San Francisco,San Francisco Bay Area,honorable_mention,yes,current,,,,,official_site,https://www.gencap.com/companies/,,,https://www.gencap.com/companies/
Numerix,Genstar Capital,genstar-capital,San Francisco,San Francisco Bay Area,honorable_mention,yes,current,,,,,official_site,https://www.gencap.com/companies/,,,https://www.gencap.com/companies/
Obsidian,Genstar Capital,genstar-capital,San Francisco,San Francisco Bay Area,honorable_mention,yes,current,,,,,official_site,https://www.gencap.com/companies/,,,https://www.gencap.com/companies/
OEConnection,Genstar Capital,genstar-capital,San Francisco,San Francisco Bay Area,honorable_mention,yes,current,,,,,official_site,https://www.gencap.com/companies/,,,https://www.gencap.com/companies/
Orion Advisor Solutions,Genstar Capital,genstar-capital,San Francisco,San Francisco Bay Area,honorable_mention,yes,current,,,,,official_site,https://www.gencap.com/companies/,,,https://www.gencap.com/companies/
OTC Industrial Technologies,Genstar Capital,genstar-capital,San Francisco,San Francisco Bay Area,honorable_mention,yes,current,,,,,official_site,https://www.gencap.com/companies/,,,https://www.gencap.com/companies/
Palomar Specialty Insurance,Genstar Capital,genstar-capital,San Francisco,San Francisco Bay Area,honorable_mention,yes,current,,,,,official_site,https://www.gencap.com/companies/,,,https://www.gencap.com/companies/
PDI,Genstar Capital,genstar-capital,San Francisco,San Francisco Bay Area,honorable_mention,yes,current,,,,,official_site,https://www.gencap.com/companies/,,,https://www.gencap.com/companies/
PlayMetrics,Genstar Capital,genstar-capital,San Francisco,San Francisco Bay Area,honorable_mention,yes,current,,,,,official_site,https://www.gencap.com/companies/,,,https://www.gencap.com/companies/
Power Products,Genstar Capital,genstar-capital,San Francisco,San Francisco Bay Area,honorable_mention,yes,current,,,,,official_site,https://www.gencap.com/companies/,,,https://www.gencap.com/companies/
PRA International,Genstar Capital,genstar-capital,San Francisco,San Francisco Bay Area,honorable_mention,yes,current,,,,,official_site,https://www.gencap.com/companies/,,,https://www.gencap.com/companies/
Pretium Packaging,Genstar Capital,genstar-capital,San Francisco,San Francisco Bay Area,honorable_mention,yes,current,,,,,official_site,https://www.gencap.com/companies/,,,https://www.gencap.com/companies/
Procure Analytics,Genstar Capital,genstar-capital,San Francisco,San Francisco Bay Area,honorable_mention,yes,current,,,,,official_site,https://www.gencap.com/companies/,,,https://www.gencap.com/companies/
Prometheus Group,Genstar Capital,genstar-capital,San Francisco,San Francisco Bay Area,honorable_mention,yes,current,,,,,official_site,https://www.gencap.com/companies/,,,https://www.gencap.com/companies/
SEER,Genstar Capital,genstar-capital,San Francisco,San Francisco Bay Area,honorable_mention,yes,current,,,,,official_site,https://www.gencap.com/companies/,,,https://www.gencap.com/companies/
Signant Health,Genstar Capital,genstar-capital,San Francisco,San Francisco Bay Area,honorable_mention,yes,current,,,,,official_site,https://www.gencap.com/companies/,,,https://www.gencap.com/companies/
Sonny’s Enterprises,Genstar Capital,genstar-capital,San Francisco,San Francisco Bay Area,honorable_mention,yes,current,,,,,official_site,https://www.gencap.com/companies/,,,https://www.gencap.com/companies/
Sphera,Genstar Capital,genstar-capital,San Francisco,San Francisco Bay Area,honorable_mention,yes,current,,,,,official_site,https://www.gencap.com/companies/,,,https://www.gencap.com/companies/
Stack Sports,Genstar Capital,genstar-capital,San Francisco,San Francisco Bay Area,honorable_mention,yes,current,,,,,official_site,https://www.gencap.com/companies/,,,https://www.gencap.com/companies/
Strategic Insight,Genstar Capital,genstar-capital,San Francisco,San Francisco Bay Area,honorable_mention,yes,current,,,,,official_site,https://www.gencap.com/companies/,,,https://www.gencap.com/companies/
Tecomet,Genstar Capital,genstar-capital,San Francisco,San Francisco Bay Area,honorable_mention,yes,current,,,,,official_site,https://www.gencap.com/companies/,,,https://www.gencap.com/companies/
Tekni-Plex,Genstar Capital,genstar-capital,San Francisco,San Francisco Bay Area,honorable_mention,yes,current,,,,,official_site,https://www.gencap.com/companies/,,,https://www.gencap.com/companies/
Telestream,Genstar Capital,genstar-capital,San Francisco,San Francisco Bay Area,honorable_mention,yes,current,,,,,official_site,https://www.gencap.com/companies/,,,https://www.gencap.com/companies/
TERREPOWER,Genstar Capital,genstar-capital,San Francisco,San Francisco Bay Area,honorable_mention,yes,current,,,,,official_site,https://www.gencap.com/companies/,,,https://www.gencap.com/companies/
TravelClick,Genstar Capital,genstar-capital,San Francisco,San Francisco Bay Area,honorable_mention,yes,current,,,,,official_site,https://www.gencap.com/companies/,,,https://www.gencap.com/companies/
Vector Solutions,Genstar Capital,genstar-capital,San Francisco,San Francisco Bay Area,honorable_mention,yes,current,,,,,official_site,https://www.gencap.com/companies/,,,https://www.gencap.com/companies/
Woods Equipment,Genstar Capital,genstar-capital,San Francisco,San Francisco Bay Area,honorable_mention,yes,current,,,,,official_site,https://www.gencap.com/companies/,,,https://www.gencap.com/companies/
A Cloud Guru,Vista Equity Partners,vista-equity,Austin,Texas,featured,no,unknown,,,,,wikipedia,https://en.wikipedia.org/wiki/A_Cloud_Guru,https://en.wikipedia.org/wiki/A_Cloud_Guru,https://en.wikipedia.org/wiki/A_Cloud_Guru,https://www.vistaequitypartners.com/about/companies/
Accelya,Vista Equity Partners,vista-equity,Austin,Texas,featured,no,current,,,,,official_site,https://www.vistaequitypartners.com/wp-json/wp/v2/company,https://www.vistaequitypartners.com/company/accelya/,,https://www.vistaequitypartners.com/about/companies/
Accruent,Vista Equity Partners,vista-equity,Austin,Texas,featured,no,current,,,,,official_site,https://www.vistaequitypartners.com/wp-json/wp/v2/company,https://www.vistaequitypartners.com/company/accruent/,,https://www.vistaequitypartners.com/about/companies/
Acquia,Vista Equity Partners,vista-equity,Austin,Texas,featured,no,current,,,,,official_site,https://www.vistaequitypartners.com/wp-json/wp/v2/company,https://www.vistaequitypartners.com/company/acquia/,,https://www.vistaequitypartners.com/about/companies/
ACTIVE Network,Vista Equity Partners,vista-equity,Austin,Texas,featured,no,current,,,,,official_site,https://www.vistaequitypartners.com/wp-json/wp/v2/company,https://www.vistaequitypartners.com/company/active-network/,,https://www.vistaequitypartners.com/about/companies/
Acumatica,Vista Equity Partners,vista-equity,Austin,Texas,featured,no,current,,,,,official_site|wikipedia,https://www.vistaequitypartners.com/wp-json/wp/v2/company|https://en.wikipedia.org/wiki/Acumatica,https://www.vistaequitypartners.com/company/acumatica/,https://en.wikipedia.org/wiki/Acumatica,https://www.vistaequitypartners.com/about/companies/
Aderant,Vista Equity Partners,vista-equity,Austin,Texas,featured,no,current,,,,,official_site,https://www.vistaequitypartners.com/wp-json/wp/v2/company,https://www.vistaequitypartners.com/company/aderant/,,https://www.vistaequitypartners.com/about/companies/
Advanced Computer Software,Vista Equity Partners,vista-equity,Austin,Texas,featured,no,unknown,,,,,wikipedia,https://en.wikipedia.org/wiki/Advanced_Computer_Software,https://en.wikipedia.org/wiki/Advanced_Computer_Software,https://en.wikipedia.org/wiki/Advanced_Computer_Software,https://www.vistaequitypartners.com/about/companies/
Advicent Solutions,Vista Equity Partners,vista-equity,Austin,Texas,featured,no,current,,,,,official_site,https://www.vistaequitypartners.com/wp-json/wp/v2/company,https://www.vistaequitypartners.com/company/advicent-solutions/,,https://www.vistaequitypartners.com/about/companies/
AGDATA,Vista Equity Partners,vista-equity,Austin,Texas,featured,no,current,,,,,official_site,https://www.vistaequitypartners.com/wp-json/wp/v2/company,https://www.vistaequitypartners.com/company/agdata/,,https://www.vistaequitypartners.com/about/companies/
AKUVO,Vista Equity Partners,vista-equity,Austin,Texas,featured,no,current,,,,,official_site,https://www.vistaequitypartners.com/wp-json/wp/v2/company,https://www.vistaequitypartners.com/company/akuvo/,,https://www.vistaequitypartners.com/about/companies/
Alegeus,Vista Equity Partners,vista-equity,Austin,Texas,featured,no,current,,,,,official_site,https://www.vistaequitypartners.com/wp-json/wp/v2/company,https://www.vistaequitypartners.com/company/alegeus/,,https://www.vistaequitypartners.com/about/companies/
AlertMedia,Vista Equity Partners,vista-equity,Austin,Texas,featured,no,current,,,,,official_site,https://www.vistaequitypartners.com/wp-json/wp/v2/company,https://www.vistaequitypartners.com/company/alertmedia/,,https://www.vistaequitypartners.com/about/companies/
Allocate Software,Vista Equity Partners,vista-equity,Austin,Texas,featured,no,current,,,,,official_site,https://www.vistaequitypartners.com/wp-json/wp/v2/company,https://www.vistaequitypartners.com/company/allocate-software/,,https://www.vistaequitypartners.com/about/companies/
Allvue Systems,Vista Equity Partners,vista-equity,Austin,Texas,featured,no,current,,,,,official_site,https://www.vistaequitypartners.com/wp-json/wp/v2/company,https://www.vistaequitypartners.com/company/allvue-systems/,,https://www.vistaequitypartners.com/about/companies/
Amtech Software,Vista Equity Partners,vista-equity,Austin,Texas,featured,no,current,,,,,official_site,https://www.vistaequitypartners.com/wp-json/wp/v2/company,https://www.vistaequitypartners.com/company/amtech/,,https://www.vistaequitypartners.com/about/companies/
AppFolio,Vista Equity Partners,vista-equity,Austin,Texas,featured,no,unknown,,,,,geig_article,https://growthequityinterviewguide.com/private-equity/private-equity-primer/technology-private-equity-firms,,,https://www.vistaequitypartners.com/about/companies/
Applause,Vista Equity Partners,vista-equity,Austin,Texas,featured,no,current,,,,,official_site,https://www.vistaequitypartners.com/wp-json/wp/v2/company,https://www.vistaequitypartners.com/company/applause/,,https://www.vistaequitypartners.com/about/companies/
Applied Systems,Vista Equity Partners,vista-equity,Austin,Texas,featured,no,current,,,,,official_site,https://www.vistaequitypartners.com/wp-json/wp/v2/company,https://www.vistaequitypartners.com/company/applied-systems/,,https://www.vistaequitypartners.com/about/companies/
Apptio,Vista Equity Partners,vista-equity,Austin,Texas,featured,no,current,,,,,official_site|wikipedia,https://www.vistaequitypartners.com/wp-json/wp/v2/company|https://en.wikipedia.org/wiki/Apptio,https://www.vistaequitypartners.com/company/apptio/,https://en.wikipedia.org/wiki/Apptio,https://www.vistaequitypartners.com/about/companies/
Aptean,Vista Equity Partners,vista-equity,Austin,Texas,featured,no,current,,,,,official_site,https://www.vistaequitypartners.com/wp-json/wp/v2/company,https://www.vistaequitypartners.com/company/aptean/,,https://www.vistaequitypartners.com/about/companies/
Arcos,Vista Equity Partners,vista-equity,Austin,Texas,featured,no,current,,,,,official_site,https://www.vistaequitypartners.com/wp-json/wp/v2/company,https://www.vistaequitypartners.com/company/arcos/,,https://www.vistaequitypartners.com/about/companies/
Aspect,Vista Equity Partners,vista-equity,Austin,Texas,featured,no,current,,,,,official_site,https://www.vistaequitypartners.com/wp-json/wp/v2/company,https://www.vistaequitypartners.com/company/aspect/,,https://www.vistaequitypartners.com/about/companies/
Aspira,Vista Equity Partners,vista-equity,Austin,Texas,featured,no,current,,,,,official_site,https://www.vistaequitypartners.com/wp-json/wp/v2/company,https://www.vistaequitypartners.com/company/aspira/,,https://www.vistaequitypartners.com/about/companies/
Assent,Vista Equity Partners,vista-equity,Austin,Texas,featured,no,current,,,,,official_site,https://www.vistaequitypartners.com/wp-json/wp/v2/company,https://www.vistaequitypartners.com/company/assent-compliance/,,https://www.vistaequitypartners.com/about/companies/
Avalara,Vista Equity Partners,vista-equity,Austin,Texas,featured,no,current,,,,,official_site,https://www.vistaequitypartners.com/wp-json/wp/v2/company,https://www.vistaequitypartners.com/company/avalara/,,https://www.vistaequitypartners.com/about/companies/
Benchmark Gensuite,Vista Equity Partners,vista-equity,Austin,Texas,featured,no,current,,,,,official_site,https://www.vistaequitypartners.com/wp-json/wp/v2/company,https://www.vistaequitypartners.com/company/benchmark-gensuite/,,https://www.vistaequitypartners.com/about/companies/
BetterCloud,Vista Equity Partners,vista-equity,Austin,Texas,featured,no,current,,,,,official_site|wikipedia,https://www.vistaequitypartners.com/wp-json/wp/v2/company|https://en.wikipedia.org/wiki/BetterCloud,https://www.vistaequitypartners.com/company/bettercloud/,https://en.wikipedia.org/wiki/BetterCloud,https://www.vistaequitypartners.com/about/companies/
BigMachines,Vista Equity Partners,vista-equity,Austin,Texas,featured,no,current,,,,,official_site,https://www.vistaequitypartners.com/wp-json/wp/v2/company,https://www.vistaequitypartners.com/company/bigmachines/,,https://www.vistaequitypartners.com/about/companies/
BigTime,Vista Equity Partners,vista-equity,Austin,Texas,featured,no,current,,,,,official_site,https://www.vistaequitypartners.com/wp-json/wp/v2/company,https://www.vistaequitypartners.com/company/bigtime-software/,,https://www.vistaequitypartners.com/about/companies/
BlueConic,Vista Equity Partners,vista-equity,Austin,Texas,featured,no,current,,,,,official_site,https://www.vistaequitypartners.com/wp-json/wp/v2/company,https://www.vistaequitypartners.com/company/blueconic/,,https://www.vistaequitypartners.com/about/companies/
Bonterra,Vista Equity Partners,vista-equity,Austin,Texas,featured,no,current,,,,,official_site,https://www.vistaequitypartners.com/wp-json/wp/v2/company,https://www.vistaequitypartners.com/company/bonterra/,,https://www.vistaequitypartners.com/about/companies/
Brainware,Vista Equity Partners,vista-equity,Austin,Texas,featured,no,current,,,,,official_site|wikipedia,https://www.vistaequitypartners.com/wp-json/wp/v2/company|https://en.wikipedia.org/wiki/Brainware,https://www.vistaequitypartners.com/company/brainware/,https://en.wikipedia.org/wiki/Brainware,https://www.vistaequitypartners.com/about/companies/
Bullhorn,Vista Equity Partners,vista-equity,Austin,Texas,featured,no,current,,,,,official_site|wikipedia,https://www.vistaequitypartners.com/wp-json/wp/v2/company|https://en.wikipedia.org/wiki/Bullhorn%2C_Inc.,https://www.vistaequitypartners.com/company/bullhorn/,https://en.wikipedia.org/wiki/Bullhorn%2C_Inc.,https://www.vistaequitypartners.com/about/companies/
CentralSquare Technologies,Vista Equity Partners,vista-equity,Austin,Texas,featured,no,current,,,,,official_site,https://www.vistaequitypartners.com/wp-json/wp/v2/company,https://www.vistaequitypartners.com/company/centralsquare/,,https://www.vistaequitypartners.com/about/companies/
Citrix Systems,Vista Equity Partners,vista-equity,Austin,Texas,featured,no,unknown,,,,,wikipedia,https://en.wikipedia.org/wiki/Citrix_Systems,https://en.wikipedia.org/wiki/Citrix_Systems,https://en.wikipedia.org/wiki/Citrix_Systems,https://www.vistaequitypartners.com/about/companies/
Clari + Salesloft,Vista Equity Partners,vista-equity,Austin,Texas,featured,no,current,,,,,official_site,https://www.vistaequitypartners.com/wp-json/wp/v2/company,https://www.vistaequitypartners.com/company/clari-salesloft/,,https://www.vistaequitypartners.com/about/companies/
Cloud Software Group,Vista Equity Partners,vista-equity,Austin,Texas,featured,no,current,,,,,official_site|wikipedia,https://www.vistaequitypartners.com/wp-json/wp/v2/company|https://en.wikipedia.org/wiki/Cloud_Software_Group,https://www.vistaequitypartners.com/company/cloudsoftwaregroup/,https://en.wikipedia.org/wiki/Cloud_Software_Group,https://www.vistaequitypartners.com/about/companies/
Comply,Vista Equity Partners,vista-equity,Austin,Texas,featured,no,current,,,,,official_site,https://www.vistaequitypartners.com/wp-json/wp/v2/company,https://www.vistaequitypartners.com/company/comply/,,https://www.vistaequitypartners.com/about/companies/
Critical Start,Vista Equity Partners,vista-equity,Austin,Texas,featured,no,current,,,,,official_site,https://www.vistaequitypartners.com/wp-json/wp/v2/company,https://www.vistaequitypartners.com/company/critical-start/,,https://www.vistaequitypartners.com/about/companies/
Cvent,Vista Equity Partners,vista-equity,Austin,Texas,featured,no,current,,,,,official_site|wikipedia|geig_article,https://www.vistaequitypartners.com/wp-json/wp/v2/company|https://en.wikipedia.org/wiki/Cvent|https://growthequityinterviewguide.com/private-equity/private-equity-primer/technology-private-equity-firms,https://www.vistaequitypartners.com/company/cvent/,https://en.wikipedia.org/wiki/Cvent,https://www.vistaequitypartners.com/about/companies/
D+H,Vista Equity Partners,vista-equity,Austin,Texas,featured,no,unknown,,,,,wikipedia,https://en.wikipedia.org/wiki/D%2BH,https://en.wikipedia.org/wiki/D%2BH,https://en.wikipedia.org/wiki/D%2BH,https://www.vistaequitypartners.com/about/companies/
Datto,Vista Equity Partners,vista-equity,Austin,Texas,featured,no,current,,,,,official_site,https://www.vistaequitypartners.com/wp-json/wp/v2/company,https://www.vistaequitypartners.com/company/datto/,,https://www.vistaequitypartners.com/about/companies/
Datto (company),Vista Equity Partners,vista-equity,Austin,Texas,featured,no,unknown,,,,,wikipedia,https://en.wikipedia.org/wiki/Datto_%28company%29,https://en.wikipedia.org/wiki/Datto_%28company%29,https://en.wikipedia.org/wiki/Datto_%28company%29,https://www.vistaequitypartners.com/about/companies/
Dentira,Vista Equity Partners,vista-equity,Austin,Texas,featured,no,current,,,,,official_site,https://www.vistaequitypartners.com/wp-json/wp/v2/company,https://www.vistaequitypartners.com/company/dentira/,,https://www.vistaequitypartners.com/about/companies/
Dispatch,Vista Equity Partners,vista-equity,Austin,Texas,featured,no,current,,,,,official_site,https://www.vistaequitypartners.com/wp-json/wp/v2/company,https://www.vistaequitypartners.com/company/dispatch/,,https://www.vistaequitypartners.com/about/companies/
Duck Creek Technologies,Vista Equity Partners,vista-equity,Austin,Texas,featured,no,current,,,,,official_site,https://www.vistaequitypartners.com/wp-json/wp/v2/company,https://www.vistaequitypartners.com/company/duck-creek-technologies/,,https://www.vistaequitypartners.com/about/companies/
EAB,Vista Equity Partners,vista-equity,Austin,Texas,featured,no,current,,,,,official_site,https://www.vistaequitypartners.com/wp-json/wp/v2/company,https://www.vistaequitypartners.com/company/eab/,,https://www.vistaequitypartners.com/about/companies/
EAB (company),Vista Equity Partners,vista-equity,Austin,Texas,featured,no,unknown,,,,,wikipedia,https://en.wikipedia.org/wiki/EAB_%28company%29,https://en.wikipedia.org/wiki/EAB_%28company%29,https://en.wikipedia.org/wiki/EAB_%28company%29,https://www.vistaequitypartners.com/about/companies/
Eagleview,Vista Equity Partners,vista-equity,Austin,Texas,featured,no,current,,,,,official_site,https://www.vistaequitypartners.com/wp-json/wp/v2/company,https://www.vistaequitypartners.com/company/eagleview/,,https://www.vistaequitypartners.com/about/companies/
EagleView Technologies,Vista Equity Partners,vista-equity,Austin,Texas,featured,no,unknown,,,,,wikipedia,https://en.wikipedia.org/wiki/EagleView_Technologies,https://en.wikipedia.org/wiki/EagleView_Technologies,https://en.wikipedia.org/wiki/EagleView_Technologies,https://www.vistaequitypartners.com/about/companies/
Ellucian,Vista Equity Partners,vista-equity,Austin,Texas,featured,no,current,,,,,official_site,https://www.vistaequitypartners.com/wp-json/wp/v2/company,https://www.vistaequitypartners.com/company/ellucian/,,https://www.vistaequitypartners.com/about/companies/
Energy Exemplar,Vista Equity Partners,vista-equity,Austin,Texas,featured,no,current,,,,,official_site,https://www.vistaequitypartners.com/wp-json/wp/v2/company,https://www.vistaequitypartners.com/company/energy-exemplar/,,https://www.vistaequitypartners.com/about/companies/
ESO,Vista Equity Partners,vista-equity,Austin,Texas,featured,no,current,,,,,official_site,https://www.vistaequitypartners.com/wp-json/wp/v2/company,https://www.vistaequitypartners.com/company/eso-solutions/,,https://www.vistaequitypartners.com/about/companies/
Finastra,Vista Equity Partners,vista-equity,Austin,Texas,featured,no,current,,,,,official_site|wikipedia,https://www.vistaequitypartners.com/wp-json/wp/v2/company|https://en.wikipedia.org/wiki/Finastra,https://www.vistaequitypartners.com/company/finastra/,https://en.wikipedia.org/wiki/Finastra,https://www.vistaequitypartners.com/about/companies/
Flash,Vista Equity Partners,vista-equity,Austin,Texas,featured,no,current,,,,,official_site,https://www.vistaequitypartners.com/wp-json/wp/v2/company,https://www.vistaequitypartners.com/company/flash/,,https://www.vistaequitypartners.com/about/companies/
Forcepoint,Vista Equity Partners,vista-equity,Austin,Texas,featured,no,current,,,,,official_site|wikipedia,https://www.vistaequitypartners.com/wp-json/wp/v2/company|https://en.wikipedia.org/wiki/Forcepoint,https://www.vistaequitypartners.com/company/forcepoint/,https://en.wikipedia.org/wiki/Forcepoint,https://www.vistaequitypartners.com/about/companies/
Fusion Risk Management,Vista Equity Partners,vista-equity,Austin,Texas,featured,no,current,,,,,official_site,https://www.vistaequitypartners.com/wp-json/wp/v2/company,https://www.vistaequitypartners.com/company/fusion-risk-management/,,https://www.vistaequitypartners.com/about/companies/
Gainsight,Vista Equity Partners,vista-equity,Austin,Texas,featured,no,current,,,,,official_site,https://www.vistaequitypartners.com/wp-json/wp/v2/company,https://www.vistaequitypartners.com/company/gainsight/,,https://www.vistaequitypartners.com/about/companies/
Gatekeeper,Vista Equity Partners,vista-equity,Austin,Texas,featured,no,current,,,,,official_site,https://www.vistaequitypartners.com/wp-json/wp/v2/company,https://www.vistaequitypartners.com/company/gatekeeper/,,https://www.vistaequitypartners.com/about/companies/
Genius Sports,Vista Equity Partners,vista-equity,Austin,Texas,featured,no,unknown,,,,,wikipedia,https://en.wikipedia.org/wiki/Genius_Sports,https://en.wikipedia.org/wiki/Genius_Sports,https://en.wikipedia.org/wiki/Genius_Sports,https://www.vistaequitypartners.com/about/companies/
Gnosis Freight,Vista Equity Partners,vista-equity,Austin,Texas,featured,no,current,,,,,official_site,https://www.vistaequitypartners.com/wp-json/wp/v2/company,https://www.vistaequitypartners.com/company/gnosis-freight/,,https://www.vistaequitypartners.com/about/companies/
Granicus,Vista Equity Partners,vista-equity,Austin,Texas,featured,no,current,,,,,official_site,https://www.vistaequitypartners.com/wp-json/wp/v2/company,https://www.vistaequitypartners.com/company/granicus/,,https://www.vistaequitypartners.com/about/companies/
Greenway Health,Vista Equity Partners,vista-equity,Austin,Texas,featured,no,current,,,,,official_site,https://www.vistaequitypartners.com/wp-json/wp/v2/company,https://www.vistaequitypartners.com/company/greenway-health/,,https://www.vistaequitypartners.com/about/companies/
ICIMS,Vista Equity Partners,vista-equity,Austin,Texas,featured,no,current,,,,,official_site|wikipedia,https://www.vistaequitypartners.com/wp-json/wp/v2/company|https://en.wikipedia.org/wiki/ICIMS,https://www.vistaequitypartners.com/company/icims/,https://en.wikipedia.org/wiki/ICIMS,https://www.vistaequitypartners.com/about/companies/
Infoblox,Vista Equity Partners,vista-equity,Austin,Texas,featured,no,current,,,,,official_site|wikipedia|geig_article,https://www.vistaequitypartners.com/wp-json/wp/v2/company|https://en.wikipedia.org/wiki/Infoblox|https://growthequityinterviewguide.com/private-equity/private-equity-primer/technology-private-equity-firms,https://www.vistaequitypartners.com/company/infoblox/,https://en.wikipedia.org/wiki/Infoblox,https://www.vistaequitypartners.com/about/companies/
Innovapptive,Vista Equity Partners,vista-equity,Austin,Texas,featured,no,current,,,,,official_site,https://www.vistaequitypartners.com/wp-json/wp/v2/company,https://www.vistaequitypartners.com/company/innovapptive/,,https://www.vistaequitypartners.com/about/companies/
Integral Ad Science,Vista Equity Partners,vista-equity,Austin,Texas,featured,no,current,,,,,official_site,https://www.vistaequitypartners.com/wp-json/wp/v2/company,https://www.vistaequitypartners.com/company/integral-ad-science/,,https://www.vistaequitypartners.com/about/companies/
InvoiceCloud,Vista Equity Partners,vista-equity,Austin,Texas,featured,no,current,,,,,official_site,https://www.vistaequitypartners.com/wp-json/wp/v2/company,https://www.vistaequitypartners.com/company/invoicecloud/,,https://www.vistaequitypartners.com/about/companies/
JAGGAER,Vista Equity Partners,vista-equity,Austin,Texas,featured,no,current,,,,,official_site|wikipedia,https://www.vistaequitypartners.com/wp-json/wp/v2/company|https://en.wikipedia.org/wiki/Jaggaer,https://www.vistaequitypartners.com/company/jaggaer/,https://en.wikipedia.org/wiki/Jaggaer,https://www.vistaequitypartners.com/about/companies/
Jamf,Vista Equity Partners,vista-equity,Austin,Texas,featured,no,current,,,,,official_site,https://www.vistaequitypartners.com/wp-json/wp/v2/company,https://www.vistaequitypartners.com/company/jamf/,,https://www.vistaequitypartners.com/about/companies/
Jio,Vista Equity Partners,vista-equity,Austin,Texas,featured,no,current,,,,,official_site,https://www.vistaequitypartners.com/wp-json/wp/v2/company,https://www.vistaequitypartners.com/company/jio/,,https://www.vistaequitypartners.com/about/companies/
Joblogic,Vista Equity Partners,vista-equity,Austin,Texas,featured,no,current,,,,,official_site,https://www.vistaequitypartners.com/wp-json/wp/v2/company,https://www.vistaequitypartners.com/company/joblogic/,,https://www.vistaequitypartners.com/about/companies/
Khoros,Vista Equity Partners,vista-equity,Austin,Texas,featured,no,current,,,,,official_site|wikipedia,https://www.vistaequitypartners.com/wp-json/wp/v2/company|https://en.wikipedia.org/wiki/Khoros%2C_LLC,https://www.vistaequitypartners.com/company/khoros/,https://en.wikipedia.org/wiki/Khoros%2C_LLC,https://www.vistaequitypartners.com/about/companies/
KIBO,Vista Equity Partners,vista-equity,Austin,Texas,featured,no,current,,,,,official_site,https://www.vistaequitypartners.com/wp-json/wp/v2/company,https://www.vistaequitypartners.com/company/kibo/,,https://www.vistaequitypartners.com/about/companies/
Klarna,Vista Equity Partners,vista-equity,Austin,Texas,featured,no,current,,,,,official_site,https://www.vistaequitypartners.com/wp-json/wp/v2/company,https://www.vistaequitypartners.com/company/klarna/,,https://www.vistaequitypartners.com/about/companies/
KnowBe4,Vista Equity Partners,vista-equity,Austin,Texas,featured,no,current,,,,,official_site,https://www.vistaequitypartners.com/wp-json/wp/v2/company,https://www.vistaequitypartners.com/company/knowbe4/,,https://www.vistaequitypartners.com/about/companies/
Lanyon Solutions,Vista Equity Partners,vista-equity,Austin,Texas,featured,no,unknown,,,,,wikipedia,https://en.wikipedia.org/wiki/Lanyon_Solutions,https://en.wikipedia.org/wiki/Lanyon_Solutions,https://en.wikipedia.org/wiki/Lanyon_Solutions,https://www.vistaequitypartners.com/about/companies/
LifeLoop,Vista Equity Partners,vista-equity,Austin,Texas,featured,no,current,,,,,official_site,https://www.vistaequitypartners.com/wp-json/wp/v2/company,https://www.vistaequitypartners.com/company/lifeloop/,,https://www.vistaequitypartners.com/about/companies/
LogicMonitor,Vista Equity Partners,vista-equity,Austin,Texas,featured,no,current,,,,,official_site,https://www.vistaequitypartners.com/wp-json/wp/v2/company,https://www.vistaequitypartners.com/company/logicmonitor/,,https://www.vistaequitypartners.com/about/companies/
Lone Wolf Real Estate Technologies,Vista Equity Partners,vista-equity,Austin,Texas,featured,no,current,,,,,official_site,https://www.vistaequitypartners.com/wp-json/wp/v2/company,https://www.vistaequitypartners.com/company/lone-wolf/,,https://www.vistaequitypartners.com/about/companies/
Lucid,Vista Equity Partners,vista-equity,Austin,Texas,featured,no,current,,,,,official_site,https://www.vistaequitypartners.com/wp-json/wp/v2/company,https://www.vistaequitypartners.com/company/lucid/,,https://www.vistaequitypartners.com/about/companies/
mabl,Vista Equity Partners,vista-equity,Austin,Texas,featured,no,current,,,,,official_site,https://www.vistaequitypartners.com/wp-json/wp/v2/company,https://www.vistaequitypartners.com/company/mabl/,,https://www.vistaequitypartners.com/about/companies/
Main Street Hub,Vista Equity Partners,vista-equity,Austin,Texas,featured,no,current,,,,,official_site,https://www.vistaequitypartners.com/wp-json/wp/v2/company,https://www.vistaequitypartners.com/company/main-street-hub/,,https://www.vistaequitypartners.com/about/companies/
Marketo,Vista Equity Partners,vista-equity,Austin,Texas,featured,no,current,,,,,official_site|geig_article,https://www.vistaequitypartners.com/wp-json/wp/v2/company|https://growthequityinterviewguide.com/private-equity/private-equity-primer/technology-private-equity-firms,https://www.vistaequitypartners.com/company/marketo/,,https://www.vistaequitypartners.com/about/companies/
Mediaocean,Vista Equity Partners,vista-equity,Austin,Texas,featured,no,current,,,,,official_site|wikipedia,https://www.vistaequitypartners.com/wp-json/wp/v2/company|https://en.wikipedia.org/wiki/Mediaocean,https://www.vistaequitypartners.com/company/mediaocean/,https://en.wikipedia.org/wiki/Mediaocean,https://www.vistaequitypartners.com/about/companies/
MedTrainer,Vista Equity Partners,vista-equity,Austin,Texas,featured,no,current,,,,,official_site,https://www.vistaequitypartners.com/wp-json/wp/v2/company,https://www.vistaequitypartners.com/company/medtrainer/,,https://www.vistaequitypartners.com/about/companies/
Menlo Security,Vista Equity Partners,vista-equity,Austin,Texas,featured,no,current,,,,,official_site,https://www.vistaequitypartners.com/wp-json/wp/v2/company,https://www.vistaequitypartners.com/company/menlo-security/,,https://www.vistaequitypartners.com/about/companies/
MicroEdge,Vista Equity Partners,vista-equity,Austin,Texas,featured,no,current,,,,,official_site,https://www.vistaequitypartners.com/wp-json/wp/v2/company,https://www.vistaequitypartners.com/company/microedge/,,https://www.vistaequitypartners.com/about/companies/
Mindbody,Vista Equity Partners,vista-equity,Austin,Texas,featured,no,unknown,,,,,wikipedia,https://en.wikipedia.org/wiki/Mindbody_Inc.,https://en.wikipedia.org/wiki/Mindbody_Inc.,https://en.wikipedia.org/wiki/Mindbody_Inc.,https://www.vistaequitypartners.com/about/companies/
Mitratech,Vista Equity Partners,vista-equity,Austin,Texas,featured,no,current,,,,,official_site,https://www.vistaequitypartners.com/wp-json/wp/v2/company,https://www.vistaequitypartners.com/company/mitratech/,,https://www.vistaequitypartners.com/about/companies/
Model N,Vista Equity Partners,vista-equity,Austin,Texas,featured,no,current,,,,,official_site,https://www.vistaequitypartners.com/wp-json/wp/v2/company,https://www.vistaequitypartners.com/company/model-n/,,https://www.vistaequitypartners.com/about/companies/
Model N (company),Vista Equity Partners,vista-equity,Austin,Texas,featured,no,unknown,,,,,wikipedia,https://en.wikipedia.org/wiki/Model_N_%28company%29,https://en.wikipedia.org/wiki/Model_N_%28company%29,https://en.wikipedia.org/wiki/Model_N_%28company%29,https://www.vistaequitypartners.com/about/companies/
MRI Software,Vista Equity Partners,vista-equity,Austin,Texas,featured,no,current,,,,,official_site|wikipedia,https://www.vistaequitypartners.com/wp-json/wp/v2/company|https://en.wikipedia.org/wiki/MRI_Software,https://www.vistaequitypartners.com/company/mri-software/,https://en.wikipedia.org/wiki/MRI_Software,https://www.vistaequitypartners.com/about/companies/
Nasuni,Vista Equity Partners,vista-equity,Austin,Texas,featured,no,current,,,,,official_site,https://www.vistaequitypartners.com/wp-json/wp/v2/company,https://www.vistaequitypartners.com/company/nasuni/,,https://www.vistaequitypartners.com/about/companies/
NAVEX,Vista Equity Partners,vista-equity,Austin,Texas,featured,no,current,,,,,official_site,https://www.vistaequitypartners.com/wp-json/wp/v2/company,https://www.vistaequitypartners.com/company/navex/,,https://www.vistaequitypartners.com/about/companies/
Naviga,Vista Equity Partners,vista-equity,Austin,Texas,featured,no,current,,,,,official_site,https://www.vistaequitypartners.com/wp-json/wp/v2/company,https://www.vistaequitypartners.com/company/naviga/,,https://www.vistaequitypartners.com/about/companies/
Nexthink,Vista Equity Partners,vista-equity,Austin,Texas,featured,no,current,,,,,official_site,https://www.vistaequitypartners.com/wp-json/wp/v2/company,https://www.vistaequitypartners.com/company/nexthink/,,https://www.vistaequitypartners.com/about/companies/
Numerator,Vista Equity Partners,vista-equity,Austin,Texas,featured,no,current,,,,,official_site,https://www.vistaequitypartners.com/wp-json/wp/v2/company,https://www.vistaequitypartners.com/company/numerator/,,https://www.vistaequitypartners.com/about/companies/
OfficeSpace,Vista Equity Partners,vista-equity,Austin,Texas,featured,no,current,,,,,official_site,https://www.vistaequitypartners.com/wp-json/wp/v2/company,https://www.vistaequitypartners.com/company/officespace/,,https://www.vistaequitypartners.com/about/companies/
Olive.AI,Vista Equity Partners,vista-equity,Austin,Texas,featured,no,current,,,,,official_site,https://www.vistaequitypartners.com/wp-json/wp/v2/company,https://www.vistaequitypartners.com/company/olive-ai/,,https://www.vistaequitypartners.com/about/companies/
OneAdvanced,Vista Equity Partners,vista-equity,Austin,Texas,featured,no,current,,,,,official_site,https://www.vistaequitypartners.com/wp-json/wp/v2/company,https://www.vistaequitypartners.com/company/oneadvanced/,,https://www.vistaequitypartners.com/about/companies/
P2 Energy Solutions,Vista Equity Partners,vista-equity,Austin,Texas,featured,no,current,,,,,official_site|wikipedia,https://www.vistaequitypartners.com/wp-json/wp/v2/company|https://en.wikipedia.org/wiki/P2_Energy_Solutions,https://www.vistaequitypartners.com/company/p2-energy-solutions/,https://en.wikipedia.org/wiki/P2_Energy_Solutions,https://www.vistaequitypartners.com/about/companies/
Ping Identity,Vista Equity Partners,vista-equity,Austin,Texas,featured,no,current,,,,,official_site|wikipedia,https://www.vistaequitypartners.com/wp-json/wp/v2/company|https://en.wikipedia.org/wiki/Ping_Identity,https://www.vistaequitypartners.com/company/ping-identity/,https://en.wikipedia.org/wiki/Ping_Identity,https://www.vistaequitypartners.com/about/companies/
Pipedrive,Vista Equity Partners,vista-equity,Austin,Texas,featured,no,current,,,,,official_site|wikipedia,https://www.vistaequitypartners.com/wp-json/wp/v2/company|https://en.wikipedia.org/wiki/Pipedrive,https://www.vistaequitypartners.com/company/pipedrive/,https://en.wikipedia.org/wiki/Pipedrive,https://www.vistaequitypartners.com/about/companies/
PlanSource,Vista Equity Partners,vista-equity,Austin,Texas,featured,no,current,,,,,official_site,https://www.vistaequitypartners.com/wp-json/wp/v2/company,https://www.vistaequitypartners.com/company/plansource/,,https://www.vistaequitypartners.com/about/companies/
Playlist,Vista Equity Partners,vista-equity,Austin,Texas,featured,no,current,,,,,official_site,https://www.vistaequitypartners.com/wp-json/wp/v2/company,https://www.vistaequitypartners.com/company/playlist/,,https://www.vistaequitypartners.com/about/companies/
Pluralsight,Vista Equity Partners,vista-equity,Austin,Texas,featured,no,current,,,,,official_site|wikipedia,https://www.vistaequitypartners.com/wp-json/wp/v2/company|https://en.wikipedia.org/wiki/Pluralsight,https://www.vistaequitypartners.com/company/pluralsight/,https://en.wikipedia.org/wiki/Pluralsight,https://www.vistaequitypartners.com/about/companies/
Poppulo,Vista Equity Partners,vista-equity,Austin,Texas,featured,no,current,,,,,official_site,https://www.vistaequitypartners.com/wp-json/wp/v2/company,https://www.vistaequitypartners.com/company/poppulo/,,https://www.vistaequitypartners.com/about/companies/
Portside,Vista Equity Partners,vista-equity,Austin,Texas,featured,no,current,,,,,official_site,https://www.vistaequitypartners.com/wp-json/wp/v2/company,https://www.vistaequitypartners.com/company/portside/,,https://www.vistaequitypartners.com/about/companies/
Power Factors,Vista Equity Partners,vista-equity,Austin,Texas,featured,no,current,,,,,official_site,https://www.vistaequitypartners.com/wp-json/wp/v2/company,https://www.vistaequitypartners.com/company/power-factors/,,https://www.vistaequitypartners.com/about/companies/
PowerSchool,Vista Equity Partners,vista-equity,Austin,Texas,featured,no,current,,,,,official_site,https://www.vistaequitypartners.com/wp-json/wp/v2/company,https://www.vistaequitypartners.com/company/powerschool/,,https://www.vistaequitypartners.com/about/companies/
Quickbase,Vista Equity Partners,vista-equity,Austin,Texas,featured,no,current,,,,,official_site|wikipedia,https://www.vistaequitypartners.com/wp-json/wp/v2/company|https://en.wikipedia.org/wiki/Quickbase,https://www.vistaequitypartners.com/company/quick-base/,https://en.wikipedia.org/wiki/Quickbase,https://www.vistaequitypartners.com/about/companies/
RadarFirst,Vista Equity Partners,vista-equity,Austin,Texas,featured,no,current,,,,,official_site,https://www.vistaequitypartners.com/wp-json/wp/v2/company,https://www.vistaequitypartners.com/company/radarfirst/,,https://www.vistaequitypartners.com/about/companies/
Redwood Software,Vista Equity Partners,vista-equity,Austin,Texas,featured,no,current,,,,,official_site,https://www.vistaequitypartners.com/wp-json/wp/v2/company,https://www.vistaequitypartners.com/company/redwood-software/,,https://www.vistaequitypartners.com/about/companies/
Regulatory DataCorp,Vista Equity Partners,vista-equity,Austin,Texas,featured,no,current,,,,,official_site,https://www.vistaequitypartners.com/wp-json/wp/v2/company,https://www.vistaequitypartners.com/company/rdc/,,https://www.vistaequitypartners.com/about/companies/
Relias Learning,Vista Equity Partners,vista-equity,Austin,Texas,featured,no,current,,,,,official_site,https://www.vistaequitypartners.com/wp-json/wp/v2/company,https://www.vistaequitypartners.com/company/relias-learning-llc/,,https://www.vistaequitypartners.com/about/companies/
Resilinc,Vista Equity Partners,vista-equity,Austin,Texas,featured,no,current,,,,,official_site,https://www.vistaequitypartners.com/wp-json/wp/v2/company,https://www.vistaequitypartners.com/company/resilinc/,,https://www.vistaequitypartners.com/about/companies/
Return Path,Vista Equity Partners,vista-equity,Austin,Texas,featured,no,current,,,,,official_site,https://www.vistaequitypartners.com/wp-json/wp/v2/company,https://www.vistaequitypartners.com/company/return-path/,,https://www.vistaequitypartners.com/about/companies/
Reynolds & Reynolds,Vista Equity Partners,vista-equity,Austin,Texas,featured,no,current,,,,,official_site,https://www.vistaequitypartners.com/wp-json/wp/v2/company,https://www.vistaequitypartners.com/company/reynoldsandreynolds/,,https://www.vistaequitypartners.com/about/companies/
RiskExec,Vista Equity Partners,vista-equity,Austin,Texas,featured,no,current,,,,,official_site,https://www.vistaequitypartners.com/wp-json/wp/v2/company,https://www.vistaequitypartners.com/company/riskexec/,,https://www.vistaequitypartners.com/about/companies/
RollKall,Vista Equity Partners,vista-equity,Austin,Texas,featured,no,current,,,,,official_site,https://www.vistaequitypartners.com/wp-json/wp/v2/company,https://www.vistaequitypartners.com/company/rollkall/,,https://www.vistaequitypartners.com/about/companies/
Schoox,Vista Equity Partners,vista-equity,Austin,Texas,featured,no,current,,,,,official_site,https://www.vistaequitypartners.com/wp-json/wp/v2/company,https://www.vistaequitypartners.com/company/schoox/,,https://www.vistaequitypartners.com/about/companies/
SecureLink,Vista Equity Partners,vista-equity,Austin,Texas,featured,no,current,,,,,official_site,https://www.vistaequitypartners.com/wp-json/wp/v2/company,https://www.vistaequitypartners.com/company/securelink/,,https://www.vistaequitypartners.com/about/companies/
Securonix,Vista Equity Partners,vista-equity,Austin,Texas,featured,no,current,,,,,official_site,https://www.vistaequitypartners.com/wp-json/wp/v2/company,https://www.vistaequitypartners.com/company/securonix/,,https://www.vistaequitypartners.com/about/companies/
SER Solutions,Vista Equity Partners,vista-equity,Austin,Texas,featured,no,current,,,,,official_site,https://www.vistaequitypartners.com/wp-json/wp/v2/company,https://www.vistaequitypartners.com/company/ser/,,https://www.vistaequitypartners.com/about/companies/
SimplePractice,Vista Equity Partners,vista-equity,Austin,Texas,featured,no,current,,,,,official_site,https://www.vistaequitypartners.com/wp-json/wp/v2/company,https://www.vistaequitypartners.com/company/simplepractice/,,https://www.vistaequitypartners.com/about/companies/
SirsiDynix,Vista Equity Partners,vista-equity,Austin,Texas,featured,no,current,,,,,official_site|wikipedia,https://www.vistaequitypartners.com/wp-json/wp/v2/company|https://en.wikipedia.org/wiki/SirsiDynix,https://www.vistaequitypartners.com/company/sirsidynix/,https://en.wikipedia.org/wiki/SirsiDynix,https://www.vistaequitypartners.com/about/companies/
SmartBear,Vista Equity Partners,vista-equity,Austin,Texas,featured,no,current,,,,,official_site,https://www.vistaequitypartners.com/wp-json/wp/v2/company,https://www.vistaequitypartners.com/company/smartbear/,,https://www.vistaequitypartners.com/about/companies/
Smartsheet,Vista Equity Partners,vista-equity,Austin,Texas,featured,no,current,,,,,official_site|wikipedia,https://www.vistaequitypartners.com/wp-json/wp/v2/company|https://en.wikipedia.org/wiki/Smartsheet_Inc.,https://www.vistaequitypartners.com/company/smartsheet/,https://en.wikipedia.org/wiki/Smartsheet_Inc.,https://www.vistaequitypartners.com/about/companies/
Solera,Vista Equity Partners,vista-equity,Austin,Texas,featured,no,current,,,,,official_site,https://www.vistaequitypartners.com/wp-json/wp/v2/company,https://www.vistaequitypartners.com/company/solera/,,https://www.vistaequitypartners.com/about/companies/
Solera Holdings,Vista Equity Partners,vista-equity,Austin,Texas,featured,no,unknown,,,,,wikipedia|geig_article,https://en.wikipedia.org/wiki/Solera_Holdings|https://growthequityinterviewguide.com/private-equity/private-equity-primer/technology-private-equity-firms,https://en.wikipedia.org/wiki/Solera_Holdings,https://en.wikipedia.org/wiki/Solera_Holdings,https://www.vistaequitypartners.com/about/companies/
Sonatype,Vista Equity Partners,vista-equity,Austin,Texas,featured,no,current,,,,,official_site,https://www.vistaequitypartners.com/wp-json/wp/v2/company,https://www.vistaequitypartners.com/company/sonatype/,,https://www.vistaequitypartners.com/about/companies/
SourceNet Solutions,Vista Equity Partners,vista-equity,Austin,Texas,featured,no,current,,,,,official_site,https://www.vistaequitypartners.com/wp-json/wp/v2/company,https://www.vistaequitypartners.com/company/sourcenet-solutions/,,https://www.vistaequitypartners.com/about/companies/
Sovos Compliance,Vista Equity Partners,vista-equity,Austin,Texas,featured,no,current,,,,,official_site,https://www.vistaequitypartners.com/wp-json/wp/v2/company,https://www.vistaequitypartners.com/company/sovos-compliance/,,https://www.vistaequitypartners.com/about/companies/
SRC Software,Vista Equity Partners,vista-equity,Austin,Texas,featured,no,current,,,,,official_site,https://www.vistaequitypartners.com/wp-json/wp/v2/company,https://www.vistaequitypartners.com/company/src-software/,,https://www.vistaequitypartners.com/about/companies/
StarRez,Vista Equity Partners,vista-equity,Austin,Texas,featured,no,current,,,,,official_site,https://www.vistaequitypartners.com/wp-json/wp/v2/company,https://www.vistaequitypartners.com/company/starrez/,,https://www.vistaequitypartners.com/about/companies/
Stats Perform,Vista Equity Partners,vista-equity,Austin,Texas,featured,no,current,,,,,official_site|wikipedia,https://www.vistaequitypartners.com/wp-json/wp/v2/company|https://en.wikipedia.org/wiki/Stats_Perform,https://www.vistaequitypartners.com/company/stats-perform/,https://en.wikipedia.org/wiki/Stats_Perform,https://www.vistaequitypartners.com/about/companies/
SumTotal,Vista Equity Partners,vista-equity,Austin,Texas,featured,no,current,,,,,official_site,https://www.vistaequitypartners.com/wp-json/wp/v2/company,https://www.vistaequitypartners.com/company/sumtotal-systems/,,https://www.vistaequitypartners.com/about/companies/
Sunquest Information Systems,Vista Equity Partners,vista-equity,Austin,Texas,featured,no,current,,,,,official_site|wikipedia,https://www.vistaequitypartners.com/wp-json/wp/v2/company|https://en.wikipedia.org/wiki/Sunquest_Information_Systems,https://www.vistaequitypartners.com/company/sunquest-information-systems/,https://en.wikipedia.org/wiki/Sunquest_Information_Systems,https://www.vistaequitypartners.com/about/companies/
Surgical Information Systems,Vista Equity Partners,vista-equity,Austin,Texas,featured,no,current,,,,,official_site,https://www.vistaequitypartners.com/wp-json/wp/v2/company,https://www.vistaequitypartners.com/company/surgical-information-systems/,,https://www.vistaequitypartners.com/about/companies/
Taxware,Vista Equity Partners,vista-equity,Austin,Texas,featured,no,unknown,,,,,wikipedia,https://en.wikipedia.org/wiki/Taxware,https://en.wikipedia.org/wiki/Taxware,https://en.wikipedia.org/wiki/Taxware,https://www.vistaequitypartners.com/about/companies/
TigerConnect,Vista Equity Partners,vista-equity,Austin,Texas,featured,no,current,,,,,official_site,https://www.vistaequitypartners.com/wp-json/wp/v2/company,https://www.vistaequitypartners.com/company/tigerconnect/,,https://www.vistaequitypartners.com/about/companies/
Tomia,Vista Equity Partners,vista-equity,Austin,Texas,featured,no,current,,,,,official_site,https://www.vistaequitypartners.com/wp-json/wp/v2/company,https://www.vistaequitypartners.com/company/tomia/,,https://www.vistaequitypartners.com/about/companies/
TransFirst,Vista Equity Partners,vista-equity,Austin,Texas,featured,no,current,,,,,official_site,https://www.vistaequitypartners.com/wp-json/wp/v2/company,https://www.vistaequitypartners.com/company/transfirst/,,https://www.vistaequitypartners.com/about/companies/
TRG Screen,Vista Equity Partners,vista-equity,Austin,Texas,featured,no,current,,,,,official_site,https://www.vistaequitypartners.com/wp-json/wp/v2/company,https://www.vistaequitypartners.com/company/trg-screen/,,https://www.vistaequitypartners.com/about/companies/
Tribute Technology,Vista Equity Partners,vista-equity,Austin,Texas,featured,no,current,,,,,official_site,https://www.vistaequitypartners.com/wp-json/wp/v2/company,https://www.vistaequitypartners.com/company/tribute-technology/,,https://www.vistaequitypartners.com/about/companies/
Trintech,Vista Equity Partners,vista-equity,Austin,Texas,featured,no,current,,,,,official_site,https://www.vistaequitypartners.com/wp-json/wp/v2/company,https://www.vistaequitypartners.com/company/trintech/,,https://www.vistaequitypartners.com/about/companies/
TripleLift,Vista Equity Partners,vista-equity,Austin,Texas,featured,no,current,,,,,official_site,https://www.vistaequitypartners.com/wp-json/wp/v2/company,https://www.vistaequitypartners.com/company/triplelift/,,https://www.vistaequitypartners.com/about/companies/
Tripleseat,Vista Equity Partners,vista-equity,Austin,Texas,featured,no,current,,,,,official_site,https://www.vistaequitypartners.com/wp-json/wp/v2/company,https://www.vistaequitypartners.com/company/tripleseat/,,https://www.vistaequitypartners.com/about/companies/
Upserve,Vista Equity Partners,vista-equity,Austin,Texas,featured,no,current,,,,,official_site,https://www.vistaequitypartners.com/wp-json/wp/v2/company,https://www.vistaequitypartners.com/company/upserve/,,https://www.vistaequitypartners.com/about/companies/
Upside,Vista Equity Partners,vista-equity,Austin,Texas,featured,no,current,,,,,official_site,https://www.vistaequitypartners.com/wp-json/wp/v2/company,https://www.vistaequitypartners.com/company/upside/,,https://www.vistaequitypartners.com/about/companies/
Vena Solutions,Vista Equity Partners,vista-equity,Austin,Texas,featured,no,current,,,,,official_site,https://www.vistaequitypartners.com/wp-json/wp/v2/company,https://www.vistaequitypartners.com/company/vena-solutions/,,https://www.vistaequitypartners.com/about/companies/
Ventyx,Vista Equity Partners,vista-equity,Austin,Texas,featured,no,current,,,,,official_site,https://www.vistaequitypartners.com/wp-json/wp/v2/company,https://www.vistaequitypartners.com/company/ventyx/,,https://www.vistaequitypartners.com/about/companies/
Vertafore,Vista Equity Partners,vista-equity,Austin,Texas,featured,no,current,,,,,official_site,https://www.vistaequitypartners.com/wp-json/wp/v2/company,https://www.vistaequitypartners.com/company/vertafore/,,https://www.vistaequitypartners.com/about/companies/
Vivid Seats,Vista Equity Partners,vista-equity,Austin,Texas,featured,no,current,,,,,official_site,https://www.vistaequitypartners.com/wp-json/wp/v2/company,https://www.vistaequitypartners.com/company/vivid-seats/,,https://www.vistaequitypartners.com/about/companies/
Web.com,Vista Equity Partners,vista-equity,Austin,Texas,featured,no,unknown,,,,,geig_article,https://growthequityinterviewguide.com/private-equity/private-equity-primer/technology-private-equity-firms,,,https://www.vistaequitypartners.com/about/companies/
Websense,Vista Equity Partners,vista-equity,Austin,Texas,featured,no,current,,,,,official_site,https://www.vistaequitypartners.com/wp-json/wp/v2/company,https://www.vistaequitypartners.com/company/websense/,,https://www.vistaequitypartners.com/about/companies/
WorkTango,Vista Equity Partners,vista-equity,Austin,Texas,featured,no,current,,,,,official_site,https://www.vistaequitypartners.com/wp-json/wp/v2/company,https://www.vistaequitypartners.com/company/worktango/,,https://www.vistaequitypartners.com/about/companies/
Wrike,Vista Equity Partners,vista-equity,Austin,Texas,featured,no,current,,,,,official_site|wikipedia,https://www.vistaequitypartners.com/wp-json/wp/v2/company|https://en.wikipedia.org/wiki/Wrike,https://www.vistaequitypartners.com/company/wrike/,https://en.wikipedia.org/wiki/Wrike,https://www.vistaequitypartners.com/about/companies/
Xactly,Vista Equity Partners,vista-equity,Austin,Texas,featured,no,current,,,,,official_site,https://www.vistaequitypartners.com/wp-json/wp/v2/company,https://www.vistaequitypartners.com/company/xactly/,,https://www.vistaequitypartners.com/about/companies/
Xactly Corporation,Vista Equity Partners,vista-equity,Austin,Texas,featured,no,unknown,,,,,wikipedia,https://en.wikipedia.org/wiki/Xactly_Corporation,https://en.wikipedia.org/wiki/Xactly_Corporation,https://en.wikipedia.org/wiki/Xactly_Corporation,https://www.vistaequitypartners.com/about/companies/
Zapproved,Vista Equity Partners,vista-equity,Austin,Texas,featured,no,current,,,,,official_site,https://www.vistaequitypartners.com/wp-json/wp/v2/company,https://www.vistaequitypartners.com/company/zapproved/,,https://www.vistaequitypartners.com/about/companies/
Zego,Vista Equity Partners,vista-equity,Austin,Texas,featured,no,current,,,,,official_site,https://www.vistaequitypartners.com/wp-json/wp/v2/company,https://www.vistaequitypartners.com/company/zego/,,https://www.vistaequitypartners.com/about/companies/
Zywave,Vista Equity Partners,vista-equity,Austin,Texas,featured,no,current,,,,,official_site|wikipedia,https://www.vistaequitypartners.com/wp-json/wp/v2/company|https://en.wikipedia.org/wiki/Zywave,https://www.vistaequitypartners.com/company/zywave/,https://en.wikipedia.org/wiki/Zywave,https://www.vistaequitypartners.com/about/companies/
ABC Fitness Solutions,Thoma Bravo,thoma-bravo,Chicago,Chicago,featured,no,unknown,,,,,official_site,https://www.thomabravo.com/portfolio,,,https://www.thomabravo.com/portfolio
Adenza,Thoma Bravo,thoma-bravo,Chicago,Chicago,featured,no,unknown,,,,,official_site,https://www.thomabravo.com/portfolio,,,https://www.thomabravo.com/portfolio
Aisera,Thoma Bravo,thoma-bravo,Chicago,Chicago,featured,no,unknown,,,,,official_site,https://www.thomabravo.com/portfolio,,,https://www.thomabravo.com/portfolio
Alation,Thoma Bravo,thoma-bravo,Chicago,Chicago,featured,no,unknown,,,,,official_site,https://www.thomabravo.com/portfolio,,,https://www.thomabravo.com/portfolio
Alma,Thoma Bravo,thoma-bravo,Chicago,Chicago,featured,no,unknown,,,,,official_site,https://www.thomabravo.com/portfolio,,,https://www.thomabravo.com/portfolio
Anaplan,Thoma Bravo,thoma-bravo,Chicago,Chicago,featured,no,unknown,,,,,official_site|wikipedia,https://www.thomabravo.com/portfolio|https://en.wikipedia.org/wiki/Anaplan,https://en.wikipedia.org/wiki/Anaplan,https://en.wikipedia.org/wiki/Anaplan,https://www.thomabravo.com/portfolio
Anchorage,Thoma Bravo,thoma-bravo,Chicago,Chicago,featured,no,unknown,,,,,official_site,https://www.thomabravo.com/portfolio,,,https://www.thomabravo.com/portfolio
Applitools,Thoma Bravo,thoma-bravo,Chicago,Chicago,featured,no,unknown,,,,,official_site,https://www.thomabravo.com/portfolio,,,https://www.thomabravo.com/portfolio
AppOmni,Thoma Bravo,thoma-bravo,Chicago,Chicago,featured,no,unknown,,,,,official_site,https://www.thomabravo.com/portfolio,,,https://www.thomabravo.com/portfolio
Apryse,Thoma Bravo,thoma-bravo,Chicago,Chicago,featured,no,unknown,,,,,official_site,https://www.thomabravo.com/portfolio,,,https://www.thomabravo.com/portfolio
Apttus,Thoma Bravo,thoma-bravo,Chicago,Chicago,featured,no,unknown,,,,,official_site,https://www.thomabravo.com/portfolio,,,https://www.thomabravo.com/portfolio
Aternity,Thoma Bravo,thoma-bravo,Chicago,Chicago,featured,no,unknown,,,,,official_site,https://www.thomabravo.com/portfolio,,,https://www.thomabravo.com/portfolio
Aucerna,Thoma Bravo,thoma-bravo,Chicago,Chicago,featured,no,unknown,,,,,official_site,https://www.thomabravo.com/portfolio,,,https://www.thomabravo.com/portfolio
Autodata,Thoma Bravo,thoma-bravo,Chicago,Chicago,featured,no,unknown,,,,,official_site,https://www.thomabravo.com/portfolio,,,https://www.thomabravo.com/portfolio
Azul,Thoma Bravo,thoma-bravo,Chicago,Chicago,featured,no,unknown,,,,,official_site,https://www.thomabravo.com/portfolio,,,https://www.thomabravo.com/portfolio
Barracuda,Thoma Bravo,thoma-bravo,Chicago,Chicago,featured,no,unknown,,,,,official_site,https://www.thomabravo.com/portfolio,,,https://www.thomabravo.com/portfolio
Barracuda Networks,Thoma Bravo,thoma-bravo,Chicago,Chicago,featured,no,unknown,,,,,wikipedia,https://en.wikipedia.org/wiki/Barracuda_Networks,https://en.wikipedia.org/wiki/Barracuda_Networks,https://en.wikipedia.org/wiki/Barracuda_Networks,https://www.thomabravo.com/portfolio
Blue Coat,Thoma Bravo,thoma-bravo,Chicago,Chicago,featured,no,unknown,,,,,official_site,https://www.thomabravo.com/portfolio,,,https://www.thomabravo.com/portfolio
BlueMatrix,Thoma Bravo,thoma-bravo,Chicago,Chicago,featured,no,unknown,,,,,official_site,https://www.thomabravo.com/portfolio,,,https://www.thomabravo.com/portfolio
Bluesight,Thoma Bravo,thoma-bravo,Chicago,Chicago,featured,no,unknown,,,,,official_site,https://www.thomabravo.com/portfolio,,,https://www.thomabravo.com/portfolio
Bomgar,Thoma Bravo,thoma-bravo,Chicago,Chicago,featured,no,unknown,,,,,official_site,https://www.thomabravo.com/portfolio,,,https://www.thomabravo.com/portfolio
Bottomline,Thoma Bravo,thoma-bravo,Chicago,Chicago,featured,no,unknown,,,,,official_site,https://www.thomabravo.com/portfolio,,,https://www.thomabravo.com/portfolio
Calabrio,Thoma Bravo,thoma-bravo,Chicago,Chicago,featured,no,unknown,,,,,official_site,https://www.thomabravo.com/portfolio,,,https://www.thomabravo.com/portfolio
Casepoint,Thoma Bravo,thoma-bravo,Chicago,Chicago,featured,no,unknown,,,,,official_site,https://www.thomabravo.com/portfolio,,,https://www.thomabravo.com/portfolio
Circle Cardiovascular Imaging,Thoma Bravo,thoma-bravo,Chicago,Chicago,featured,no,unknown,,,,,official_site,https://www.thomabravo.com/portfolio,,,https://www.thomabravo.com/portfolio
Command Alkon,Thoma Bravo,thoma-bravo,Chicago,Chicago,featured,no,unknown,,,,,official_site,https://www.thomabravo.com/portfolio,,,https://www.thomabravo.com/portfolio
CompTIA,Thoma Bravo,thoma-bravo,Chicago,Chicago,featured,no,unknown,,,,,official_site,https://www.thomabravo.com/portfolio,,,https://www.thomabravo.com/portfolio
Compuware,Thoma Bravo,thoma-bravo,Chicago,Chicago,featured,no,unknown,,,,,official_site,https://www.thomabravo.com/portfolio,,,https://www.thomabravo.com/portfolio
Condeco,Thoma Bravo,thoma-bravo,Chicago,Chicago,featured,no,unknown,,,,,official_site,https://www.thomabravo.com/portfolio,,,https://www.thomabravo.com/portfolio
Conga,Thoma Bravo,thoma-bravo,Chicago,Chicago,featured,no,unknown,,,,,official_site,https://www.thomabravo.com/portfolio,,,https://www.thomabravo.com/portfolio
ConnectWise,Thoma Bravo,thoma-bravo,Chicago,Chicago,featured,no,unknown,,,,,official_site,https://www.thomabravo.com/portfolio,,,https://www.thomabravo.com/portfolio
Continuous,Thoma Bravo,thoma-bravo,Chicago,Chicago,featured,no,unknown,,,,,official_site,https://www.thomabravo.com/portfolio,,,https://www.thomabravo.com/portfolio
Continuum,Thoma Bravo,thoma-bravo,Chicago,Chicago,featured,no,unknown,,,,,official_site,https://www.thomabravo.com/portfolio,,,https://www.thomabravo.com/portfolio
Cority,Thoma Bravo,thoma-bravo,Chicago,Chicago,featured,no,unknown,,,,,official_site,https://www.thomabravo.com/portfolio,,,https://www.thomabravo.com/portfolio
Coupa,Thoma Bravo,thoma-bravo,Chicago,Chicago,featured,no,unknown,,,,,official_site|wikipedia,https://www.thomabravo.com/portfolio|https://en.wikipedia.org/wiki/Coupa,https://en.wikipedia.org/wiki/Coupa,https://en.wikipedia.org/wiki/Coupa,https://www.thomabravo.com/portfolio
Darktrace,Thoma Bravo,thoma-bravo,Chicago,Chicago,featured,no,unknown,,,,,official_site|wikipedia,https://www.thomabravo.com/portfolio|https://en.wikipedia.org/wiki/Darktrace,https://en.wikipedia.org/wiki/Darktrace,https://en.wikipedia.org/wiki/Darktrace,https://www.thomabravo.com/portfolio
Dayforce,Thoma Bravo,thoma-bravo,Chicago,Chicago,featured,no,unknown,,,,,official_site|wikipedia,https://www.thomabravo.com/portfolio|https://en.wikipedia.org/wiki/Dayforce,https://en.wikipedia.org/wiki/Dayforce,https://en.wikipedia.org/wiki/Dayforce,https://www.thomabravo.com/portfolio
Delinea,Thoma Bravo,thoma-bravo,Chicago,Chicago,featured,no,unknown,,,,,official_site,https://www.thomabravo.com/portfolio,,,https://www.thomabravo.com/portfolio
Deltek,Thoma Bravo,thoma-bravo,Chicago,Chicago,featured,no,unknown,,,,,official_site,https://www.thomabravo.com/portfolio,,,https://www.thomabravo.com/portfolio
DigiCert,Thoma Bravo,thoma-bravo,Chicago,Chicago,featured,no,unknown,,,,,official_site,https://www.thomabravo.com/portfolio,,,https://www.thomabravo.com/portfolio
Digital Insight,Thoma Bravo,thoma-bravo,Chicago,Chicago,featured,no,unknown,,,,,official_site,https://www.thomabravo.com/portfolio,,,https://www.thomabravo.com/portfolio
Dynatrace,Thoma Bravo,thoma-bravo,Chicago,Chicago,featured,no,unknown,,,,,official_site,https://www.thomabravo.com/portfolio,,,https://www.thomabravo.com/portfolio
Elemica,Thoma Bravo,thoma-bravo,Chicago,Chicago,featured,no,unknown,,,,,official_site,https://www.thomabravo.com/portfolio,,,https://www.thomabravo.com/portfolio
Ellie Mae,Thoma Bravo,thoma-bravo,Chicago,Chicago,featured,no,unknown,,,,,official_site,https://www.thomabravo.com/portfolio,,,https://www.thomabravo.com/portfolio
Embarcadero,Thoma Bravo,thoma-bravo,Chicago,Chicago,featured,no,unknown,,,,,official_site,https://www.thomabravo.com/portfolio,,,https://www.thomabravo.com/portfolio
Empirix,Thoma Bravo,thoma-bravo,Chicago,Chicago,featured,no,unknown,,,,,official_site,https://www.thomabravo.com/portfolio,,,https://www.thomabravo.com/portfolio
Entrust,Thoma Bravo,thoma-bravo,Chicago,Chicago,featured,no,unknown,,,,,official_site,https://www.thomabravo.com/portfolio,,,https://www.thomabravo.com/portfolio
Eptura,Thoma Bravo,thoma-bravo,Chicago,Chicago,featured,no,unknown,,,,,official_site,https://www.thomabravo.com/portfolio,,,https://www.thomabravo.com/portfolio
EQS,Thoma Bravo,thoma-bravo,Chicago,Chicago,featured,no,unknown,,,,,official_site,https://www.thomabravo.com/portfolio,,,https://www.thomabravo.com/portfolio
Everbridge,Thoma Bravo,thoma-bravo,Chicago,Chicago,featured,no,unknown,,,,,official_site|wikipedia,https://www.thomabravo.com/portfolio|https://en.wikipedia.org/wiki/Everbridge,https://en.wikipedia.org/wiki/Everbridge,https://en.wikipedia.org/wiki/Everbridge,https://www.thomabravo.com/portfolio
Exabeam,Thoma Bravo,thoma-bravo,Chicago,Chicago,featured,no,unknown,,,,,official_site,https://www.thomabravo.com/portfolio,,,https://www.thomabravo.com/portfolio
Exostar,Thoma Bravo,thoma-bravo,Chicago,Chicago,featured,no,unknown,,,,,official_site,https://www.thomabravo.com/portfolio,,,https://www.thomabravo.com/portfolio
Falcon X,Thoma Bravo,thoma-bravo,Chicago,Chicago,featured,no,unknown,,,,,official_site,https://www.thomabravo.com/portfolio,,,https://www.thomabravo.com/portfolio
Figment,Thoma Bravo,thoma-bravo,Chicago,Chicago,featured,no,unknown,,,,,official_site,https://www.thomabravo.com/portfolio,,,https://www.thomabravo.com/portfolio
Flexera,Thoma Bravo,thoma-bravo,Chicago,Chicago,featured,no,unknown,,,,,official_site,https://www.thomabravo.com/portfolio,,,https://www.thomabravo.com/portfolio
ForgeRock,Thoma Bravo,thoma-bravo,Chicago,Chicago,featured,no,unknown,,,,,official_site|wikipedia,https://www.thomabravo.com/portfolio|https://en.wikipedia.org/wiki/ForgeRock,https://en.wikipedia.org/wiki/ForgeRock,https://en.wikipedia.org/wiki/ForgeRock,https://www.thomabravo.com/portfolio
Foundation,Thoma Bravo,thoma-bravo,Chicago,Chicago,featured,no,unknown,,,,,official_site,https://www.thomabravo.com/portfolio,,,https://www.thomabravo.com/portfolio
Frontline,Thoma Bravo,thoma-bravo,Chicago,Chicago,featured,no,unknown,,,,,official_site,https://www.thomabravo.com/portfolio,,,https://www.thomabravo.com/portfolio
FTX,Thoma Bravo,thoma-bravo,Chicago,Chicago,featured,no,unknown,,,,,official_site,https://www.thomabravo.com/portfolio,,,https://www.thomabravo.com/portfolio
GHX,Thoma Bravo,thoma-bravo,Chicago,Chicago,featured,no,unknown,,,,,official_site,https://www.thomabravo.com/portfolio,,,https://www.thomabravo.com/portfolio
Grayshift,Thoma Bravo,thoma-bravo,Chicago,Chicago,featured,no,unknown,,,,,official_site,https://www.thomabravo.com/portfolio,,,https://www.thomabravo.com/portfolio
Greenphire,Thoma Bravo,thoma-bravo,Chicago,Chicago,featured,no,unknown,,,,,official_site,https://www.thomabravo.com/portfolio,,,https://www.thomabravo.com/portfolio
HCSS,Thoma Bravo,thoma-bravo,Chicago,Chicago,featured,no,unknown,,,,,official_site,https://www.thomabravo.com/portfolio,,,https://www.thomabravo.com/portfolio
HubSync,Thoma Bravo,thoma-bravo,Chicago,Chicago,featured,no,unknown,,,,,official_site,https://www.thomabravo.com/portfolio,,,https://www.thomabravo.com/portfolio
Hyland,Thoma Bravo,thoma-bravo,Chicago,Chicago,featured,no,unknown,,,,,official_site,https://www.thomabravo.com/portfolio,,,https://www.thomabravo.com/portfolio
Hypergene,Thoma Bravo,thoma-bravo,Chicago,Chicago,featured,no,unknown,,,,,official_site,https://www.thomabravo.com/portfolio,,,https://www.thomabravo.com/portfolio
Idaptive,Thoma Bravo,thoma-bravo,Chicago,Chicago,featured,no,unknown,,,,,official_site,https://www.thomabravo.com/portfolio,,,https://www.thomabravo.com/portfolio
Imperva,Thoma Bravo,thoma-bravo,Chicago,Chicago,featured,no,unknown,,,,,official_site|wikipedia,https://www.thomabravo.com/portfolio|https://en.wikipedia.org/wiki/Imperva,https://en.wikipedia.org/wiki/Imperva,https://en.wikipedia.org/wiki/Imperva,https://www.thomabravo.com/portfolio
Imply,Thoma Bravo,thoma-bravo,Chicago,Chicago,featured,no,unknown,,,,,official_site,https://www.thomabravo.com/portfolio,,,https://www.thomabravo.com/portfolio
Imprivata,Thoma Bravo,thoma-bravo,Chicago,Chicago,featured,no,unknown,,,,,official_site,https://www.thomabravo.com/portfolio,,,https://www.thomabravo.com/portfolio
Infogix,Thoma Bravo,thoma-bravo,Chicago,Chicago,featured,no,unknown,,,,,official_site,https://www.thomabravo.com/portfolio,,,https://www.thomabravo.com/portfolio
Infovista,Thoma Bravo,thoma-bravo,Chicago,Chicago,featured,no,unknown,,,,,official_site,https://www.thomabravo.com/portfolio,,,https://www.thomabravo.com/portfolio
Instructure,Thoma Bravo,thoma-bravo,Chicago,Chicago,featured,no,unknown,,,,,official_site,https://www.thomabravo.com/portfolio,,,https://www.thomabravo.com/portfolio
Intel 471,Thoma Bravo,thoma-bravo,Chicago,Chicago,featured,no,unknown,,,,,official_site,https://www.thomabravo.com/portfolio,,,https://www.thomabravo.com/portfolio
iOffice,Thoma Bravo,thoma-bravo,Chicago,Chicago,featured,no,unknown,,,,,official_site,https://www.thomabravo.com/portfolio,,,https://www.thomabravo.com/portfolio
iPipeline,Thoma Bravo,thoma-bravo,Chicago,Chicago,featured,no,unknown,,,,,official_site,https://www.thomabravo.com/portfolio,,,https://www.thomabravo.com/portfolio
J.D. Power,Thoma Bravo,thoma-bravo,Chicago,Chicago,featured,no,unknown,,,,,wikipedia,https://en.wikipedia.org/wiki/J.D._Power,https://en.wikipedia.org/wiki/J.D._Power,https://en.wikipedia.org/wiki/J.D._Power,https://www.thomabravo.com/portfolio
JD Power,Thoma Bravo,thoma-bravo,Chicago,Chicago,featured,no,unknown,,,,,official_site,https://www.thomabravo.com/portfolio,,,https://www.thomabravo.com/portfolio
Jeppesen ForeFlight,Thoma Bravo,thoma-bravo,Chicago,Chicago,featured,no,unknown,,,,,official_site,https://www.thomabravo.com/portfolio,,,https://www.thomabravo.com/portfolio
Kneat,Thoma Bravo,thoma-bravo,Chicago,Chicago,featured,no,unknown,,,,,official_site,https://www.thomabravo.com/portfolio,,,https://www.thomabravo.com/portfolio
Kofax,Thoma Bravo,thoma-bravo,Chicago,Chicago,featured,no,unknown,,,,,official_site,https://www.thomabravo.com/portfolio,,,https://www.thomabravo.com/portfolio
LANDESK,Thoma Bravo,thoma-bravo,Chicago,Chicago,featured,no,unknown,,,,,official_site,https://www.thomabravo.com/portfolio,,,https://www.thomabravo.com/portfolio
Local Media,Thoma Bravo,thoma-bravo,Chicago,Chicago,featured,no,unknown,,,,,official_site,https://www.thomabravo.com/portfolio,,,https://www.thomabravo.com/portfolio
Logex,Thoma Bravo,thoma-bravo,Chicago,Chicago,featured,no,unknown,,,,,official_site,https://www.thomabravo.com/portfolio,,,https://www.thomabravo.com/portfolio
LogRhythm,Thoma Bravo,thoma-bravo,Chicago,Chicago,featured,no,unknown,,,,,official_site,https://www.thomabravo.com/portfolio,,,https://www.thomabravo.com/portfolio
Magnet Forensics,Thoma Bravo,thoma-bravo,Chicago,Chicago,featured,no,unknown,,,,,official_site,https://www.thomabravo.com/portfolio,,,https://www.thomabravo.com/portfolio
Majesco,Thoma Bravo,thoma-bravo,Chicago,Chicago,featured,no,unknown,,,,,official_site,https://www.thomabravo.com/portfolio,,,https://www.thomabravo.com/portfolio
Manatron,Thoma Bravo,thoma-bravo,Chicago,Chicago,featured,no,unknown,,,,,official_site,https://www.thomabravo.com/portfolio,,,https://www.thomabravo.com/portfolio
McAfee,Thoma Bravo,thoma-bravo,Chicago,Chicago,featured,no,unknown,,,,,official_site,https://www.thomabravo.com/portfolio,,,https://www.thomabravo.com/portfolio
Medallia,Thoma Bravo,thoma-bravo,Chicago,Chicago,featured,no,unknown,,,,,official_site|wikipedia,https://www.thomabravo.com/portfolio|https://en.wikipedia.org/wiki/Medallia,https://en.wikipedia.org/wiki/Medallia,https://en.wikipedia.org/wiki/Medallia,https://www.thomabravo.com/portfolio
MedeAnalytics,Thoma Bravo,thoma-bravo,Chicago,Chicago,featured,no,unknown,,,,,official_site,https://www.thomabravo.com/portfolio,,,https://www.thomabravo.com/portfolio
Mediware,Thoma Bravo,thoma-bravo,Chicago,Chicago,featured,no,unknown,,,,,official_site,https://www.thomabravo.com/portfolio,,,https://www.thomabravo.com/portfolio
Mercell,Thoma Bravo,thoma-bravo,Chicago,Chicago,featured,no,unknown,,,,,official_site,https://www.thomabravo.com/portfolio,,,https://www.thomabravo.com/portfolio
MeridianLink,Thoma Bravo,thoma-bravo,Chicago,Chicago,featured,no,unknown,,,,,official_site,https://www.thomabravo.com/portfolio,,,https://www.thomabravo.com/portfolio
Motus,Thoma Bravo,thoma-bravo,Chicago,Chicago,featured,no,unknown,,,,,official_site,https://www.thomabravo.com/portfolio,,,https://www.thomabravo.com/portfolio
N-able,Thoma Bravo,thoma-bravo,Chicago,Chicago,featured,no,unknown,,,,,official_site,https://www.thomabravo.com/portfolio,,,https://www.thomabravo.com/portfolio
Nasdaq,Thoma Bravo,thoma-bravo,Chicago,Chicago,featured,no,unknown,,,,,official_site,https://www.thomabravo.com/portfolio,,,https://www.thomabravo.com/portfolio
Nearmap,Thoma Bravo,thoma-bravo,Chicago,Chicago,featured,no,unknown,,,,,official_site|wikipedia,https://www.thomabravo.com/portfolio|https://en.wikipedia.org/wiki/Nearmap,https://en.wikipedia.org/wiki/Nearmap,https://en.wikipedia.org/wiki/Nearmap,https://www.thomabravo.com/portfolio
Network Instruments,Thoma Bravo,thoma-bravo,Chicago,Chicago,featured,no,unknown,,,,,official_site,https://www.thomabravo.com/portfolio,,,https://www.thomabravo.com/portfolio
NextGen,Thoma Bravo,thoma-bravo,Chicago,Chicago,featured,no,unknown,,,,,official_site,https://www.thomabravo.com/portfolio,,,https://www.thomabravo.com/portfolio
NextGen Healthcare,Thoma Bravo,thoma-bravo,Chicago,Chicago,featured,no,unknown,,,,,wikipedia,https://en.wikipedia.org/wiki/NextGen_Healthcare,https://en.wikipedia.org/wiki/NextGen_Healthcare,https://en.wikipedia.org/wiki/NextGen_Healthcare,https://www.thomabravo.com/portfolio
Nintex,Thoma Bravo,thoma-bravo,Chicago,Chicago,featured,no,unknown,,,,,official_site,https://www.thomabravo.com/portfolio,,,https://www.thomabravo.com/portfolio
Olo,Thoma Bravo,thoma-bravo,Chicago,Chicago,featured,no,unknown,,,,,official_site,https://www.thomabravo.com/portfolio,,,https://www.thomabravo.com/portfolio
Olo (online ordering),Thoma Bravo,thoma-bravo,Chicago,Chicago,featured,no,unknown,,,,,wikipedia,https://en.wikipedia.org/wiki/Olo_%28online_ordering%29,https://en.wikipedia.org/wiki/Olo_%28online_ordering%29,https://en.wikipedia.org/wiki/Olo_%28online_ordering%29,https://www.thomabravo.com/portfolio
Paradox,Thoma Bravo,thoma-bravo,Chicago,Chicago,featured,no,unknown,,,,,official_site,https://www.thomabravo.com/portfolio,,,https://www.thomabravo.com/portfolio
Pathwire,Thoma Bravo,thoma-bravo,Chicago,Chicago,featured,no,unknown,,,,,official_site,https://www.thomabravo.com/portfolio,,,https://www.thomabravo.com/portfolio
PCMI,Thoma Bravo,thoma-bravo,Chicago,Chicago,featured,no,unknown,,,,,official_site,https://www.thomabravo.com/portfolio,,,https://www.thomabravo.com/portfolio
Pendo,Thoma Bravo,thoma-bravo,Chicago,Chicago,featured,no,unknown,,,,,official_site,https://www.thomabravo.com/portfolio,,,https://www.thomabravo.com/portfolio
Personetics,Thoma Bravo,thoma-bravo,Chicago,Chicago,featured,no,unknown,,,,,official_site,https://www.thomabravo.com/portfolio,,,https://www.thomabravo.com/portfolio
Ping,Thoma Bravo,thoma-bravo,Chicago,Chicago,featured,no,unknown,,,,,official_site,https://www.thomabravo.com/portfolio,,,https://www.thomabravo.com/portfolio
Ping Identity,Thoma Bravo,thoma-bravo,Chicago,Chicago,featured,no,unknown,,,,,wikipedia,https://en.wikipedia.org/wiki/Ping_Identity,https://en.wikipedia.org/wiki/Ping_Identity,https://en.wikipedia.org/wiki/Ping_Identity,https://www.thomabravo.com/portfolio
Planview,Thoma Bravo,thoma-bravo,Chicago,Chicago,featured,no,unknown,,,,,official_site,https://www.thomabravo.com/portfolio,,,https://www.thomabravo.com/portfolio
PowerPlan,Thoma Bravo,thoma-bravo,Chicago,Chicago,featured,no,unknown,,,,,official_site,https://www.thomabravo.com/portfolio,,,https://www.thomabravo.com/portfolio
Proofpoint,Thoma Bravo,thoma-bravo,Chicago,Chicago,featured,no,unknown,,,,,official_site|wikipedia,https://www.thomabravo.com/portfolio|https://en.wikipedia.org/wiki/Proofpoint,https://en.wikipedia.org/wiki/Proofpoint,https://en.wikipedia.org/wiki/Proofpoint,https://www.thomabravo.com/portfolio
PROS,Thoma Bravo,thoma-bravo,Chicago,Chicago,featured,no,unknown,,,,,official_site,https://www.thomabravo.com/portfolio,,,https://www.thomabravo.com/portfolio
QAD,Thoma Bravo,thoma-bravo,Chicago,Chicago,featured,no,unknown,,,,,official_site,https://www.thomabravo.com/portfolio,,,https://www.thomabravo.com/portfolio
QAD Redzone,Thoma Bravo,thoma-bravo,Chicago,Chicago,featured,no,unknown,,,,,wikipedia,https://en.wikipedia.org/wiki/QAD_Redzone,https://en.wikipedia.org/wiki/QAD_Redzone,https://en.wikipedia.org/wiki/QAD_Redzone,https://www.thomabravo.com/portfolio
Qlik,Thoma Bravo,thoma-bravo,Chicago,Chicago,featured,no,unknown,,,,,official_site|wikipedia,https://www.thomabravo.com/portfolio|https://en.wikipedia.org/wiki/Qlik,https://en.wikipedia.org/wiki/Qlik,https://en.wikipedia.org/wiki/Qlik,https://www.thomabravo.com/portfolio
Quorum,Thoma Bravo,thoma-bravo,Chicago,Chicago,featured,no,unknown,,,,,official_site,https://www.thomabravo.com/portfolio,,,https://www.thomabravo.com/portfolio
Raptor Technologies,Thoma Bravo,thoma-bravo,Chicago,Chicago,featured,no,unknown,,,,,official_site,https://www.thomabravo.com/portfolio,,,https://www.thomabravo.com/portfolio
RealPage,Thoma Bravo,thoma-bravo,Chicago,Chicago,featured,no,unknown,,,,,official_site,https://www.thomabravo.com/portfolio,,,https://www.thomabravo.com/portfolio
Riskonnect,Thoma Bravo,thoma-bravo,Chicago,Chicago,featured,no,unknown,,,,,official_site,https://www.thomabravo.com/portfolio,,,https://www.thomabravo.com/portfolio
Riverbed,Thoma Bravo,thoma-bravo,Chicago,Chicago,featured,no,unknown,,,,,official_site,https://www.thomabravo.com/portfolio,,,https://www.thomabravo.com/portfolio
Riverbed Technology,Thoma Bravo,thoma-bravo,Chicago,Chicago,featured,no,unknown,,,,,wikipedia,https://en.wikipedia.org/wiki/Riverbed_Technology,https://en.wikipedia.org/wiki/Riverbed_Technology,https://en.wikipedia.org/wiki/Riverbed_Technology,https://www.thomabravo.com/portfolio
Roadnet,Thoma Bravo,thoma-bravo,Chicago,Chicago,featured,no,unknown,,,,,official_site,https://www.thomabravo.com/portfolio,,,https://www.thomabravo.com/portfolio
SailPoint,Thoma Bravo,thoma-bravo,Chicago,Chicago,featured,no,unknown,,,,,official_site,https://www.thomabravo.com/portfolio,,,https://www.thomabravo.com/portfolio
Segall Bryant Hamill,Thoma Bravo,thoma-bravo,Chicago,Chicago,featured,no,unknown,,,,,official_site,https://www.thomabravo.com/portfolio,,,https://www.thomabravo.com/portfolio
ServiceTitan,Thoma Bravo,thoma-bravo,Chicago,Chicago,featured,no,unknown,,,,,official_site,https://www.thomabravo.com/portfolio,,,https://www.thomabravo.com/portfolio
ShipStation Global,Thoma Bravo,thoma-bravo,Chicago,Chicago,featured,no,unknown,,,,,official_site,https://www.thomabravo.com/portfolio,,,https://www.thomabravo.com/portfolio
Sirius,Thoma Bravo,thoma-bravo,Chicago,Chicago,featured,no,unknown,,,,,official_site,https://www.thomabravo.com/portfolio,,,https://www.thomabravo.com/portfolio
SolarWinds,Thoma Bravo,thoma-bravo,Chicago,Chicago,featured,no,unknown,,,,,official_site|geig_article,https://www.thomabravo.com/portfolio|https://growthequityinterviewguide.com/private-equity/private-equity-primer/technology-private-equity-firms,,,https://www.thomabravo.com/portfolio
Solifi,Thoma Bravo,thoma-bravo,Chicago,Chicago,featured,no,unknown,,,,,official_site,https://www.thomabravo.com/portfolio,,,https://www.thomabravo.com/portfolio
SonicWall,Thoma Bravo,thoma-bravo,Chicago,Chicago,featured,no,unknown,,,,,official_site,https://www.thomabravo.com/portfolio,,,https://www.thomabravo.com/portfolio
Sophos,Thoma Bravo,thoma-bravo,Chicago,Chicago,featured,no,unknown,,,,,official_site|wikipedia,https://www.thomabravo.com/portfolio|https://en.wikipedia.org/wiki/Sophos,https://en.wikipedia.org/wiki/Sophos,https://en.wikipedia.org/wiki/Sophos,https://www.thomabravo.com/portfolio
Sparta Systems,Thoma Bravo,thoma-bravo,Chicago,Chicago,featured,no,unknown,,,,,official_site,https://www.thomabravo.com/portfolio,,,https://www.thomabravo.com/portfolio
SRS Health,Thoma Bravo,thoma-bravo,Chicago,Chicago,featured,no,unknown,,,,,official_site,https://www.thomabravo.com/portfolio,,,https://www.thomabravo.com/portfolio
Stamps.com,Thoma Bravo,thoma-bravo,Chicago,Chicago,featured,no,unknown,,,,,wikipedia,https://en.wikipedia.org/wiki/Stamps.com,https://en.wikipedia.org/wiki/Stamps.com,https://en.wikipedia.org/wiki/Stamps.com,https://www.thomabravo.com/portfolio
Starburst,Thoma Bravo,thoma-bravo,Chicago,Chicago,featured,no,unknown,,,,,official_site,https://www.thomabravo.com/portfolio,,,https://www.thomabravo.com/portfolio
Suvoda,Thoma Bravo,thoma-bravo,Chicago,Chicago,featured,no,unknown,,,,,official_site,https://www.thomabravo.com/portfolio,,,https://www.thomabravo.com/portfolio
Syntellis,Thoma Bravo,thoma-bravo,Chicago,Chicago,featured,no,unknown,,,,,official_site,https://www.thomabravo.com/portfolio,,,https://www.thomabravo.com/portfolio
T2 Systems,Thoma Bravo,thoma-bravo,Chicago,Chicago,featured,no,unknown,,,,,official_site,https://www.thomabravo.com/portfolio,,,https://www.thomabravo.com/portfolio
Talend,Thoma Bravo,thoma-bravo,Chicago,Chicago,featured,no,unknown,,,,,official_site,https://www.thomabravo.com/portfolio,,,https://www.thomabravo.com/portfolio
Telestream,Thoma Bravo,thoma-bravo,Chicago,Chicago,featured,no,unknown,,,,,official_site,https://www.thomabravo.com/portfolio,,,https://www.thomabravo.com/portfolio
Trader,Thoma Bravo,thoma-bravo,Chicago,Chicago,featured,no,unknown,,,,,official_site,https://www.thomabravo.com/portfolio,,,https://www.thomabravo.com/portfolio
Trading Technologies,Thoma Bravo,thoma-bravo,Chicago,Chicago,featured,no,unknown,,,,,official_site,https://www.thomabravo.com/portfolio,,,https://www.thomabravo.com/portfolio
TravelClick,Thoma Bravo,thoma-bravo,Chicago,Chicago,featured,no,unknown,,,,,official_site,https://www.thomabravo.com/portfolio,,,https://www.thomabravo.com/portfolio
Tripwire,Thoma Bravo,thoma-bravo,Chicago,Chicago,featured,no,unknown,,,,,official_site,https://www.thomabravo.com/portfolio,,,https://www.thomabravo.com/portfolio
TRM Labs,Thoma Bravo,thoma-bravo,Chicago,Chicago,featured,no,unknown,,,,,official_site,https://www.thomabravo.com/portfolio,,,https://www.thomabravo.com/portfolio
Tungsten Automation,Thoma Bravo,thoma-bravo,Chicago,Chicago,featured,no,unknown,,,,,wikipedia,https://en.wikipedia.org/wiki/Tungsten_Automation,https://en.wikipedia.org/wiki/Tungsten_Automation,https://en.wikipedia.org/wiki/Tungsten_Automation,https://www.thomabravo.com/portfolio
UserTesting,Thoma Bravo,thoma-bravo,Chicago,Chicago,featured,no,unknown,,,,,official_site,https://www.thomabravo.com/portfolio,,,https://www.thomabravo.com/portfolio
UserZoom,Thoma Bravo,thoma-bravo,Chicago,Chicago,featured,no,unknown,,,,,official_site,https://www.thomabravo.com/portfolio,,,https://www.thomabravo.com/portfolio
USU,Thoma Bravo,thoma-bravo,Chicago,Chicago,featured,no,unknown,,,,,official_site,https://www.thomabravo.com/portfolio,,,https://www.thomabravo.com/portfolio
Venafi,Thoma Bravo,thoma-bravo,Chicago,Chicago,featured,no,unknown,,,,,official_site,https://www.thomabravo.com/portfolio,,,https://www.thomabravo.com/portfolio
Veracode,Thoma Bravo,thoma-bravo,Chicago,Chicago,featured,no,unknown,,,,,official_site,https://www.thomabravo.com/portfolio,,,https://www.thomabravo.com/portfolio
Veriforce,Thoma Bravo,thoma-bravo,Chicago,Chicago,featured,no,unknown,,,,,official_site,https://www.thomabravo.com/portfolio,,,https://www.thomabravo.com/portfolio
Verint,Thoma Bravo,thoma-bravo,Chicago,Chicago,featured,no,unknown,,,,,official_site,https://www.thomabravo.com/portfolio,,,https://www.thomabravo.com/portfolio
Verint Systems,Thoma Bravo,thoma-bravo,Chicago,Chicago,featured,no,unknown,,,,,wikipedia,https://en.wikipedia.org/wiki/Verint_Systems,https://en.wikipedia.org/wiki/Verint_Systems,https://en.wikipedia.org/wiki/Verint_Systems,https://www.thomabravo.com/portfolio
Vision Solutions,Thoma Bravo,thoma-bravo,Chicago,Chicago,featured,no,unknown,,,,,official_site,https://www.thomabravo.com/portfolio,,,https://www.thomabravo.com/portfolio
Vivian,Thoma Bravo,thoma-bravo,Chicago,Chicago,featured,no,unknown,,,,,official_site,https://www.thomabravo.com/portfolio,,,https://www.thomabravo.com/portfolio
Zipari,Thoma Bravo,thoma-bravo,Chicago,Chicago,featured,no,unknown,,,,,official_site,https://www.thomabravo.com/portfolio,,,https://www.thomabravo.com/portfolio
365 Retail Markets,Providence Equity Partners,providence-equity,Providence,Boston area,featured,yes,current,,,,,official_site,https://www.provequity.com/portfolio,,,https://www.provequity.com/portfolio
A2MAC1,Providence Equity Partners,providence-equity,Providence,Boston area,featured,yes,current,,,,,official_site,https://www.provequity.com/portfolio,,,https://www.provequity.com/portfolio
Accelerate Learning,Providence Equity Partners,providence-equity,Providence,Boston area,featured,yes,current,,,,,official_site,https://www.provequity.com/portfolio,,,https://www.provequity.com/portfolio
Airties,Providence Equity Partners,providence-equity,Providence,Boston area,featured,yes,current,,,,,official_site,https://www.provequity.com/portfolio,,,https://www.provequity.com/portfolio
Alphatax,Providence Equity Partners,providence-equity,Providence,Boston area,featured,yes,current,,,,,official_site,https://www.provequity.com/portfolio,,,https://www.provequity.com/portfolio
Asurion,Providence Equity Partners,providence-equity,Providence,Boston area,featured,yes,unknown,,,,,wikipedia,https://en.wikipedia.org/wiki/Asurion,https://en.wikipedia.org/wiki/Asurion,https://en.wikipedia.org/wiki/Asurion,https://www.provequity.com/portfolio
Autotrader.com,Providence Equity Partners,providence-equity,Providence,Boston area,featured,yes,unknown,,,,,wikipedia,https://en.wikipedia.org/wiki/Autotrader.com,https://en.wikipedia.org/wiki/Autotrader.com,https://en.wikipedia.org/wiki/Autotrader.com,https://www.provequity.com/portfolio
Blackboard,Providence Equity Partners,providence-equity,Providence,Boston area,featured,yes,unknown,,,,,geig_article,https://growthequityinterviewguide.com/private-equity/private-equity-primer/technology-private-equity-firms,,,https://www.provequity.com/portfolio
Brandt,Providence Equity Partners,providence-equity,Providence,Boston area,featured,yes,current,,,,,official_site,https://www.provequity.com/portfolio,,,https://www.provequity.com/portfolio
Bresnan Communications,Providence Equity Partners,providence-equity,Providence,Boston area,featured,yes,unknown,,,,,geig_article,https://growthequityinterviewguide.com/private-equity/private-equity-primer/technology-private-equity-firms,,,https://www.provequity.com/portfolio
Canal Digitaal,Providence Equity Partners,providence-equity,Providence,Boston area,featured,yes,unknown,,,,,wikipedia,https://en.wikipedia.org/wiki/Canal_Digitaal,https://en.wikipedia.org/wiki/Canal_Digitaal,https://en.wikipedia.org/wiki/Canal_Digitaal,https://www.provequity.com/portfolio
Com Hem,Providence Equity Partners,providence-equity,Providence,Boston area,featured,yes,unknown,,,,,wikipedia,https://en.wikipedia.org/wiki/Com_Hem,https://en.wikipedia.org/wiki/Com_Hem,https://en.wikipedia.org/wiki/Com_Hem,https://www.provequity.com/portfolio
d&b,Providence Equity Partners,providence-equity,Providence,Boston area,featured,yes,current,,,,,official_site,https://www.provequity.com/portfolio,,,https://www.provequity.com/portfolio
Digiturk,Providence Equity Partners,providence-equity,Providence,Boston area,featured,yes,unknown,,,,,wikipedia,https://en.wikipedia.org/wiki/Digiturk,https://en.wikipedia.org/wiki/Digiturk,https://en.wikipedia.org/wiki/Digiturk,https://www.provequity.com/portfolio
Edline,Providence Equity Partners,providence-equity,Providence,Boston area,featured,yes,unknown,,,,,wikipedia,https://en.wikipedia.org/wiki/Edline,https://en.wikipedia.org/wiki/Edline,https://en.wikipedia.org/wiki/Edline,https://www.provequity.com/portfolio
Edmentum,Providence Equity Partners,providence-equity,Providence,Boston area,featured,yes,unknown,,,,,wikipedia,https://en.wikipedia.org/wiki/Edmentum,https://en.wikipedia.org/wiki/Edmentum,https://en.wikipedia.org/wiki/Edmentum,https://www.provequity.com/portfolio
Everway,Providence Equity Partners,providence-equity,Providence,Boston area,featured,yes,current,,,,,official_site,https://www.provequity.com/portfolio,,,https://www.provequity.com/portfolio
Hyve,Providence Equity Partners,providence-equity,Providence,Boston area,featured,yes,current,,,,,official_site,https://www.provequity.com/portfolio,,,https://www.provequity.com/portfolio
Idea Cellular,Providence Equity Partners,providence-equity,Providence,Boston area,featured,yes,unknown,,,,,wikipedia,https://en.wikipedia.org/wiki/Idea_Cellular,https://en.wikipedia.org/wiki/Idea_Cellular,https://en.wikipedia.org/wiki/Idea_Cellular,https://www.provequity.com/portfolio
Kerasotes Theatres,Providence Equity Partners,providence-equity,Providence,Boston area,featured,yes,unknown,,,,,wikipedia,https://en.wikipedia.org/wiki/Kerasotes_Theatres,https://en.wikipedia.org/wiki/Kerasotes_Theatres,https://en.wikipedia.org/wiki/Kerasotes_Theatres,https://www.provequity.com/portfolio
La Centrale,Providence Equity Partners,providence-equity,Providence,Boston area,featured,yes,current,,,,,official_site,https://www.provequity.com/portfolio,,,https://www.provequity.com/portfolio
Marlink,Providence Equity Partners,providence-equity,Providence,Boston area,featured,yes,current,,,,,official_site,https://www.provequity.com/portfolio,,,https://www.provequity.com/portfolio
Mediawan,Providence Equity Partners,providence-equity,Providence,Boston area,featured,yes,current,,,,,official_site,https://www.provequity.com/portfolio,,,https://www.provequity.com/portfolio
Modern Campus,Providence Equity Partners,providence-equity,Providence,Boston area,featured,yes,current,,,,,official_site,https://www.provequity.com/portfolio,,,https://www.provequity.com/portfolio
Newport Television,Providence Equity Partners,providence-equity,Providence,Boston area,featured,yes,unknown,,,,,wikipedia,https://en.wikipedia.org/wiki/Newport_Television,https://en.wikipedia.org/wiki/Newport_Television,https://en.wikipedia.org/wiki/Newport_Television,https://www.provequity.com/portfolio
NexTag,Providence Equity Partners,providence-equity,Providence,Boston area,featured,yes,unknown,,,,,wikipedia,https://en.wikipedia.org/wiki/NexTag,https://en.wikipedia.org/wiki/NexTag,https://en.wikipedia.org/wiki/NexTag,https://www.provequity.com/portfolio
Node4,Providence Equity Partners,providence-equity,Providence,Boston area,featured,yes,current,,,,,official_site,https://www.provequity.com/portfolio,,,https://www.provequity.com/portfolio
Outfront Media,Providence Equity Partners,providence-equity,Providence,Boston area,featured,yes,current,,,,,official_site,https://www.provequity.com/portfolio,,,https://www.provequity.com/portfolio
Populous,Providence Equity Partners,providence-equity,Providence,Boston area,featured,yes,current,,,,,official_site,https://www.provequity.com/portfolio,,,https://www.provequity.com/portfolio
RentPath,Providence Equity Partners,providence-equity,Providence,Boston area,featured,yes,unknown,,,,,geig_article,https://growthequityinterviewguide.com/private-equity/private-equity-primer/technology-private-equity-firms,,,https://www.provequity.com/portfolio
Rock-It,Providence Equity Partners,providence-equity,Providence,Boston area,featured,yes,current,,,,,official_site,https://www.provequity.com/portfolio,,,https://www.provequity.com/portfolio
SCG,Providence Equity Partners,providence-equity,Providence,Boston area,featured,yes,current,,,,,official_site,https://www.provequity.com/portfolio,,,https://www.provequity.com/portfolio
Seesaw,Providence Equity Partners,providence-equity,Providence,Boston area,featured,yes,current,,,,,official_site|geig_article,https://www.provequity.com/portfolio|https://growthequityinterviewguide.com/private-equity/private-equity-primer/technology-private-equity-firms,,,https://www.provequity.com/portfolio
Smartly,Providence Equity Partners,providence-equity,Providence,Boston area,featured,yes,current,,,,,official_site,https://www.provequity.com/portfolio,,,https://www.provequity.com/portfolio
Smartly.io,Providence Equity Partners,providence-equity,Providence,Boston area,featured,yes,unknown,,,,,geig_article,https://growthequityinterviewguide.com/private-equity/private-equity-primer/technology-private-equity-firms,,,https://www.provequity.com/portfolio
Sweetwater,Providence Equity Partners,providence-equity,Providence,Boston area,featured,yes,current,,,,,official_site,https://www.provequity.com/portfolio,,,https://www.provequity.com/portfolio
Tenstreet,Providence Equity Partners,providence-equity,Providence,Boston area,featured,yes,current,,,,,official_site|geig_article,https://www.provequity.com/portfolio|https://growthequityinterviewguide.com/private-equity/private-equity-primer/technology-private-equity-firms,,,https://www.provequity.com/portfolio
THE·TEAM,Providence Equity Partners,providence-equity,Providence,Boston area,featured,yes,current,,,,,official_site,https://www.provequity.com/portfolio,,,https://www.provequity.com/portfolio
Télésat,Providence Equity Partners,providence-equity,Providence,Boston area,featured,yes,unknown,,,,,wikipedia,https://en.wikipedia.org/wiki/T%C3%A9l%C3%A9sat,https://en.wikipedia.org/wiki/T%C3%A9l%C3%A9sat,https://en.wikipedia.org/wiki/T%C3%A9l%C3%A9sat,https://www.provequity.com/portfolio
VivaGym,Providence Equity Partners,providence-equity,Providence,Boston area,featured,yes,current,,,,,official_site,https://www.provequity.com/portfolio,,,https://www.provequity.com/portfolio
Vodafone Deutschland,Providence Equity Partners,providence-equity,Providence,Boston area,featured,yes,unknown,,,,,wikipedia,https://en.wikipedia.org/wiki/Vodafone_Deutschland,https://en.wikipedia.org/wiki/Vodafone_Deutschland,https://en.wikipedia.org/wiki/Vodafone_Deutschland,https://www.provequity.com/portfolio
Vodafone Idea,Providence Equity Partners,providence-equity,Providence,Boston area,featured,yes,unknown,,,,,wikipedia,https://en.wikipedia.org/wiki/Vodafone_Idea,https://en.wikipedia.org/wiki/Vodafone_Idea,https://en.wikipedia.org/wiki/Vodafone_Idea,https://www.provequity.com/portfolio
Warner Music Group,Providence Equity Partners,providence-equity,Providence,Boston area,featured,yes,unknown,,,,,wikipedia|geig_article,https://en.wikipedia.org/wiki/Warner_Music_Group|https://growthequityinterviewguide.com/private-equity/private-equity-primer/technology-private-equity-firms,https://en.wikipedia.org/wiki/Warner_Music_Group,https://en.wikipedia.org/wiki/Warner_Music_Group,https://www.provequity.com/portfolio
YES Network,Providence Equity Partners,providence-equity,Providence,Boston area,featured,yes,unknown,,,,,wikipedia,https://en.wikipedia.org/wiki/YES_Network,https://en.wikipedia.org/wiki/YES_Network,https://en.wikipedia.org/wiki/YES_Network,https://www.provequity.com/portfolio
All Trails,Spectrum Equity,spectrum-equity,Boston,Boston,featured,no,unknown,,,,,official_site,https://www.spectrumequity.com/portfolio,,,https://www.spectrumequity.com/portfolio
Ancestry,Spectrum Equity,spectrum-equity,Boston,Boston,featured,no,unknown,,,,,official_site,https://www.spectrumequity.com/portfolio,,,https://www.spectrumequity.com/portfolio
Animoto,Spectrum Equity,spectrum-equity,Boston,Boston,featured,no,unknown,,,,,official_site,https://www.spectrumequity.com/portfolio,,,https://www.spectrumequity.com/portfolio
B-stock,Spectrum Equity,spectrum-equity,Boston,Boston,featured,no,unknown,,,,,official_site,https://www.spectrumequity.com/portfolio,,,https://www.spectrumequity.com/portfolio
BATS,Spectrum Equity,spectrum-equity,Boston,Boston,featured,no,unknown,,,,,official_site,https://www.spectrumequity.com/portfolio,,,https://www.spectrumequity.com/portfolio
Benchmark,Spectrum Equity,spectrum-equity,Boston,Boston,featured,no,unknown,,,,,official_site,https://www.spectrumequity.com/portfolio,,,https://www.spectrumequity.com/portfolio
Bitly,Spectrum Equity,spectrum-equity,Boston,Boston,featured,no,unknown,,,,,geig_article,https://growthequityinterviewguide.com/private-equity/private-equity-primer/technology-private-equity-firms,,,https://www.spectrumequity.com/portfolio
Business Monitor,Spectrum Equity,spectrum-equity,Boston,Boston,featured,no,unknown,,,,,official_site,https://www.spectrumequity.com/portfolio,,,https://www.spectrumequity.com/portfolio
Choice,Spectrum Equity,spectrum-equity,Boston,Boston,featured,no,unknown,,,,,official_site,https://www.spectrumequity.com/portfolio,,,https://www.spectrumequity.com/portfolio
CINC,Spectrum Equity,spectrum-equity,Boston,Boston,featured,no,unknown,,,,,official_site,https://www.spectrumequity.com/portfolio,,,https://www.spectrumequity.com/portfolio
Customer.io,Spectrum Equity,spectrum-equity,Boston,Boston,featured,no,unknown,,,,,official_site|geig_article,https://www.spectrumequity.com/portfolio|https://growthequityinterviewguide.com/private-equity/private-equity-primer/technology-private-equity-firms,,,https://www.spectrumequity.com/portfolio
CyberCube,Spectrum Equity,spectrum-equity,Boston,Boston,featured,no,unknown,,,,,official_site,https://www.spectrumequity.com/portfolio,,,https://www.spectrumequity.com/portfolio
Datacamp,Spectrum Equity,spectrum-equity,Boston,Boston,featured,no,unknown,,,,,official_site,https://www.spectrumequity.com/portfolio,,,https://www.spectrumequity.com/portfolio
Datassential,Spectrum Equity,spectrum-equity,Boston,Boston,featured,no,unknown,,,,,official_site,https://www.spectrumequity.com/portfolio,,,https://www.spectrumequity.com/portfolio
Definitive Healthcare,Spectrum Equity,spectrum-equity,Boston,Boston,featured,no,unknown,,,,,official_site,https://www.spectrumequity.com/portfolio,,,https://www.spectrumequity.com/portfolio
Digital Marketing Institute,Spectrum Equity,spectrum-equity,Boston,Boston,featured,no,unknown,,,,,official_site,https://www.spectrumequity.com/portfolio,,,https://www.spectrumequity.com/portfolio
DispatchTrack,Spectrum Equity,spectrum-equity,Boston,Boston,featured,no,unknown,,,,,official_site,https://www.spectrumequity.com/portfolio,,,https://www.spectrumequity.com/portfolio
EagleView,Spectrum Equity,spectrum-equity,Boston,Boston,featured,no,unknown,,,,,official_site,https://www.spectrumequity.com/portfolio,,,https://www.spectrumequity.com/portfolio
Ease,Spectrum Equity,spectrum-equity,Boston,Boston,featured,no,unknown,,,,,official_site,https://www.spectrumequity.com/portfolio,,,https://www.spectrumequity.com/portfolio
Employee Navigator,Spectrum Equity,spectrum-equity,Boston,Boston,featured,no,unknown,,,,,official_site,https://www.spectrumequity.com/portfolio,,,https://www.spectrumequity.com/portfolio
Empyrean,Spectrum Equity,spectrum-equity,Boston,Boston,featured,no,unknown,,,,,official_site,https://www.spectrumequity.com/portfolio,,,https://www.spectrumequity.com/portfolio
Ethoca,Spectrum Equity,spectrum-equity,Boston,Boston,featured,no,unknown,,,,,official_site,https://www.spectrumequity.com/portfolio,,,https://www.spectrumequity.com/portfolio
Everlywell,Spectrum Equity,spectrum-equity,Boston,Boston,featured,no,unknown,,,,,official_site,https://www.spectrumequity.com/portfolio,,,https://www.spectrumequity.com/portfolio
ExactBid,Spectrum Equity,spectrum-equity,Boston,Boston,featured,no,unknown,,,,,official_site,https://www.spectrumequity.com/portfolio,,,https://www.spectrumequity.com/portfolio
ExamSoft,Spectrum Equity,spectrum-equity,Boston,Boston,featured,no,unknown,,,,,official_site,https://www.spectrumequity.com/portfolio,,,https://www.spectrumequity.com/portfolio
Expert Institute,Spectrum Equity,spectrum-equity,Boston,Boston,featured,no,unknown,,,,,official_site,https://www.spectrumequity.com/portfolio,,,https://www.spectrumequity.com/portfolio
Extreme Reach,Spectrum Equity,spectrum-equity,Boston,Boston,featured,no,unknown,,,,,official_site,https://www.spectrumequity.com/portfolio,,,https://www.spectrumequity.com/portfolio
FinalSite,Spectrum Equity,spectrum-equity,Boston,Boston,featured,no,unknown,,,,,official_site,https://www.spectrumequity.com/portfolio,,,https://www.spectrumequity.com/portfolio
Goldbelly,Spectrum Equity,spectrum-equity,Boston,Boston,featured,no,unknown,,,,,official_site,https://www.spectrumequity.com/portfolio,,,https://www.spectrumequity.com/portfolio
GoodRx,Spectrum Equity,spectrum-equity,Boston,Boston,featured,no,unknown,,,,,official_site|geig_article,https://www.spectrumequity.com/portfolio|https://growthequityinterviewguide.com/private-equity/private-equity-primer/technology-private-equity-firms,,,https://www.spectrumequity.com/portfolio
Grubhub,Spectrum Equity,spectrum-equity,Boston,Boston,featured,no,unknown,,,,,official_site,https://www.spectrumequity.com/portfolio,,,https://www.spectrumequity.com/portfolio
Headspace,Spectrum Equity,spectrum-equity,Boston,Boston,featured,no,unknown,,,,,official_site,https://www.spectrumequity.com/portfolio,,,https://www.spectrumequity.com/portfolio
HealthMEDX,Spectrum Equity,spectrum-equity,Boston,Boston,featured,no,unknown,,,,,official_site,https://www.spectrumequity.com/portfolio,,,https://www.spectrumequity.com/portfolio
IBfx,Spectrum Equity,spectrum-equity,Boston,Boston,featured,no,unknown,,,,,official_site,https://www.spectrumequity.com/portfolio,,,https://www.spectrumequity.com/portfolio
InTandem,Spectrum Equity,spectrum-equity,Boston,Boston,featured,no,unknown,,,,,official_site,https://www.spectrumequity.com/portfolio,,,https://www.spectrumequity.com/portfolio
iPay Technologies,Spectrum Equity,spectrum-equity,Boston,Boston,featured,no,unknown,,,,,official_site,https://www.spectrumequity.com/portfolio,,,https://www.spectrumequity.com/portfolio
iSelect,Spectrum Equity,spectrum-equity,Boston,Boston,featured,no,unknown,,,,,official_site,https://www.spectrumequity.com/portfolio,,,https://www.spectrumequity.com/portfolio
ITA,Spectrum Equity,spectrum-equity,Boston,Boston,featured,no,unknown,,,,,official_site,https://www.spectrumequity.com/portfolio,,,https://www.spectrumequity.com/portfolio
JAGEX,Spectrum Equity,spectrum-equity,Boston,Boston,featured,no,unknown,,,,,official_site,https://www.spectrumequity.com/portfolio,,,https://www.spectrumequity.com/portfolio
JIMDO,Spectrum Equity,spectrum-equity,Boston,Boston,featured,no,unknown,,,,,official_site,https://www.spectrumequity.com/portfolio,,,https://www.spectrumequity.com/portfolio
Kajabi,Spectrum Equity,spectrum-equity,Boston,Boston,featured,no,unknown,,,,,official_site,https://www.spectrumequity.com/portfolio,,,https://www.spectrumequity.com/portfolio
Knot World Wide,Spectrum Equity,spectrum-equity,Boston,Boston,featured,no,unknown,,,,,official_site,https://www.spectrumequity.com/portfolio,,,https://www.spectrumequity.com/portfolio
Leaf Group,Spectrum Equity,spectrum-equity,Boston,Boston,featured,no,unknown,,,,,official_site,https://www.spectrumequity.com/portfolio,,,https://www.spectrumequity.com/portfolio
Lighthouse,Spectrum Equity,spectrum-equity,Boston,Boston,featured,no,unknown,,,,,official_site,https://www.spectrumequity.com/portfolio,,,https://www.spectrumequity.com/portfolio
Linxup,Spectrum Equity,spectrum-equity,Boston,Boston,featured,no,unknown,,,,,official_site,https://www.spectrumequity.com/portfolio,,,https://www.spectrumequity.com/portfolio
Litmus,Spectrum Equity,spectrum-equity,Boston,Boston,featured,no,unknown,,,,,official_site,https://www.spectrumequity.com/portfolio,,,https://www.spectrumequity.com/portfolio
Lucid,Spectrum Equity,spectrum-equity,Boston,Boston,featured,no,unknown,,,,,official_site,https://www.spectrumequity.com/portfolio,,,https://www.spectrumequity.com/portfolio
Lynda.com,Spectrum Equity,spectrum-equity,Boston,Boston,featured,no,unknown,,,,,official_site,https://www.spectrumequity.com/portfolio,,,https://www.spectrumequity.com/portfolio
MedHOK,Spectrum Equity,spectrum-equity,Boston,Boston,featured,no,unknown,,,,,official_site,https://www.spectrumequity.com/portfolio,,,https://www.spectrumequity.com/portfolio
Membersy,Spectrum Equity,spectrum-equity,Boston,Boston,featured,no,unknown,,,,,official_site,https://www.spectrumequity.com/portfolio,,,https://www.spectrumequity.com/portfolio
Mortgagebot,Spectrum Equity,spectrum-equity,Boston,Boston,featured,no,unknown,,,,,official_site,https://www.spectrumequity.com/portfolio,,,https://www.spectrumequity.com/portfolio
Net Health,Spectrum Equity,spectrum-equity,Boston,Boston,featured,no,unknown,,,,,official_site,https://www.spectrumequity.com/portfolio,,,https://www.spectrumequity.com/portfolio
Net Quote,Spectrum Equity,spectrum-equity,Boston,Boston,featured,no,unknown,,,,,official_site,https://www.spectrumequity.com/portfolio,,,https://www.spectrumequity.com/portfolio
Netcraft,Spectrum Equity,spectrum-equity,Boston,Boston,featured,no,unknown,,,,,official_site,https://www.spectrumequity.com/portfolio,,,https://www.spectrumequity.com/portfolio
Netscreen,Spectrum Equity,spectrum-equity,Boston,Boston,featured,no,unknown,,,,,official_site,https://www.spectrumequity.com/portfolio,,,https://www.spectrumequity.com/portfolio
OffSec,Spectrum Equity,spectrum-equity,Boston,Boston,featured,no,unknown,,,,,official_site,https://www.spectrumequity.com/portfolio,,,https://www.spectrumequity.com/portfolio
Origami Risk,Spectrum Equity,spectrum-equity,Boston,Boston,featured,no,unknown,,,,,official_site,https://www.spectrumequity.com/portfolio,,,https://www.spectrumequity.com/portfolio
Otter.ai,Spectrum Equity,spectrum-equity,Boston,Boston,featured,no,unknown,,,,,official_site,https://www.spectrumequity.com/portfolio,,,https://www.spectrumequity.com/portfolio
Passport Health,Spectrum Equity,spectrum-equity,Boston,Boston,featured,no,unknown,,,,,official_site,https://www.spectrumequity.com/portfolio,,,https://www.spectrumequity.com/portfolio
PayerCompass,Spectrum Equity,spectrum-equity,Boston,Boston,featured,no,unknown,,,,,official_site,https://www.spectrumequity.com/portfolio,,,https://www.spectrumequity.com/portfolio
PicMonkey,Spectrum Equity,spectrum-equity,Boston,Boston,featured,no,unknown,,,,,official_site,https://www.spectrumequity.com/portfolio,,,https://www.spectrumequity.com/portfolio
Presence,Spectrum Equity,spectrum-equity,Boston,Boston,featured,no,unknown,,,,,official_site,https://www.spectrumequity.com/portfolio,,,https://www.spectrumequity.com/portfolio
Prezi,Spectrum Equity,spectrum-equity,Boston,Boston,featured,no,unknown,,,,,official_site,https://www.spectrumequity.com/portfolio,,,https://www.spectrumequity.com/portfolio
PWN Health,Spectrum Equity,spectrum-equity,Boston,Boston,featured,no,unknown,,,,,official_site,https://www.spectrumequity.com/portfolio,,,https://www.spectrumequity.com/portfolio
QTC Medical Services,Spectrum Equity,spectrum-equity,Boston,Boston,featured,no,unknown,,,,,official_site,https://www.spectrumequity.com/portfolio,,,https://www.spectrumequity.com/portfolio
Quantile,Spectrum Equity,spectrum-equity,Boston,Boston,featured,no,unknown,,,,,official_site,https://www.spectrumequity.com/portfolio,,,https://www.spectrumequity.com/portfolio
RainKing,Spectrum Equity,spectrum-equity,Boston,Boston,featured,no,unknown,,,,,official_site,https://www.spectrumequity.com/portfolio,,,https://www.spectrumequity.com/portfolio
RapidRatings,Spectrum Equity,spectrum-equity,Boston,Boston,featured,no,unknown,,,,,official_site,https://www.spectrumequity.com/portfolio,,,https://www.spectrumequity.com/portfolio
RCN,Spectrum Equity,spectrum-equity,Boston,Boston,featured,no,unknown,,,,,official_site,https://www.spectrumequity.com/portfolio,,,https://www.spectrumequity.com/portfolio
RightSide,Spectrum Equity,spectrum-equity,Boston,Boston,featured,no,unknown,,,,,official_site,https://www.spectrumequity.com/portfolio,,,https://www.spectrumequity.com/portfolio
RiskMetrics,Spectrum Equity,spectrum-equity,Boston,Boston,featured,no,unknown,,,,,official_site,https://www.spectrumequity.com/portfolio,,,https://www.spectrumequity.com/portfolio
Rover,Spectrum Equity,spectrum-equity,Boston,Boston,featured,no,unknown,,,,,official_site,https://www.spectrumequity.com/portfolio,,,https://www.spectrumequity.com/portfolio
RxVantage,Spectrum Equity,spectrum-equity,Boston,Boston,featured,no,unknown,,,,,official_site,https://www.spectrumequity.com/portfolio,,,https://www.spectrumequity.com/portfolio
Savvymoney,Spectrum Equity,spectrum-equity,Boston,Boston,featured,no,unknown,,,,,official_site,https://www.spectrumequity.com/portfolio,,,https://www.spectrumequity.com/portfolio
Scribd,Spectrum Equity,spectrum-equity,Boston,Boston,featured,no,unknown,,,,,official_site,https://www.spectrumequity.com/portfolio,,,https://www.spectrumequity.com/portfolio
Seisint,Spectrum Equity,spectrum-equity,Boston,Boston,featured,no,unknown,,,,,official_site,https://www.spectrumequity.com/portfolio,,,https://www.spectrumequity.com/portfolio
splose,Spectrum Equity,spectrum-equity,Boston,Boston,featured,no,unknown,,,,,official_site,https://www.spectrumequity.com/portfolio,,,https://www.spectrumequity.com/portfolio
Sponsor United,Spectrum Equity,spectrum-equity,Boston,Boston,featured,no,unknown,,,,,official_site,https://www.spectrumequity.com/portfolio,,,https://www.spectrumequity.com/portfolio
Spreedly,Spectrum Equity,spectrum-equity,Boston,Boston,featured,no,unknown,,,,,official_site,https://www.spectrumequity.com/portfolio,,,https://www.spectrumequity.com/portfolio
Survey Monkey,Spectrum Equity,spectrum-equity,Boston,Boston,featured,no,unknown,,,,,official_site,https://www.spectrumequity.com/portfolio,,,https://www.spectrumequity.com/portfolio
Teachers Pay Teachers,Spectrum Equity,spectrum-equity,Boston,Boston,featured,no,unknown,,,,,official_site,https://www.spectrumequity.com/portfolio,,,https://www.spectrumequity.com/portfolio
Tenstreet,Spectrum Equity,spectrum-equity,Boston,Boston,featured,no,unknown,,,,,official_site,https://www.spectrumequity.com/portfolio,,,https://www.spectrumequity.com/portfolio
Trintech,Spectrum Equity,spectrum-equity,Boston,Boston,featured,no,unknown,,,,,official_site,https://www.spectrumequity.com/portfolio,,,https://www.spectrumequity.com/portfolio
Varicent,Spectrum Equity,spectrum-equity,Boston,Boston,featured,no,unknown,,,,,official_site,https://www.spectrumequity.com/portfolio,,,https://www.spectrumequity.com/portfolio
VBA,Spectrum Equity,spectrum-equity,Boston,Boston,featured,no,unknown,,,,,official_site,https://www.spectrumequity.com/portfolio,,,https://www.spectrumequity.com/portfolio
Verafin,Spectrum Equity,spectrum-equity,Boston,Boston,featured,no,unknown,,,,,official_site,https://www.spectrumequity.com/portfolio,,,https://www.spectrumequity.com/portfolio
Verisys,Spectrum Equity,spectrum-equity,Boston,Boston,featured,no,unknown,,,,,official_site,https://www.spectrumequity.com/portfolio,,,https://www.spectrumequity.com/portfolio
Visual Lease,Spectrum Equity,spectrum-equity,Boston,Boston,featured,no,unknown,,,,,official_site,https://www.spectrumequity.com/portfolio,,,https://www.spectrumequity.com/portfolio
WIN Reality,Spectrum Equity,spectrum-equity,Boston,Boston,featured,no,unknown,,,,,official_site,https://www.spectrumequity.com/portfolio,,,https://www.spectrumequity.com/portfolio
WorkFlex,Spectrum Equity,spectrum-equity,Boston,Boston,featured,no,unknown,,,,,official_site,https://www.spectrumequity.com/portfolio,,,https://www.spectrumequity.com/portfolio
World Check,Spectrum Equity,spectrum-equity,Boston,Boston,featured,no,unknown,,,,,official_site,https://www.spectrumequity.com/portfolio,,,https://www.spectrumequity.com/portfolio
Zenwork,Spectrum Equity,spectrum-equity,Boston,Boston,featured,no,unknown,,,,,official_site,https://www.spectrumequity.com/portfolio,,,https://www.spectrumequity.com/portfolio
58 COM,Warburg Pincus,warburg-pincus,New York,New York,featured,yes,unknown,,,,,official_site,https://www.warburgpincus.com/investments/,https://warburgpincus.com/investments/58-com/,,https://www.warburgpincus.com/investments/
7 Days Inn,Warburg Pincus,warburg-pincus,New York,New York,featured,yes,unknown,,,,,wikipedia,https://en.wikipedia.org/wiki/7_Days_Inn,https://en.wikipedia.org/wiki/7_Days_Inn,https://en.wikipedia.org/wiki/7_Days_Inn,https://www.warburgpincus.com/investments/
AA,Warburg Pincus,warburg-pincus,New York,New York,featured,yes,unknown,,,,,official_site|wikipedia,https://www.warburgpincus.com/investments/|https://en.wikipedia.org/wiki/The_AA,https://warburgpincus.com/investments/aa/,https://en.wikipedia.org/wiki/The_AA,https://www.warburgpincus.com/investments/
Acclime,Warburg Pincus,warburg-pincus,New York,New York,featured,yes,unknown,,,,,official_site,https://www.warburgpincus.com/investments/,https://warburgpincus.com/investments/acclime/,,https://www.warburgpincus.com/investments/
Advance Intelligence Group,Warburg Pincus,warburg-pincus,New York,New York,featured,yes,unknown,,,,,official_site,https://www.warburgpincus.com/investments/,https://warburgpincus.com/investments/advance-intelligence-group/,,https://www.warburgpincus.com/investments/
Afiona,Warburg Pincus,warburg-pincus,New York,New York,featured,yes,unknown,,,,,official_site,https://www.warburgpincus.com/investments/,https://warburgpincus.com/investments/afiona/,,https://www.warburgpincus.com/investments/
Allied Universal,Warburg Pincus,warburg-pincus,New York,New York,featured,yes,unknown,,,,,official_site|wikipedia,https://www.warburgpincus.com/investments/|https://en.wikipedia.org/wiki/Allied_Universal,https://warburgpincus.com/investments/allied-universal/,https://en.wikipedia.org/wiki/Allied_Universal,https://www.warburgpincus.com/investments/
Alper,Warburg Pincus,warburg-pincus,New York,New York,featured,yes,unknown,,,,,official_site,https://www.warburgpincus.com/investments/,https://warburgpincus.com/investments/alper/,,https://www.warburgpincus.com/investments/
Ambilight,Warburg Pincus,warburg-pincus,New York,New York,featured,yes,unknown,,,,,official_site,https://www.warburgpincus.com/investments/,https://warburgpincus.com/investments/ambilight/,,https://www.warburgpincus.com/investments/
AmRest,Warburg Pincus,warburg-pincus,New York,New York,featured,yes,unknown,,,,,wikipedia,https://en.wikipedia.org/wiki/AmRest,https://en.wikipedia.org/wiki/AmRest,https://en.wikipedia.org/wiki/AmRest,https://www.warburgpincus.com/investments/
ANT Financial,Warburg Pincus,warburg-pincus,New York,New York,featured,yes,unknown,,,,,official_site,https://www.warburgpincus.com/investments/,https://warburgpincus.com/investments/ant-financial/,,https://www.warburgpincus.com/investments/
Ant Group,Warburg Pincus,warburg-pincus,New York,New York,featured,yes,unknown,,,,,wikipedia,https://en.wikipedia.org/wiki/Ant_Group,https://en.wikipedia.org/wiki/Ant_Group,https://en.wikipedia.org/wiki/Ant_Group,https://www.warburgpincus.com/investments/
Antero Resources,Warburg Pincus,warburg-pincus,New York,New York,featured,yes,unknown,,,,,wikipedia,https://en.wikipedia.org/wiki/Antero_Resources,https://en.wikipedia.org/wiki/Antero_Resources,https://en.wikipedia.org/wiki/Antero_Resources,https://www.warburgpincus.com/investments/
Apollo Tyres,Warburg Pincus,warburg-pincus,New York,New York,featured,yes,unknown,,,,,official_site,https://www.warburgpincus.com/investments/,https://warburgpincus.com/investments/apollo_tyres/,,https://www.warburgpincus.com/investments/
Appasamy,Warburg Pincus,warburg-pincus,New York,New York,featured,yes,unknown,,,,,official_site,https://www.warburgpincus.com/investments/,https://warburgpincus.com/investments/appasamy/,,https://www.warburgpincus.com/investments/
Arsipa,Warburg Pincus,warburg-pincus,New York,New York,featured,yes,unknown,,,,,official_site,https://www.warburgpincus.com/investments/,https://warburgpincus.com/investments/arsipa/,,https://www.warburgpincus.com/investments/
Aspen Education Group,Warburg Pincus,warburg-pincus,New York,New York,featured,yes,unknown,,,,,wikipedia,https://en.wikipedia.org/wiki/Aspen_Education_Group,https://en.wikipedia.org/wiki/Aspen_Education_Group,https://en.wikipedia.org/wiki/Aspen_Education_Group,https://www.warburgpincus.com/investments/
AU Small Finance Bank,Warburg Pincus,warburg-pincus,New York,New York,featured,yes,unknown,,,,,wikipedia,https://en.wikipedia.org/wiki/AU_Small_Finance_Bank,https://en.wikipedia.org/wiki/AU_Small_Finance_Bank,https://en.wikipedia.org/wiki/AU_Small_Finance_Bank,https://www.warburgpincus.com/investments/
Aura,Warburg Pincus,warburg-pincus,New York,New York,featured,yes,unknown,,,,,official_site,https://www.warburgpincus.com/investments/,https://warburgpincus.com/investments/aura/,,https://www.warburgpincus.com/investments/
Avalara,Warburg Pincus,warburg-pincus,New York,New York,featured,yes,unknown,,,,,geig_article,https://growthequityinterviewguide.com/private-equity/private-equity-primer/technology-private-equity-firms,,,https://www.warburgpincus.com/investments/
Avanse Financial Services,Warburg Pincus,warburg-pincus,New York,New York,featured,yes,unknown,,,,,official_site,https://www.warburgpincus.com/investments/,https://warburgpincus.com/investments/avanse-financial-services/,,https://www.warburgpincus.com/investments/
Aztec Group,Warburg Pincus,warburg-pincus,New York,New York,featured,yes,unknown,,,,,official_site,https://www.warburgpincus.com/investments/,https://warburgpincus.com/investments/aztec-group/,,https://www.warburgpincus.com/investments/
Bausch & Lomb,Warburg Pincus,warburg-pincus,New York,New York,featured,yes,unknown,,,,,wikipedia,https://en.wikipedia.org/wiki/Bausch_%26_Lomb,https://en.wikipedia.org/wiki/Bausch_%26_Lomb,https://en.wikipedia.org/wiki/Bausch_%26_Lomb,https://www.warburgpincus.com/investments/
BEA Systems,Warburg Pincus,warburg-pincus,New York,New York,featured,yes,unknown,,,,,geig_article,https://growthequityinterviewguide.com/private-equity/private-equity-primer/technology-private-equity-firms,,,https://www.warburgpincus.com/investments/
Bergdorf Goodman,Warburg Pincus,warburg-pincus,New York,New York,featured,yes,unknown,,,,,wikipedia,https://en.wikipedia.org/wiki/Bergdorf_Goodman,https://en.wikipedia.org/wiki/Bergdorf_Goodman,https://en.wikipedia.org/wiki/Bergdorf_Goodman,https://www.warburgpincus.com/investments/
BetterCloud,Warburg Pincus,warburg-pincus,New York,New York,featured,yes,unknown,,,,,wikipedia,https://en.wikipedia.org/wiki/BetterCloud,https://en.wikipedia.org/wiki/BetterCloud,https://en.wikipedia.org/wiki/BetterCloud,https://www.warburgpincus.com/investments/
Bharti Airtel,Warburg Pincus,warburg-pincus,New York,New York,featured,yes,unknown,,,,,wikipedia,https://en.wikipedia.org/wiki/Bharti_Airtel,https://en.wikipedia.org/wiki/Bharti_Airtel,https://en.wikipedia.org/wiki/Bharti_Airtel,https://www.warburgpincus.com/investments/
Biba Apparels,Warburg Pincus,warburg-pincus,New York,New York,featured,yes,unknown,,,,,official_site,https://www.warburgpincus.com/investments/,https://warburgpincus.com/investments/biba-apparels/,,https://www.warburgpincus.com/investments/
BIG Brand Tire Service,Warburg Pincus,warburg-pincus,New York,New York,featured,yes,unknown,,,,,official_site,https://www.warburgpincus.com/investments/,https://warburgpincus.com/investments/big-brand-tire-service/,,https://www.warburgpincus.com/investments/
Bitsight,Warburg Pincus,warburg-pincus,New York,New York,featured,yes,unknown,,,,,official_site|wikipedia,https://www.warburgpincus.com/investments/|https://en.wikipedia.org/wiki/BitSight,https://warburgpincus.com/investments/bitsight/,https://en.wikipedia.org/wiki/BitSight,https://www.warburgpincus.com/investments/
Blau Direkt,Warburg Pincus,warburg-pincus,New York,New York,featured,yes,unknown,,,,,official_site,https://www.warburgpincus.com/investments/,https://warburgpincus.com/investments/blau-direkt/,,https://www.warburgpincus.com/investments/
Blip,Warburg Pincus,warburg-pincus,New York,New York,featured,yes,unknown,,,,,official_site,https://www.warburgpincus.com/investments/,https://warburgpincus.com/investments/blip/,,https://www.warburgpincus.com/investments/
Bloomerang,Warburg Pincus,warburg-pincus,New York,New York,featured,yes,unknown,,,,,official_site,https://www.warburgpincus.com/investments/,https://warburgpincus.com/investments/bloomerang/,,https://www.warburgpincus.com/investments/
BLU Pagamentos S A 2,Warburg Pincus,warburg-pincus,New York,New York,featured,yes,unknown,,,,,official_site,https://www.warburgpincus.com/investments/,https://warburgpincus.com/investments/blu-pagamentos-s-a-2/,,https://www.warburgpincus.com/investments/
Bluegrace Logistics,Warburg Pincus,warburg-pincus,New York,New York,featured,yes,unknown,,,,,official_site,https://www.warburgpincus.com/investments/,https://warburgpincus.com/investments/bluegrace-logistics/,,https://www.warburgpincus.com/investments/
Boat,Warburg Pincus,warburg-pincus,New York,New York,featured,yes,unknown,,,,,official_site,https://www.warburgpincus.com/investments/,https://warburgpincus.com/investments/boat/,,https://www.warburgpincus.com/investments/
Bond VET,Warburg Pincus,warburg-pincus,New York,New York,featured,yes,unknown,,,,,official_site,https://www.warburgpincus.com/investments/,https://warburgpincus.com/investments/bond-vet/,,https://www.warburgpincus.com/investments/
Bradyplus,Warburg Pincus,warburg-pincus,New York,New York,featured,yes,unknown,,,,,official_site,https://www.warburgpincus.com/investments/,https://warburgpincus.com/investments/bradyplus/,,https://www.warburgpincus.com/investments/
Britecore,Warburg Pincus,warburg-pincus,New York,New York,featured,yes,unknown,,,,,official_site,https://www.warburgpincus.com/investments/,https://warburgpincus.com/investments/britecore/,,https://www.warburgpincus.com/investments/
Businessolver,Warburg Pincus,warburg-pincus,New York,New York,featured,yes,unknown,,,,,official_site,https://www.warburgpincus.com/investments/,https://warburgpincus.com/investments/businessolver/,,https://www.warburgpincus.com/investments/
BW Industrial Development Joint Stock,Warburg Pincus,warburg-pincus,New York,New York,featured,yes,unknown,,,,,official_site,https://www.warburgpincus.com/investments/,https://warburgpincus.com/investments/bw-industrial-development-joint-stock-company/,,https://www.warburgpincus.com/investments/
Capillary Technologies,Warburg Pincus,warburg-pincus,New York,New York,featured,yes,unknown,,,,,wikipedia,https://en.wikipedia.org/wiki/Capillary_Technologies,https://en.wikipedia.org/wiki/Capillary_Technologies,https://en.wikipedia.org/wiki/Capillary_Technologies,https://www.warburgpincus.com/investments/
Capital First,Warburg Pincus,warburg-pincus,New York,New York,featured,yes,unknown,,,,,wikipedia,https://en.wikipedia.org/wiki/Capital_First_Ltd.,https://en.wikipedia.org/wiki/Capital_First_Ltd.,https://en.wikipedia.org/wiki/Capital_First_Ltd.,https://www.warburgpincus.com/investments/
Cargomatic,Warburg Pincus,warburg-pincus,New York,New York,featured,yes,unknown,,,,,official_site|wikipedia,https://www.warburgpincus.com/investments/|https://en.wikipedia.org/wiki/Cargomatic,https://warburgpincus.com/investments/cargomatic/,https://en.wikipedia.org/wiki/Cargomatic,https://www.warburgpincus.com/investments/
CarTrade.com,Warburg Pincus,warburg-pincus,New York,New York,featured,yes,unknown,,,,,wikipedia,https://en.wikipedia.org/wiki/CarTrade.com,https://en.wikipedia.org/wiki/CarTrade.com,https://en.wikipedia.org/wiki/CarTrade.com,https://www.warburgpincus.com/investments/
Casema,Warburg Pincus,warburg-pincus,New York,New York,featured,yes,unknown,,,,,wikipedia,https://en.wikipedia.org/wiki/Casema,https://en.wikipedia.org/wiki/Casema,https://en.wikipedia.org/wiki/Casema,https://www.warburgpincus.com/investments/
Cdata,Warburg Pincus,warburg-pincus,New York,New York,featured,yes,unknown,,,,,official_site,https://www.warburgpincus.com/investments/,https://warburgpincus.com/investments/cdata/,,https://www.warburgpincus.com/investments/
Ceres,Warburg Pincus,warburg-pincus,New York,New York,featured,yes,unknown,,,,,wikipedia,https://en.wikipedia.org/wiki/Ceres%2C_Inc.,https://en.wikipedia.org/wiki/Ceres%2C_Inc.,https://en.wikipedia.org/wiki/Ceres%2C_Inc.,https://www.warburgpincus.com/investments/
Cerity Partners,Warburg Pincus,warburg-pincus,New York,New York,featured,yes,unknown,,,,,official_site,https://www.warburgpincus.com/investments/,https://warburgpincus.com/investments/cerity-partners/,,https://www.warburgpincus.com/investments/
Certified Group,Warburg Pincus,warburg-pincus,New York,New York,featured,yes,unknown,,,,,official_site,https://www.warburgpincus.com/investments/,https://warburgpincus.com/investments/certified-group/,,https://www.warburgpincus.com/investments/
Circles Life,Warburg Pincus,warburg-pincus,New York,New York,featured,yes,unknown,,,,,official_site,https://www.warburgpincus.com/investments/,https://warburgpincus.com/investments/circles-life/,,https://www.warburgpincus.com/investments/
Circles.Life,Warburg Pincus,warburg-pincus,New York,New York,featured,yes,unknown,,,,,wikipedia,https://en.wikipedia.org/wiki/Circles.Life,https://en.wikipedia.org/wiki/Circles.Life,https://en.wikipedia.org/wiki/Circles.Life,https://www.warburgpincus.com/investments/
CityMD,Warburg Pincus,warburg-pincus,New York,New York,featured,yes,unknown,,,,,wikipedia,https://en.wikipedia.org/wiki/CityMD,https://en.wikipedia.org/wiki/CityMD,https://en.wikipedia.org/wiki/CityMD,https://www.warburgpincus.com/investments/
Claroty,Warburg Pincus,warburg-pincus,New York,New York,featured,yes,unknown,,,,,official_site,https://www.warburgpincus.com/investments/,https://warburgpincus.com/investments/claroty/,,https://www.warburgpincus.com/investments/
Clearwater Analytics,Warburg Pincus,warburg-pincus,New York,New York,featured,yes,unknown,,,,,official_site,https://www.warburgpincus.com/investments/,https://warburgpincus.com/investments/clearwater-analytics/,,https://www.warburgpincus.com/investments/
Climeco,Warburg Pincus,warburg-pincus,New York,New York,featured,yes,unknown,,,,,official_site,https://www.warburgpincus.com/investments/,https://warburgpincus.com/investments/climeco/,,https://www.warburgpincus.com/investments/
CMD Group,Warburg Pincus,warburg-pincus,New York,New York,featured,yes,unknown,,,,,wikipedia,https://en.wikipedia.org/wiki/CMD_Group,https://en.wikipedia.org/wiki/CMD_Group,https://en.wikipedia.org/wiki/CMD_Group,https://www.warburgpincus.com/investments/
Community Fibre,Warburg Pincus,warburg-pincus,New York,New York,featured,yes,unknown,,,,,official_site,https://www.warburgpincus.com/investments/,https://warburgpincus.com/investments/community-fibre/,,https://www.warburgpincus.com/investments/
Computer Age Management Services,Warburg Pincus,warburg-pincus,New York,New York,featured,yes,unknown,,,,,wikipedia,https://en.wikipedia.org/wiki/Computer_Age_Management_Services,https://en.wikipedia.org/wiki/Computer_Age_Management_Services,https://en.wikipedia.org/wiki/Computer_Age_Management_Services,https://www.warburgpincus.com/investments/
ComputerLand,Warburg Pincus,warburg-pincus,New York,New York,featured,yes,unknown,,,,,wikipedia,https://en.wikipedia.org/wiki/ComputerLand,https://en.wikipedia.org/wiki/ComputerLand,https://en.wikipedia.org/wiki/ComputerLand,https://www.warburgpincus.com/investments/
Conexiom,Warburg Pincus,warburg-pincus,New York,New York,featured,yes,unknown,,,,,official_site,https://www.warburgpincus.com/investments/,https://warburgpincus.com/investments/conexiom/,,https://www.warburgpincus.com/investments/
Consolidated Precision Products,Warburg Pincus,warburg-pincus,New York,New York,featured,yes,unknown,,,,,official_site,https://www.warburgpincus.com/investments/,https://warburgpincus.com/investments/consolidated-precision-products/,,https://www.warburgpincus.com/investments/
Constructionline,Warburg Pincus,warburg-pincus,New York,New York,featured,yes,unknown,,,,,wikipedia,https://en.wikipedia.org/wiki/Constructionline,https://en.wikipedia.org/wiki/Constructionline,https://en.wikipedia.org/wiki/Constructionline,https://www.warburgpincus.com/investments/
Contabilizei,Warburg Pincus,warburg-pincus,New York,New York,featured,yes,unknown,,,,,official_site,https://www.warburgpincus.com/investments/,https://warburgpincus.com/investments/contabilizei/,,https://www.warburgpincus.com/investments/
Contrast Security,Warburg Pincus,warburg-pincus,New York,New York,featured,yes,unknown,,,,,official_site,https://www.warburgpincus.com/investments/,https://warburgpincus.com/investments/contrast-security/,,https://www.warburgpincus.com/investments/
CrowdStrike,Warburg Pincus,warburg-pincus,New York,New York,featured,yes,unknown,,,,,wikipedia|geig_article,https://en.wikipedia.org/wiki/CrowdStrike|https://growthequityinterviewguide.com/private-equity/private-equity-primer/technology-private-equity-firms,https://en.wikipedia.org/wiki/CrowdStrike,https://en.wikipedia.org/wiki/CrowdStrike,https://www.warburgpincus.com/investments/
CYREN,Warburg Pincus,warburg-pincus,New York,New York,featured,yes,unknown,,,,,wikipedia,https://en.wikipedia.org/wiki/CYREN,https://en.wikipedia.org/wiki/CYREN,https://en.wikipedia.org/wiki/CYREN,https://www.warburgpincus.com/investments/
DJ China,Warburg Pincus,warburg-pincus,New York,New York,featured,yes,unknown,,,,,official_site,https://www.warburgpincus.com/investments/,https://warburgpincus.com/investments/dj-china/,,https://www.warburgpincus.com/investments/
DNE Group,Warburg Pincus,warburg-pincus,New York,New York,featured,yes,unknown,,,,,wikipedia,https://en.wikipedia.org/wiki/DNE_Group,https://en.wikipedia.org/wiki/DNE_Group,https://en.wikipedia.org/wiki/DNE_Group,https://www.warburgpincus.com/investments/
Duravant,Warburg Pincus,warburg-pincus,New York,New York,featured,yes,unknown,,,,,official_site,https://www.warburgpincus.com/investments/,https://warburgpincus.com/investments/duravant/,,https://www.warburgpincus.com/investments/
Ebco,Warburg Pincus,warburg-pincus,New York,New York,featured,yes,unknown,,,,,official_site,https://www.warburgpincus.com/investments/,https://warburgpincus.com/investments/ebco/,,https://www.warburgpincus.com/investments/
ECN Capital,Warburg Pincus,warburg-pincus,New York,New York,featured,yes,unknown,,,,,official_site,https://www.warburgpincus.com/investments/,https://warburgpincus.com/investments/ecn-capital/,,https://www.warburgpincus.com/investments/
Edelman Financial Engines,Warburg Pincus,warburg-pincus,New York,New York,featured,yes,unknown,,,,,official_site,https://www.warburgpincus.com/investments/,https://warburgpincus.com/investments/edelman-financial-engines/,,https://www.warburgpincus.com/investments/
EL CAR Wash,Warburg Pincus,warburg-pincus,New York,New York,featured,yes,unknown,,,,,official_site,https://www.warburgpincus.com/investments/,https://warburgpincus.com/investments/el-car-wash/,,https://www.warburgpincus.com/investments/
Embassy Group,Warburg Pincus,warburg-pincus,New York,New York,featured,yes,unknown,,,,,wikipedia,https://en.wikipedia.org/wiki/Embassy_Group,https://en.wikipedia.org/wiki/Embassy_Group,https://en.wikipedia.org/wiki/Embassy_Group,https://www.warburgpincus.com/investments/
Encora,Warburg Pincus,warburg-pincus,New York,New York,featured,yes,unknown,,,,,official_site,https://www.warburgpincus.com/investments/,https://warburgpincus.com/investments/encora/,,https://www.warburgpincus.com/investments/
Endurance International Group,Warburg Pincus,warburg-pincus,New York,New York,featured,yes,unknown,,,,,wikipedia,https://en.wikipedia.org/wiki/Endurance_International_Group,https://en.wikipedia.org/wiki/Endurance_International_Group,https://en.wikipedia.org/wiki/Endurance_International_Group,https://www.warburgpincus.com/investments/
Ensemble Health Partners,Warburg Pincus,warburg-pincus,New York,New York,featured,yes,unknown,,,,,official_site,https://www.warburgpincus.com/investments/,https://warburgpincus.com/investments/ensemble-health-partners/,,https://www.warburgpincus.com/investments/
Epassi,Warburg Pincus,warburg-pincus,New York,New York,featured,yes,unknown,,,,,official_site,https://www.warburgpincus.com/investments/,https://warburgpincus.com/investments/epassi/,,https://www.warburgpincus.com/investments/
Esentire,Warburg Pincus,warburg-pincus,New York,New York,featured,yes,unknown,,,,,official_site,https://www.warburgpincus.com/investments/,https://warburgpincus.com/investments/esentire/,,https://www.warburgpincus.com/investments/
ESR,Warburg Pincus,warburg-pincus,New York,New York,featured,yes,unknown,,,,,official_site,https://www.warburgpincus.com/investments/,https://warburgpincus.com/investments/esr/,,https://www.warburgpincus.com/investments/
ESR Group,Warburg Pincus,warburg-pincus,New York,New York,featured,yes,unknown,,,,,wikipedia,https://en.wikipedia.org/wiki/ESR_Group,https://en.wikipedia.org/wiki/ESR_Group,https://en.wikipedia.org/wiki/ESR_Group,https://www.warburgpincus.com/investments/
Evelyn Partners,Warburg Pincus,warburg-pincus,New York,New York,featured,yes,unknown,,,,,official_site|wikipedia,https://www.warburgpincus.com/investments/|https://en.wikipedia.org/wiki/Evelyn_Partners,https://warburgpincus.com/investments/evelyn-partners/,https://en.wikipedia.org/wiki/Evelyn_Partners,https://www.warburgpincus.com/investments/
Everbank,Warburg Pincus,warburg-pincus,New York,New York,featured,yes,unknown,,,,,official_site|wikipedia,https://www.warburgpincus.com/investments/|https://en.wikipedia.org/wiki/EverBank,https://warburgpincus.com/investments/everbank/,https://en.wikipedia.org/wiki/EverBank,https://www.warburgpincus.com/investments/
Everise,Warburg Pincus,warburg-pincus,New York,New York,featured,yes,unknown,,,,,official_site,https://www.warburgpincus.com/investments/,https://warburgpincus.com/investments/everise/,,https://www.warburgpincus.com/investments/
Evolution Data Centres,Warburg Pincus,warburg-pincus,New York,New York,featured,yes,unknown,,,,,official_site,https://www.warburgpincus.com/investments/,https://warburgpincus.com/investments/evolution-data-centres/,,https://www.warburgpincus.com/investments/
Excelitas,Warburg Pincus,warburg-pincus,New York,New York,featured,yes,unknown,,,,,official_site,https://www.warburgpincus.com/investments/,https://warburgpincus.com/investments/excelitas/,,https://www.warburgpincus.com/investments/
Exeter,Warburg Pincus,warburg-pincus,New York,New York,featured,yes,unknown,,,,,official_site,https://www.warburgpincus.com/investments/,https://warburgpincus.com/investments/exeter/,,https://www.warburgpincus.com/investments/
Experity,Warburg Pincus,warburg-pincus,New York,New York,featured,yes,unknown,,,,,official_site,https://www.warburgpincus.com/investments/,https://warburgpincus.com/investments/experity/,,https://www.warburgpincus.com/investments/
Facet,Warburg Pincus,warburg-pincus,New York,New York,featured,yes,unknown,,,,,official_site,https://www.warburgpincus.com/investments/,https://warburgpincus.com/investments/facet/,,https://www.warburgpincus.com/investments/
FAME (database),Warburg Pincus,warburg-pincus,New York,New York,featured,yes,unknown,,,,,wikipedia,https://en.wikipedia.org/wiki/FAME_%28database%29,https://en.wikipedia.org/wiki/FAME_%28database%29,https://en.wikipedia.org/wiki/FAME_%28database%29,https://www.warburgpincus.com/investments/
Fetch,Warburg Pincus,warburg-pincus,New York,New York,featured,yes,unknown,,,,,official_site,https://www.warburgpincus.com/investments/,https://warburgpincus.com/investments/fetch/,,https://www.warburgpincus.com/investments/
Fetch Pet Insurance,Warburg Pincus,warburg-pincus,New York,New York,featured,yes,unknown,,,,,wikipedia,https://en.wikipedia.org/wiki/Fetch_Pet_Insurance,https://en.wikipedia.org/wiki/Fetch_Pet_Insurance,https://en.wikipedia.org/wiki/Fetch_Pet_Insurance,https://www.warburgpincus.com/investments/
Filmways,Warburg Pincus,warburg-pincus,New York,New York,featured,yes,unknown,,,,,wikipedia,https://en.wikipedia.org/wiki/Filmways,https://en.wikipedia.org/wiki/Filmways,https://en.wikipedia.org/wiki/Filmways,https://www.warburgpincus.com/investments/
Flavorsum,Warburg Pincus,warburg-pincus,New York,New York,featured,yes,unknown,,,,,official_site,https://www.warburgpincus.com/investments/,https://warburgpincus.com/investments/flavorsum/,,https://www.warburgpincus.com/investments/
Fleur Hotels Limited,Warburg Pincus,warburg-pincus,New York,New York,featured,yes,unknown,,,,,official_site,https://www.warburgpincus.com/investments/,https://warburgpincus.com/investments/fleur-hotels-limited/,,https://www.warburgpincus.com/investments/
Flexxray,Warburg Pincus,warburg-pincus,New York,New York,featured,yes,unknown,,,,,official_site,https://www.warburgpincus.com/investments/,https://warburgpincus.com/investments/flexxray/,,https://www.warburgpincus.com/investments/
Fortegra Group,Warburg Pincus,warburg-pincus,New York,New York,featured,yes,unknown,,,,,wikipedia,https://en.wikipedia.org/wiki/Fortegra_Group,https://en.wikipedia.org/wiki/Fortegra_Group,https://en.wikipedia.org/wiki/Fortegra_Group,https://www.warburgpincus.com/investments/
Foundation Risk Partners,Warburg Pincus,warburg-pincus,New York,New York,featured,yes,unknown,,,,,official_site,https://www.warburgpincus.com/investments/,https://warburgpincus.com/investments/foundation-risk-partners/,,https://www.warburgpincus.com/investments/
Fusion,Warburg Pincus,warburg-pincus,New York,New York,featured,yes,unknown,,,,,official_site,https://www.warburgpincus.com/investments/,https://warburgpincus.com/investments/fusion/,,https://www.warburgpincus.com/investments/
Gabe's,Warburg Pincus,warburg-pincus,New York,New York,featured,yes,unknown,,,,,wikipedia,https://en.wikipedia.org/wiki/Gabe%27s,https://en.wikipedia.org/wiki/Gabe%27s,https://en.wikipedia.org/wiki/Gabe%27s,https://www.warburgpincus.com/investments/
Gcash,Warburg Pincus,warburg-pincus,New York,New York,featured,yes,unknown,,,,,official_site,https://www.warburgpincus.com/investments/,https://warburgpincus.com/investments/gcash/,,https://www.warburgpincus.com/investments/
Geek,Warburg Pincus,warburg-pincus,New York,New York,featured,yes,unknown,,,,,official_site,https://www.warburgpincus.com/investments/,https://warburgpincus.com/investments/geek/,,https://www.warburgpincus.com/investments/
Genki Forest,Warburg Pincus,warburg-pincus,New York,New York,featured,yes,unknown,,,,,official_site,https://www.warburgpincus.com/investments/,https://warburgpincus.com/investments/genki-forest/,,https://www.warburgpincus.com/investments/
Global Eggs,Warburg Pincus,warburg-pincus,New York,New York,featured,yes,unknown,,,,,official_site,https://www.warburgpincus.com/investments/,https://warburgpincus.com/investments/global-eggs/,,https://www.warburgpincus.com/investments/
Global Healthcare Exchange,Warburg Pincus,warburg-pincus,New York,New York,featured,yes,unknown,,,,,official_site,https://www.warburgpincus.com/investments/,https://warburgpincus.com/investments/global-healthcare-exchange/,,https://www.warburgpincus.com/investments/
GlobalSpec,Warburg Pincus,warburg-pincus,New York,New York,featured,yes,unknown,,,,,wikipedia,https://en.wikipedia.org/wiki/GlobalSpec,https://en.wikipedia.org/wiki/GlobalSpec,https://en.wikipedia.org/wiki/GlobalSpec,https://www.warburgpincus.com/investments/
GO JEK,Warburg Pincus,warburg-pincus,New York,New York,featured,yes,unknown,,,,,official_site,https://www.warburgpincus.com/investments/,https://warburgpincus.com/investments/go-jek/,,https://www.warburgpincus.com/investments/
Gojek,Warburg Pincus,warburg-pincus,New York,New York,featured,yes,unknown,,,,,wikipedia,https://en.wikipedia.org/wiki/Gojek,https://en.wikipedia.org/wiki/Gojek,https://en.wikipedia.org/wiki/Gojek,https://www.warburgpincus.com/investments/
Good Glamm Group,Warburg Pincus,warburg-pincus,New York,New York,featured,yes,unknown,,,,,wikipedia,https://en.wikipedia.org/wiki/Good_Glamm_Group,https://en.wikipedia.org/wiki/Good_Glamm_Group,https://en.wikipedia.org/wiki/Good_Glamm_Group,https://www.warburgpincus.com/investments/
Gradiant Corporation,Warburg Pincus,warburg-pincus,New York,New York,featured,yes,unknown,,,,,official_site,https://www.warburgpincus.com/investments/,https://warburgpincus.com/investments/gradiant-corporation/,,https://www.warburgpincus.com/investments/
Haier India,Warburg Pincus,warburg-pincus,New York,New York,featured,yes,unknown,,,,,official_site,https://www.warburgpincus.com/investments/,https://warburgpincus.com/investments/haier-india/,,https://www.warburgpincus.com/investments/
Haihe Pharmaceutical,Warburg Pincus,warburg-pincus,New York,New York,featured,yes,unknown,,,,,official_site,https://www.warburgpincus.com/investments/,https://warburgpincus.com/investments/haihe-pharmaceutical/,,https://www.warburgpincus.com/investments/
Health Partners,Warburg Pincus,warburg-pincus,New York,New York,featured,yes,unknown,,,,,official_site,https://www.warburgpincus.com/investments/,https://warburgpincus.com/investments/health-partners/,,https://www.warburgpincus.com/investments/
Helix,Warburg Pincus,warburg-pincus,New York,New York,featured,yes,unknown,,,,,official_site,https://www.warburgpincus.com/investments/,https://warburgpincus.com/investments/helix/,,https://www.warburgpincus.com/investments/
Home First Finance,Warburg Pincus,warburg-pincus,New York,New York,featured,yes,unknown,,,,,wikipedia,https://en.wikipedia.org/wiki/Home_First_Finance,https://en.wikipedia.org/wiki/Home_First_Finance,https://en.wikipedia.org/wiki/Home_First_Finance,https://www.warburgpincus.com/investments/
Htdk,Warburg Pincus,warburg-pincus,New York,New York,featured,yes,unknown,,,,,official_site,https://www.warburgpincus.com/investments/,https://warburgpincus.com/investments/htdk/,,https://www.warburgpincus.com/investments/
Huiyuan Juice,Warburg Pincus,warburg-pincus,New York,New York,featured,yes,unknown,,,,,wikipedia,https://en.wikipedia.org/wiki/Huiyuan_Juice,https://en.wikipedia.org/wiki/Huiyuan_Juice,https://en.wikipedia.org/wiki/Huiyuan_Juice,https://www.warburgpincus.com/investments/
Hwabao WP Fund Management,Warburg Pincus,warburg-pincus,New York,New York,featured,yes,unknown,,,,,official_site,https://www.warburgpincus.com/investments/,https://warburgpincus.com/investments/hwabao-wp-fund-management/,,https://www.warburgpincus.com/investments/
Iconectiv,Warburg Pincus,warburg-pincus,New York,New York,featured,yes,unknown,,,,,wikipedia,https://en.wikipedia.org/wiki/Iconectiv,https://en.wikipedia.org/wiki/Iconectiv,https://en.wikipedia.org/wiki/Iconectiv,https://www.warburgpincus.com/investments/
Idfc First Bank,Warburg Pincus,warburg-pincus,New York,New York,featured,yes,unknown,,,,,official_site|wikipedia,https://www.warburgpincus.com/investments/|https://en.wikipedia.org/wiki/IDFC_First_Bank,https://warburgpincus.com/investments/idfc-first-bank/,https://en.wikipedia.org/wiki/IDFC_First_Bank,https://www.warburgpincus.com/investments/
Imperial Auto,Warburg Pincus,warburg-pincus,New York,New York,featured,yes,unknown,,,,,official_site,https://www.warburgpincus.com/investments/,https://warburgpincus.com/investments/imperial-auto/,,https://www.warburgpincus.com/investments/
Indiafirst Life Insurance,Warburg Pincus,warburg-pincus,New York,New York,featured,yes,unknown,,,,,official_site,https://www.warburgpincus.com/investments/,https://warburgpincus.com/investments/indiafirst-life-insurance/,,https://www.warburgpincus.com/investments/
Infinite Electronics,Warburg Pincus,warburg-pincus,New York,New York,featured,yes,unknown,,,,,official_site,https://www.warburgpincus.com/investments/,https://warburgpincus.com/investments/infinite-electronics/,,https://www.warburgpincus.com/investments/
Infoblox,Warburg Pincus,warburg-pincus,New York,New York,featured,yes,unknown,,,,,official_site|wikipedia,https://www.warburgpincus.com/investments/|https://en.wikipedia.org/wiki/Infoblox,https://warburgpincus.com/investments/infoblox/,https://en.wikipedia.org/wiki/Infoblox,https://www.warburgpincus.com/investments/
Infoniqa,Warburg Pincus,warburg-pincus,New York,New York,featured,yes,unknown,,,,,official_site,https://www.warburgpincus.com/investments/,https://warburgpincus.com/investments/infoniqa/,,https://www.warburgpincus.com/investments/
Inmarsat,Warburg Pincus,warburg-pincus,New York,New York,featured,yes,unknown,,,,,wikipedia,https://en.wikipedia.org/wiki/Inmarsat,https://en.wikipedia.org/wiki/Inmarsat,https://en.wikipedia.org/wiki/Inmarsat,https://www.warburgpincus.com/investments/
Inrcore,Warburg Pincus,warburg-pincus,New York,New York,featured,yes,unknown,,,,,official_site,https://www.warburgpincus.com/investments/,https://warburgpincus.com/investments/inrcore/,,https://www.warburgpincus.com/investments/
Insilico Medicine,Warburg Pincus,warburg-pincus,New York,New York,featured,yes,unknown,,,,,official_site|wikipedia,https://www.warburgpincus.com/investments/|https://en.wikipedia.org/wiki/Insilico_Medicine,https://warburgpincus.com/investments/insilico-medicine/,https://en.wikipedia.org/wiki/Insilico_Medicine,https://www.warburgpincus.com/investments/
Inspired Education,Warburg Pincus,warburg-pincus,New York,New York,featured,yes,unknown,,,,,official_site,https://www.warburgpincus.com/investments/,https://warburgpincus.com/investments/inspired-education/,,https://www.warburgpincus.com/investments/
Interactive Data Corporation,Warburg Pincus,warburg-pincus,New York,New York,featured,yes,unknown,,,,,wikipedia,https://en.wikipedia.org/wiki/Interactive_Data_Corporation,https://en.wikipedia.org/wiki/Interactive_Data_Corporation,https://en.wikipedia.org/wiki/Interactive_Data_Corporation,https://www.warburgpincus.com/investments/
Internet Brands,Warburg Pincus,warburg-pincus,New York,New York,featured,yes,unknown,,,,,official_site,https://www.warburgpincus.com/investments/,https://warburgpincus.com/investments/internet-brands/,,https://www.warburgpincus.com/investments/
Intrafi Network,Warburg Pincus,warburg-pincus,New York,New York,featured,yes,unknown,,,,,official_site,https://www.warburgpincus.com/investments/,https://warburgpincus.com/investments/intrafi-network/,,https://www.warburgpincus.com/investments/
JD Property Group Corporation,Warburg Pincus,warburg-pincus,New York,New York,featured,yes,unknown,,,,,official_site,https://www.warburgpincus.com/investments/,https://warburgpincus.com/investments/jd-property-group-corporation/,,https://www.warburgpincus.com/investments/
Jusbrasil,Warburg Pincus,warburg-pincus,New York,New York,featured,yes,unknown,,,,,official_site,https://www.warburgpincus.com/investments/,https://warburgpincus.com/investments/jusbrasil/,,https://www.warburgpincus.com/investments/
JV With Vlinker,Warburg Pincus,warburg-pincus,New York,New York,featured,yes,unknown,,,,,official_site,https://www.warburgpincus.com/investments/,https://warburgpincus.com/investments/jv-with-vlinker/,,https://www.warburgpincus.com/investments/
K2 Insurance Services,Warburg Pincus,warburg-pincus,New York,New York,featured,yes,unknown,,,,,official_site,https://www.warburgpincus.com/investments/,https://warburgpincus.com/investments/k2-insurance-services/,,https://www.warburgpincus.com/investments/
Keystone Agency Partners,Warburg Pincus,warburg-pincus,New York,New York,featured,yes,unknown,,,,,official_site,https://www.warburgpincus.com/investments/,https://warburgpincus.com/investments/keystone-agency-partners/,,https://www.warburgpincus.com/investments/
KIO JV,Warburg Pincus,warburg-pincus,New York,New York,featured,yes,unknown,,,,,official_site,https://www.warburgpincus.com/investments/,https://warburgpincus.com/investments/kio-jv/,,https://www.warburgpincus.com/investments/
Kosmos Energy,Warburg Pincus,warburg-pincus,New York,New York,featured,yes,unknown,,,,,wikipedia,https://en.wikipedia.org/wiki/Kosmos_Energy,https://en.wikipedia.org/wiki/Kosmos_Energy,https://en.wikipedia.org/wiki/Kosmos_Energy,https://www.warburgpincus.com/investments/
Lendingpoint,Warburg Pincus,warburg-pincus,New York,New York,featured,yes,unknown,,,,,official_site|wikipedia,https://www.warburgpincus.com/investments/|https://en.wikipedia.org/wiki/LendingPoint,https://warburgpincus.com/investments/lendingpoint/,https://en.wikipedia.org/wiki/LendingPoint,https://www.warburgpincus.com/investments/
Lodgis,Warburg Pincus,warburg-pincus,New York,New York,featured,yes,unknown,,,,,official_site,https://www.warburgpincus.com/investments/,https://warburgpincus.com/investments/lodgis/,,https://www.warburgpincus.com/investments/
Madison International Realty,Warburg Pincus,warburg-pincus,New York,New York,featured,yes,unknown,,,,,official_site,https://www.warburgpincus.com/investments/,https://warburgpincus.com/investments/madison-international-realty/,,https://www.warburgpincus.com/investments/
Mariner Finance,Warburg Pincus,warburg-pincus,New York,New York,featured,yes,unknown,,,,,official_site,https://www.warburgpincus.com/investments/,https://warburgpincus.com/investments/mariner-finance/,,https://www.warburgpincus.com/investments/
Matera,Warburg Pincus,warburg-pincus,New York,New York,featured,yes,unknown,,,,,official_site,https://www.warburgpincus.com/investments/,https://warburgpincus.com/investments/matera/,,https://www.warburgpincus.com/investments/
Mattel,Warburg Pincus,warburg-pincus,New York,New York,featured,yes,unknown,,,,,wikipedia,https://en.wikipedia.org/wiki/Mattel,https://en.wikipedia.org/wiki/Mattel,https://en.wikipedia.org/wiki/Mattel,https://www.warburgpincus.com/investments/
Max Healthcare,Warburg Pincus,warburg-pincus,New York,New York,featured,yes,unknown,,,,,wikipedia,https://en.wikipedia.org/wiki/Max_Healthcare,https://en.wikipedia.org/wiki/Max_Healthcare,https://en.wikipedia.org/wiki/Max_Healthcare,https://www.warburgpincus.com/investments/
Mb2 Dental,Warburg Pincus,warburg-pincus,New York,New York,featured,yes,unknown,,,,,official_site,https://www.warburgpincus.com/investments/,https://warburgpincus.com/investments/mb2-dental/,,https://www.warburgpincus.com/investments/
Mcgill and Partners,Warburg Pincus,warburg-pincus,New York,New York,featured,yes,unknown,,,,,official_site,https://www.warburgpincus.com/investments/,https://warburgpincus.com/investments/mcgill-and-partners/,,https://www.warburgpincus.com/investments/
Meril,Warburg Pincus,warburg-pincus,New York,New York,featured,yes,unknown,,,,,official_site,https://www.warburgpincus.com/investments/,https://warburgpincus.com/investments/meril/,,https://www.warburgpincus.com/investments/
Metavante,Warburg Pincus,warburg-pincus,New York,New York,featured,yes,unknown,,,,,wikipedia,https://en.wikipedia.org/wiki/Metavante,https://en.wikipedia.org/wiki/Metavante,https://en.wikipedia.org/wiki/Metavante,https://www.warburgpincus.com/investments/
Metropolis Healthcare,Warburg Pincus,warburg-pincus,New York,New York,featured,yes,unknown,,,,,wikipedia,https://en.wikipedia.org/wiki/Metropolis_Healthcare,https://en.wikipedia.org/wiki/Metropolis_Healthcare,https://en.wikipedia.org/wiki/Metropolis_Healthcare,https://www.warburgpincus.com/investments/
Minesoft,Warburg Pincus,warburg-pincus,New York,New York,featured,yes,unknown,,,,,official_site,https://www.warburgpincus.com/investments/,https://warburgpincus.com/investments/minesoft/,,https://www.warburgpincus.com/investments/
Mission Motors,Warburg Pincus,warburg-pincus,New York,New York,featured,yes,unknown,,,,,wikipedia,https://en.wikipedia.org/wiki/Mission_Motors,https://en.wikipedia.org/wiki/Mission_Motors,https://en.wikipedia.org/wiki/Mission_Motors,https://www.warburgpincus.com/investments/
Modernizing Medicine,Warburg Pincus,warburg-pincus,New York,New York,featured,yes,unknown,,,,,wikipedia,https://en.wikipedia.org/wiki/Modernizing_Medicine,https://en.wikipedia.org/wiki/Modernizing_Medicine,https://en.wikipedia.org/wiki/Modernizing_Medicine,https://www.warburgpincus.com/investments/
Mofang,Warburg Pincus,warburg-pincus,New York,New York,featured,yes,unknown,,,,,official_site,https://www.warburgpincus.com/investments/,https://warburgpincus.com/investments/mofang/,,https://www.warburgpincus.com/investments/
Momo,Warburg Pincus,warburg-pincus,New York,New York,featured,yes,unknown,,,,,official_site,https://www.warburgpincus.com/investments/,https://warburgpincus.com/investments/momo/,,https://www.warburgpincus.com/investments/
Monolith Materials,Warburg Pincus,warburg-pincus,New York,New York,featured,yes,unknown,,,,,official_site,https://www.warburgpincus.com/investments/,https://warburgpincus.com/investments/monolith-materials/,,https://www.warburgpincus.com/investments/
Montana Renewables,Warburg Pincus,warburg-pincus,New York,New York,featured,yes,unknown,,,,,official_site,https://www.warburgpincus.com/investments/,https://warburgpincus.com/investments/montana-renewables/,,https://www.warburgpincus.com/investments/
Morningstar DBRS,Warburg Pincus,warburg-pincus,New York,New York,featured,yes,unknown,,,,,wikipedia,https://en.wikipedia.org/wiki/Morningstar_DBRS,https://en.wikipedia.org/wiki/Morningstar_DBRS,https://en.wikipedia.org/wiki/Morningstar_DBRS,https://www.warburgpincus.com/investments/
Mosaic,Warburg Pincus,warburg-pincus,New York,New York,featured,yes,unknown,,,,,wikipedia,https://en.wikipedia.org/wiki/Mosaic_Inc.,https://en.wikipedia.org/wiki/Mosaic_Inc.,https://en.wikipedia.org/wiki/Mosaic_Inc.,https://www.warburgpincus.com/investments/
Mykaarma,Warburg Pincus,warburg-pincus,New York,New York,featured,yes,unknown,,,,,official_site,https://www.warburgpincus.com/investments/,https://warburgpincus.com/investments/mykaarma/,,https://www.warburgpincus.com/investments/
Netdocuments,Warburg Pincus,warburg-pincus,New York,New York,featured,yes,unknown,,,,,official_site,https://www.warburgpincus.com/investments/,https://warburgpincus.com/investments/netdocuments/,,https://www.warburgpincus.com/investments/
Network International,Warburg Pincus,warburg-pincus,New York,New York,featured,yes,unknown,,,,,wikipedia,https://en.wikipedia.org/wiki/Network_International,https://en.wikipedia.org/wiki/Network_International,https://en.wikipedia.org/wiki/Network_International,https://www.warburgpincus.com/investments/
Neustar,Warburg Pincus,warburg-pincus,New York,New York,featured,yes,unknown,,,,,geig_article,https://growthequityinterviewguide.com/private-equity/private-equity-primer/technology-private-equity-firms,,,https://www.warburgpincus.com/investments/
Norstella,Warburg Pincus,warburg-pincus,New York,New York,featured,yes,unknown,,,,,official_site,https://www.warburgpincus.com/investments/,https://warburgpincus.com/investments/norstella/,,https://www.warburgpincus.com/investments/
Novaland Group,Warburg Pincus,warburg-pincus,New York,New York,featured,yes,unknown,,,,,official_site,https://www.warburgpincus.com/investments/,https://warburgpincus.com/investments/novaland-group/,,https://www.warburgpincus.com/investments/
NWP,Warburg Pincus,warburg-pincus,New York,New York,featured,yes,unknown,,,,,official_site,https://www.warburgpincus.com/investments/,https://warburgpincus.com/investments/nwp/,,https://www.warburgpincus.com/investments/
Oceanfirst,Warburg Pincus,warburg-pincus,New York,New York,featured,yes,unknown,,,,,official_site,https://www.warburgpincus.com/investments/,https://warburgpincus.com/investments/oceanfirst/,,https://www.warburgpincus.com/investments/
Odido,Warburg Pincus,warburg-pincus,New York,New York,featured,yes,unknown,,,,,official_site|wikipedia,https://www.warburgpincus.com/investments/|https://en.wikipedia.org/wiki/Odido,https://warburgpincus.com/investments/odido/,https://en.wikipedia.org/wiki/Odido,https://www.warburgpincus.com/investments/
Offerup,Warburg Pincus,warburg-pincus,New York,New York,featured,yes,unknown,,,,,official_site,https://www.warburgpincus.com/investments/,https://warburgpincus.com/investments/offerup/,,https://www.warburgpincus.com/investments/
OLA Cabs,Warburg Pincus,warburg-pincus,New York,New York,featured,yes,unknown,,,,,official_site,https://www.warburgpincus.com/investments/,https://warburgpincus.com/investments/ola-cabs/,,https://www.warburgpincus.com/investments/
Oona Insurance,Warburg Pincus,warburg-pincus,New York,New York,featured,yes,unknown,,,,,official_site,https://www.warburgpincus.com/investments/,https://warburgpincus.com/investments/oona-insurance/,,https://www.warburgpincus.com/investments/
Oyora,Warburg Pincus,warburg-pincus,New York,New York,featured,yes,unknown,,,,,official_site,https://www.warburgpincus.com/investments/,https://warburgpincus.com/investments/oyora/,,https://www.warburgpincus.com/investments/
PacWest Bancorp,Warburg Pincus,warburg-pincus,New York,New York,featured,yes,unknown,,,,,wikipedia,https://en.wikipedia.org/wiki/PacWest_Bancorp,https://en.wikipedia.org/wiki/PacWest_Bancorp,https://en.wikipedia.org/wiki/PacWest_Bancorp,https://www.warburgpincus.com/investments/
Panavision,Warburg Pincus,warburg-pincus,New York,New York,featured,yes,unknown,,,,,wikipedia,https://en.wikipedia.org/wiki/Panavision,https://en.wikipedia.org/wiki/Panavision,https://en.wikipedia.org/wiki/Panavision,https://www.warburgpincus.com/investments/
Paretohealth,Warburg Pincus,warburg-pincus,New York,New York,featured,yes,unknown,,,,,official_site,https://www.warburgpincus.com/investments/,https://warburgpincus.com/investments/paretohealth/,,https://www.warburgpincus.com/investments/
Park Place Technologies,Warburg Pincus,warburg-pincus,New York,New York,featured,yes,unknown,,,,,official_site,https://www.warburgpincus.com/investments/,https://warburgpincus.com/investments/park-place-technologies/,,https://www.warburgpincus.com/investments/
Parksons Packaging Limited,Warburg Pincus,warburg-pincus,New York,New York,featured,yes,unknown,,,,,official_site,https://www.warburgpincus.com/investments/,https://warburgpincus.com/investments/parksons-packaging-limited/,,https://www.warburgpincus.com/investments/
Payscale (company),Warburg Pincus,warburg-pincus,New York,New York,featured,yes,unknown,,,,,wikipedia,https://en.wikipedia.org/wiki/Payscale_%28company%29,https://en.wikipedia.org/wiki/Payscale_%28company%29,https://en.wikipedia.org/wiki/Payscale_%28company%29,https://www.warburgpincus.com/investments/
Perfios Software Solutions,Warburg Pincus,warburg-pincus,New York,New York,featured,yes,unknown,,,,,official_site,https://www.warburgpincus.com/investments/,https://warburgpincus.com/investments/perfios-software-solutions/,,https://www.warburgpincus.com/investments/
Personetics,Warburg Pincus,warburg-pincus,New York,New York,featured,yes,unknown,,,,,official_site,https://www.warburgpincus.com/investments/,https://warburgpincus.com/investments/personetics/,,https://www.warburgpincus.com/investments/
Peterborough Software,Warburg Pincus,warburg-pincus,New York,New York,featured,yes,unknown,,,,,wikipedia,https://en.wikipedia.org/wiki/Peterborough_Software,https://en.wikipedia.org/wiki/Peterborough_Software,https://en.wikipedia.org/wiki/Peterborough_Software,https://www.warburgpincus.com/investments/
Phil,Warburg Pincus,warburg-pincus,New York,New York,featured,yes,unknown,,,,,official_site,https://www.warburgpincus.com/investments/,https://warburgpincus.com/investments/phil/,,https://www.warburgpincus.com/investments/
Piramal Group,Warburg Pincus,warburg-pincus,New York,New York,featured,yes,unknown,,,,,wikipedia,https://en.wikipedia.org/wiki/Piramal_Group,https://en.wikipedia.org/wiki/Piramal_Group,https://en.wikipedia.org/wiki/Piramal_Group,https://www.warburgpincus.com/investments/
Piramal Realty,Warburg Pincus,warburg-pincus,New York,New York,featured,yes,unknown,,,,,wikipedia,https://en.wikipedia.org/wiki/Piramal_Realty,https://en.wikipedia.org/wiki/Piramal_Realty,https://en.wikipedia.org/wiki/Piramal_Realty,https://www.warburgpincus.com/investments/
Poundland,Warburg Pincus,warburg-pincus,New York,New York,featured,yes,unknown,,,,,wikipedia,https://en.wikipedia.org/wiki/Poundland,https://en.wikipedia.org/wiki/Poundland,https://en.wikipedia.org/wiki/Poundland,https://www.warburgpincus.com/investments/
Pregis,Warburg Pincus,warburg-pincus,New York,New York,featured,yes,unknown,,,,,official_site,https://www.warburgpincus.com/investments/,https://warburgpincus.com/investments/pregis/,,https://www.warburgpincus.com/investments/
Primal Pictures,Warburg Pincus,warburg-pincus,New York,New York,featured,yes,unknown,,,,,wikipedia,https://en.wikipedia.org/wiki/Primal_Pictures,https://en.wikipedia.org/wiki/Primal_Pictures,https://en.wikipedia.org/wiki/Primal_Pictures,https://www.warburgpincus.com/investments/
Primerica,Warburg Pincus,warburg-pincus,New York,New York,featured,yes,unknown,,,,,wikipedia,https://en.wikipedia.org/wiki/Primerica,https://en.wikipedia.org/wiki/Primerica,https://en.wikipedia.org/wiki/Primerica,https://www.warburgpincus.com/investments/
Princeton Digital Group,Warburg Pincus,warburg-pincus,New York,New York,featured,yes,unknown,,,,,official_site,https://www.warburgpincus.com/investments/,https://warburgpincus.com/investments/princeton-digital-group/,,https://www.warburgpincus.com/investments/
Ptsg,Warburg Pincus,warburg-pincus,New York,New York,featured,yes,unknown,,,,,official_site,https://www.warburgpincus.com/investments/,https://warburgpincus.com/investments/ptsg/,,https://www.warburgpincus.com/investments/
PVR INOX,Warburg Pincus,warburg-pincus,New York,New York,featured,yes,unknown,,,,,wikipedia,https://en.wikipedia.org/wiki/PVR_INOX,https://en.wikipedia.org/wiki/PVR_INOX,https://en.wikipedia.org/wiki/PVR_INOX,https://www.warburgpincus.com/investments/
Qualifacts,Warburg Pincus,warburg-pincus,New York,New York,featured,yes,unknown,,,,,official_site,https://www.warburgpincus.com/investments/,https://warburgpincus.com/investments/qualifacts/,,https://www.warburgpincus.com/investments/
Quantexa,Warburg Pincus,warburg-pincus,New York,New York,featured,yes,unknown,,,,,official_site,https://www.warburgpincus.com/investments/,https://warburgpincus.com/investments/quantexa/,,https://www.warburgpincus.com/investments/
Quantum Health,Warburg Pincus,warburg-pincus,New York,New York,featured,yes,unknown,,,,,official_site,https://www.warburgpincus.com/investments/,https://warburgpincus.com/investments/quantum-health/,,https://www.warburgpincus.com/investments/
Qube Industrial,Warburg Pincus,warburg-pincus,New York,New York,featured,yes,unknown,,,,,official_site,https://www.warburgpincus.com/investments/,https://warburgpincus.com/investments/qube-industrial/,,https://www.warburgpincus.com/investments/
Quikr,Warburg Pincus,warburg-pincus,New York,New York,featured,yes,unknown,,,,,wikipedia,https://en.wikipedia.org/wiki/Quikr,https://en.wikipedia.org/wiki/Quikr,https://en.wikipedia.org/wiki/Quikr,https://www.warburgpincus.com/investments/
Redwood,Warburg Pincus,warburg-pincus,New York,New York,featured,yes,unknown,,,,,official_site,https://www.warburgpincus.com/investments/,https://warburgpincus.com/investments/redwood/,,https://www.warburgpincus.com/investments/
Reiss (brand),Warburg Pincus,warburg-pincus,New York,New York,featured,yes,unknown,,,,,wikipedia,https://en.wikipedia.org/wiki/Reiss_%28brand%29,https://en.wikipedia.org/wiki/Reiss_%28brand%29,https://en.wikipedia.org/wiki/Reiss_%28brand%29,https://www.warburgpincus.com/investments/
Rural Metro,Warburg Pincus,warburg-pincus,New York,New York,featured,yes,unknown,,,,,wikipedia,https://en.wikipedia.org/wiki/Rural_Metro,https://en.wikipedia.org/wiki/Rural_Metro,https://en.wikipedia.org/wiki/Rural_Metro,https://www.warburgpincus.com/investments/
Sagent Lending Technologies,Warburg Pincus,warburg-pincus,New York,New York,featured,yes,unknown,,,,,official_site,https://www.warburgpincus.com/investments/,https://warburgpincus.com/investments/sagent-lending-technologies/,,https://www.warburgpincus.com/investments/
Salsify,Warburg Pincus,warburg-pincus,New York,New York,featured,yes,unknown,,,,,official_site,https://www.warburgpincus.com/investments/,https://warburgpincus.com/investments/salsify/,,https://www.warburgpincus.com/investments/
SBI General Insurance,Warburg Pincus,warburg-pincus,New York,New York,featured,yes,unknown,,,,,wikipedia,https://en.wikipedia.org/wiki/SBI_General_Insurance,https://en.wikipedia.org/wiki/SBI_General_Insurance,https://en.wikipedia.org/wiki/SBI_General_Insurance,https://www.warburgpincus.com/investments/
Scandit,Warburg Pincus,warburg-pincus,New York,New York,featured,yes,unknown,,,,,official_site,https://www.warburgpincus.com/investments/,https://warburgpincus.com/investments/scandit/,,https://www.warburgpincus.com/investments/
Scanntech,Warburg Pincus,warburg-pincus,New York,New York,featured,yes,unknown,,,,,official_site,https://www.warburgpincus.com/investments/,https://warburgpincus.com/investments/scanntech/,,https://www.warburgpincus.com/investments/
SCM Insurance Services,Warburg Pincus,warburg-pincus,New York,New York,featured,yes,unknown,,,,,official_site,https://www.warburgpincus.com/investments/,https://warburgpincus.com/investments/scm-insurance-services/,,https://www.warburgpincus.com/investments/
Sebia,Warburg Pincus,warburg-pincus,New York,New York,featured,yes,unknown,,,,,official_site,https://www.warburgpincus.com/investments/,https://warburgpincus.com/investments/sebia/,,https://www.warburgpincus.com/investments/
Service Compression,Warburg Pincus,warburg-pincus,New York,New York,featured,yes,unknown,,,,,official_site,https://www.warburgpincus.com/investments/,https://warburgpincus.com/investments/service-compression/,,https://www.warburgpincus.com/investments/
Shepperton Studios,Warburg Pincus,warburg-pincus,New York,New York,featured,yes,unknown,,,,,wikipedia,https://en.wikipedia.org/wiki/Shepperton_Studios,https://en.wikipedia.org/wiki/Shepperton_Studios,https://en.wikipedia.org/wiki/Shepperton_Studios,https://www.warburgpincus.com/investments/
Siemens Digital Industries Software,Warburg Pincus,warburg-pincus,New York,New York,featured,yes,unknown,,,,,wikipedia,https://en.wikipedia.org/wiki/Siemens_Digital_Industries_Software,https://en.wikipedia.org/wiki/Siemens_Digital_Industries_Software,https://en.wikipedia.org/wiki/Siemens_Digital_Industries_Software,https://www.warburgpincus.com/investments/
Simtra Biopharma Solutions,Warburg Pincus,warburg-pincus,New York,New York,featured,yes,unknown,,,,,official_site,https://www.warburgpincus.com/investments/,https://warburgpincus.com/investments/simtra-biopharma-solutions/,,https://www.warburgpincus.com/investments/
Singular Bank,Warburg Pincus,warburg-pincus,New York,New York,featured,yes,unknown,,,,,official_site,https://www.warburgpincus.com/investments/,https://warburgpincus.com/investments/singular-bank/,,https://www.warburgpincus.com/investments/
SK DD Senior Housing,Warburg Pincus,warburg-pincus,New York,New York,featured,yes,unknown,,,,,official_site,https://www.warburgpincus.com/investments/,https://warburgpincus.com/investments/sk-dd-senior-housing/,,https://www.warburgpincus.com/investments/
Slickdeals,Warburg Pincus,warburg-pincus,New York,New York,featured,yes,unknown,,,,,wikipedia,https://en.wikipedia.org/wiki/Slickdeals,https://en.wikipedia.org/wiki/Slickdeals,https://en.wikipedia.org/wiki/Slickdeals,https://www.warburgpincus.com/investments/
Solides,Warburg Pincus,warburg-pincus,New York,New York,featured,yes,unknown,,,,,official_site,https://www.warburgpincus.com/investments/,https://warburgpincus.com/investments/solides/,,https://www.warburgpincus.com/investments/
Specialist Risk Group,Warburg Pincus,warburg-pincus,New York,New York,featured,yes,unknown,,,,,official_site,https://www.warburgpincus.com/investments/,https://warburgpincus.com/investments/specialist-risk-group/,,https://www.warburgpincus.com/investments/
Spins,Warburg Pincus,warburg-pincus,New York,New York,featured,yes,unknown,,,,,official_site,https://www.warburgpincus.com/investments/,https://warburgpincus.com/investments/spins/,,https://www.warburgpincus.com/investments/
Starling,Warburg Pincus,warburg-pincus,New York,New York,featured,yes,unknown,,,,,official_site,https://www.warburgpincus.com/investments/,https://warburgpincus.com/investments/starling/,,https://www.warburgpincus.com/investments/
Start Center for Cancer Research,Warburg Pincus,warburg-pincus,New York,New York,featured,yes,unknown,,,,,official_site,https://www.warburgpincus.com/investments/,https://warburgpincus.com/investments/start-center-for-cancer-research/,,https://www.warburgpincus.com/investments/
Sterling Financial Corporation,Warburg Pincus,warburg-pincus,New York,New York,featured,yes,unknown,,,,,wikipedia,https://en.wikipedia.org/wiki/Sterling_Financial_Corporation,https://en.wikipedia.org/wiki/Sterling_Financial_Corporation,https://en.wikipedia.org/wiki/Sterling_Financial_Corporation,https://www.warburgpincus.com/investments/
Storhub Group,Warburg Pincus,warburg-pincus,New York,New York,featured,yes,unknown,,,,,official_site,https://www.warburgpincus.com/investments/,https://warburgpincus.com/investments/storhub-group/,,https://www.warburgpincus.com/investments/
Sundyne,Warburg Pincus,warburg-pincus,New York,New York,featured,yes,unknown,,,,,wikipedia,https://en.wikipedia.org/wiki/Sundyne,https://en.wikipedia.org/wiki/Sundyne,https://en.wikipedia.org/wiki/Sundyne,https://www.warburgpincus.com/investments/
Sunsea Parking,Warburg Pincus,warburg-pincus,New York,New York,featured,yes,unknown,,,,,official_site,https://www.warburgpincus.com/investments/,https://warburgpincus.com/investments/sunsea-parking/,,https://www.warburgpincus.com/investments/
Superlogica Tecnologias,Warburg Pincus,warburg-pincus,New York,New York,featured,yes,unknown,,,,,official_site,https://www.warburgpincus.com/investments/,https://warburgpincus.com/investments/superlogica-tecnologias/,,https://www.warburgpincus.com/investments/
Survitec Group,Warburg Pincus,warburg-pincus,New York,New York,featured,yes,unknown,,,,,wikipedia,https://en.wikipedia.org/wiki/Survitec_Group,https://en.wikipedia.org/wiki/Survitec_Group,https://en.wikipedia.org/wiki/Survitec_Group,https://www.warburgpincus.com/investments/
Sweeping Corporation of America SCA,Warburg Pincus,warburg-pincus,New York,New York,featured,yes,unknown,,,,,official_site,https://www.warburgpincus.com/investments/,https://warburgpincus.com/investments/sweeping-corporation-of-america-sca/,,https://www.warburgpincus.com/investments/
Tall City Exploration III,Warburg Pincus,warburg-pincus,New York,New York,featured,yes,unknown,,,,,official_site,https://www.warburgpincus.com/investments/,https://warburgpincus.com/investments/tall-city-exploration-iii/,,https://www.warburgpincus.com/investments/
Techcombank,Warburg Pincus,warburg-pincus,New York,New York,featured,yes,unknown,,,,,official_site|wikipedia,https://www.warburgpincus.com/investments/|https://en.wikipedia.org/wiki/Techcombank,https://warburgpincus.com/investments/techcombank/,https://en.wikipedia.org/wiki/Techcombank,https://www.warburgpincus.com/investments/
Theguarantors,Warburg Pincus,warburg-pincus,New York,New York,featured,yes,unknown,,,,,official_site,https://www.warburgpincus.com/investments/,https://warburgpincus.com/investments/theguarantors/,,https://www.warburgpincus.com/investments/
Tilney,Warburg Pincus,warburg-pincus,New York,New York,featured,yes,unknown,,,,,wikipedia,https://en.wikipedia.org/wiki/Tilney_Ltd.,https://en.wikipedia.org/wiki/Tilney_Ltd.,https://en.wikipedia.org/wiki/Tilney_Ltd.,https://www.warburgpincus.com/investments/
Tokyo Beta,Warburg Pincus,warburg-pincus,New York,New York,featured,yes,unknown,,,,,official_site,https://www.warburgpincus.com/investments/,https://warburgpincus.com/investments/tokyo-beta/,,https://www.warburgpincus.com/investments/
Topcast,Warburg Pincus,warburg-pincus,New York,New York,featured,yes,unknown,,,,,official_site,https://www.warburgpincus.com/investments/,https://warburgpincus.com/investments/topcast/,,https://www.warburgpincus.com/investments/
TradeCard,Warburg Pincus,warburg-pincus,New York,New York,featured,yes,unknown,,,,,wikipedia,https://en.wikipedia.org/wiki/TradeCard,https://en.wikipedia.org/wiki/TradeCard,https://en.wikipedia.org/wiki/TradeCard,https://www.warburgpincus.com/investments/
TransDigm Group,Warburg Pincus,warburg-pincus,New York,New York,featured,yes,unknown,,,,,wikipedia,https://en.wikipedia.org/wiki/TransDigm_Group,https://en.wikipedia.org/wiki/TransDigm_Group,https://en.wikipedia.org/wiki/TransDigm_Group,https://www.warburgpincus.com/investments/
Trident Energy,Warburg Pincus,warburg-pincus,New York,New York,featured,yes,unknown,,,,,official_site,https://www.warburgpincus.com/investments/,https://warburgpincus.com/investments/trident-energy/,,https://www.warburgpincus.com/investments/
Triumph,Warburg Pincus,warburg-pincus,New York,New York,featured,yes,unknown,,,,,official_site,https://www.warburgpincus.com/investments/,https://warburgpincus.com/investments/triumph/,,https://www.warburgpincus.com/investments/
Truhome Finance Limited,Warburg Pincus,warburg-pincus,New York,New York,featured,yes,unknown,,,,,official_site,https://www.warburgpincus.com/investments/,https://warburgpincus.com/investments/truhome-finance-limited/,,https://www.warburgpincus.com/investments/
United Family Healthcare,Warburg Pincus,warburg-pincus,New York,New York,featured,yes,unknown,,,,,official_site,https://www.warburgpincus.com/investments/,https://warburgpincus.com/investments/united-family-healthcare/,,https://www.warburgpincus.com/investments/
United Trust Bank,Warburg Pincus,warburg-pincus,New York,New York,featured,yes,unknown,,,,,official_site,https://www.warburgpincus.com/investments/,https://warburgpincus.com/investments/united-trust-bank/,,https://www.warburgpincus.com/investments/
Unity Advisory,Warburg Pincus,warburg-pincus,New York,New York,featured,yes,unknown,,,,,official_site,https://www.warburgpincus.com/investments/,https://warburgpincus.com/investments/unity-advisory/,,https://www.warburgpincus.com/investments/
Universal Protection Service,Warburg Pincus,warburg-pincus,New York,New York,featured,yes,unknown,,,,,wikipedia,https://en.wikipedia.org/wiki/Universal_Protection_Service,https://en.wikipedia.org/wiki/Universal_Protection_Service,https://en.wikipedia.org/wiki/Universal_Protection_Service,https://www.warburgpincus.com/investments/
Uvex,Warburg Pincus,warburg-pincus,New York,New York,featured,yes,unknown,,,,,official_site,https://www.warburgpincus.com/investments/,https://warburgpincus.com/investments/uvex/,,https://www.warburgpincus.com/investments/
Varicent,Warburg Pincus,warburg-pincus,New York,New York,featured,yes,unknown,,,,,official_site,https://www.warburgpincus.com/investments/,https://warburgpincus.com/investments/varicent/,,https://www.warburgpincus.com/investments/
Varo Money,Warburg Pincus,warburg-pincus,New York,New York,featured,yes,unknown,,,,,official_site,https://www.warburgpincus.com/investments/,https://warburgpincus.com/investments/varo-money/,,https://www.warburgpincus.com/investments/
Vero,Warburg Pincus,warburg-pincus,New York,New York,featured,yes,unknown,,,,,official_site,https://www.warburgpincus.com/investments/,https://warburgpincus.com/investments/vero/,,https://www.warburgpincus.com/investments/
VIP,Warburg Pincus,warburg-pincus,New York,New York,featured,yes,unknown,,,,,official_site,https://www.warburgpincus.com/investments/,https://warburgpincus.com/investments/vip/,,https://www.warburgpincus.com/investments/
Vistaar,Warburg Pincus,warburg-pincus,New York,New York,featured,yes,unknown,,,,,official_site,https://www.warburgpincus.com/investments/,https://warburgpincus.com/investments/vistaar/,,https://www.warburgpincus.com/investments/
Vita Partners,Warburg Pincus,warburg-pincus,New York,New York,featured,yes,unknown,,,,,official_site,https://www.warburgpincus.com/investments/,https://warburgpincus.com/investments/vita-partners/,,https://www.warburgpincus.com/investments/
Vivtera Holdings,Warburg Pincus,warburg-pincus,New York,New York,featured,yes,unknown,,,,,official_site,https://www.warburgpincus.com/investments/,https://warburgpincus.com/investments/vivtera-holdings/,,https://www.warburgpincus.com/investments/
Voll,Warburg Pincus,warburg-pincus,New York,New York,featured,yes,unknown,,,,,official_site,https://www.warburgpincus.com/investments/,https://warburgpincus.com/investments/voll/,,https://www.warburgpincus.com/investments/
Vringo,Warburg Pincus,warburg-pincus,New York,New York,featured,yes,unknown,,,,,wikipedia,https://en.wikipedia.org/wiki/Vringo,https://en.wikipedia.org/wiki/Vringo,https://en.wikipedia.org/wiki/Vringo,https://www.warburgpincus.com/investments/
Warburg Pincus,Warburg Pincus,warburg-pincus,New York,New York,featured,yes,unknown,,,,,wikipedia,https://en.wikipedia.org/wiki/Warburg_Pincus,https://en.wikipedia.org/wiki/Warburg_Pincus,https://en.wikipedia.org/wiki/Warburg_Pincus,https://www.warburgpincus.com/investments/
Watertec,Warburg Pincus,warburg-pincus,New York,New York,featured,yes,unknown,,,,,official_site,https://www.warburgpincus.com/investments/,https://warburgpincus.com/investments/watertec/,,https://www.warburgpincus.com/investments/
Weave Living,Warburg Pincus,warburg-pincus,New York,New York,featured,yes,unknown,,,,,official_site,https://www.warburgpincus.com/investments/,https://warburgpincus.com/investments/weave-living/,,https://www.warburgpincus.com/investments/
Webpt,Warburg Pincus,warburg-pincus,New York,New York,featured,yes,unknown,,,,,official_site|wikipedia,https://www.warburgpincus.com/investments/|https://en.wikipedia.org/wiki/WebPT,https://warburgpincus.com/investments/webpt/,https://en.wikipedia.org/wiki/WebPT,https://www.warburgpincus.com/investments/
Whatfix,Warburg Pincus,warburg-pincus,New York,New York,featured,yes,unknown,,,,,official_site,https://www.warburgpincus.com/investments/,https://warburgpincus.com/investments/whatfix/,,https://www.warburgpincus.com/investments/
WNS Global Services,Warburg Pincus,warburg-pincus,New York,New York,featured,yes,unknown,,,,,wikipedia,https://en.wikipedia.org/wiki/WNS_Global_Services,https://en.wikipedia.org/wiki/WNS_Global_Services,https://en.wikipedia.org/wiki/WNS_Global_Services,https://www.warburgpincus.com/investments/
Xiu.com,Warburg Pincus,warburg-pincus,New York,New York,featured,yes,unknown,,,,,wikipedia,https://en.wikipedia.org/wiki/Xiu.com,https://en.wikipedia.org/wiki/Xiu.com,https://en.wikipedia.org/wiki/Xiu.com,https://www.warburgpincus.com/investments/
Xuyen A,Warburg Pincus,warburg-pincus,New York,New York,featured,yes,unknown,,,,,official_site,https://www.warburgpincus.com/investments/,https://warburgpincus.com/investments/xuyen-a/,,https://www.warburgpincus.com/investments/
Yodlee,Warburg Pincus,warburg-pincus,New York,New York,featured,yes,unknown,,,,,wikipedia,https://en.wikipedia.org/wiki/Yodlee,https://en.wikipedia.org/wiki/Yodlee,https://en.wikipedia.org/wiki/Yodlee,https://www.warburgpincus.com/investments/
Yokohama Off-Highway Tires,Warburg Pincus,warburg-pincus,New York,New York,featured,yes,unknown,,,,,wikipedia,https://en.wikipedia.org/wiki/Yokohama_Off-Highway_Tires,https://en.wikipedia.org/wiki/Yokohama_Off-Highway_Tires,https://en.wikipedia.org/wiki/Yokohama_Off-Highway_Tires,https://www.warburgpincus.com/investments/
Zhong Ou Asset Management,Warburg Pincus,warburg-pincus,New York,New York,featured,yes,unknown,,,,,wikipedia,https://en.wikipedia.org/wiki/Zhong_Ou_Asset_Management,https://en.wikipedia.org/wiki/Zhong_Ou_Asset_Management,https://en.wikipedia.org/wiki/Zhong_Ou_Asset_Management,https://www.warburgpincus.com/investments/
Zhongyuan Consumer Finance,Warburg Pincus,warburg-pincus,New York,New York,featured,yes,unknown,,,,,official_site,https://www.warburgpincus.com/investments/,https://warburgpincus.com/investments/zhongyuan-consumer-finance-company/,,https://www.warburgpincus.com/investments/
Ziggo,Warburg Pincus,warburg-pincus,New York,New York,featured,yes,unknown,,,,,wikipedia,https://en.wikipedia.org/wiki/Ziggo,https://en.wikipedia.org/wiki/Ziggo,https://en.wikipedia.org/wiki/Ziggo,https://www.warburgpincus.com/investments/
Zimperium,Warburg Pincus,warburg-pincus,New York,New York,featured,yes,unknown,,,,,wikipedia,https://en.wikipedia.org/wiki/Zimperium,https://en.wikipedia.org/wiki/Zimperium,https://en.wikipedia.org/wiki/Zimperium,https://www.warburgpincus.com/investments/
Ziroom,Warburg Pincus,warburg-pincus,New York,New York,featured,yes,unknown,,,,,official_site,https://www.warburgpincus.com/investments/,https://warburgpincus.com/investments/ziroom/,,https://www.warburgpincus.com/investments/
ZSM,Warburg Pincus,warburg-pincus,New York,New York,featured,yes,unknown,,,,,official_site,https://www.warburgpincus.com/investments/,https://warburgpincus.com/investments/zsm/,,https://www.warburgpincus.com/investments/
Absorb,"Welsh, Carson, Anderson & Stowe",wcas,New York,New York,featured,yes,unknown,,,,,official_site,https://wcas.com/firm/investments/,,,https://wcas.com/firm/investments/
Abzena,"Welsh, Carson, Anderson & Stowe",wcas,New York,New York,featured,yes,unknown,,,,,official_site,https://wcas.com/firm/investments/,,,https://wcas.com/firm/investments/
AIA Contract Documents,"Welsh, Carson, Anderson & Stowe",wcas,New York,New York,featured,yes,unknown,,,,,official_site,https://wcas.com/firm/investments/,,,https://wcas.com/firm/investments/
Alert Logic,"Welsh, Carson, Anderson & Stowe",wcas,New York,New York,featured,yes,unknown,,,,,official_site,https://wcas.com/firm/investments/,,,https://wcas.com/firm/investments/
Alliance Data,"Welsh, Carson, Anderson & Stowe",wcas,New York,New York,featured,yes,unknown,,,,,official_site,https://wcas.com/firm/investments/,,,https://wcas.com/firm/investments/
AssistRx,"Welsh, Carson, Anderson & Stowe",wcas,New York,New York,featured,yes,unknown,,,,,official_site,https://wcas.com/firm/investments/,,,https://wcas.com/firm/investments/
Asurion,"Welsh, Carson, Anderson & Stowe",wcas,New York,New York,featured,yes,unknown,,,,,official_site,https://wcas.com/firm/investments/,,,https://wcas.com/firm/investments/
Avetta,"Welsh, Carson, Anderson & Stowe",wcas,New York,New York,featured,yes,unknown,,,,,official_site,https://wcas.com/firm/investments/,,,https://wcas.com/firm/investments/
Bisys,"Welsh, Carson, Anderson & Stowe",wcas,New York,New York,featured,yes,unknown,,,,,official_site,https://wcas.com/firm/investments/,,,https://wcas.com/firm/investments/
CenterWell Senior Primary Care,"Welsh, Carson, Anderson & Stowe",wcas,New York,New York,featured,yes,unknown,,,,,official_site,https://wcas.com/firm/investments/,,,https://wcas.com/firm/investments/
Ceridian,"Welsh, Carson, Anderson & Stowe",wcas,New York,New York,featured,yes,unknown,,,,,official_site,https://wcas.com/firm/investments/,,,https://wcas.com/firm/investments/
Clearwater Analytics,"Welsh, Carson, Anderson & Stowe",wcas,New York,New York,featured,yes,unknown,,,,,official_site,https://wcas.com/firm/investments/,,,https://wcas.com/firm/investments/
Concentra,"Welsh, Carson, Anderson & Stowe",wcas,New York,New York,featured,yes,unknown,,,,,official_site,https://wcas.com/firm/investments/,,,https://wcas.com/firm/investments/
Constitution Surgery Alliance,"Welsh, Carson, Anderson & Stowe",wcas,New York,New York,featured,yes,unknown,,,,,official_site,https://wcas.com/firm/investments/,,,https://wcas.com/firm/investments/
Decision One,"Welsh, Carson, Anderson & Stowe",wcas,New York,New York,featured,yes,unknown,,,,,geig_article,https://growthequityinterviewguide.com/private-equity/private-equity-primer/technology-private-equity-firms,,,https://wcas.com/firm/investments/
Emerus,"Welsh, Carson, Anderson & Stowe",wcas,New York,New York,featured,yes,unknown,,,,,official_site,https://wcas.com/firm/investments/,,,https://wcas.com/firm/investments/
EnableComp,"Welsh, Carson, Anderson & Stowe",wcas,New York,New York,featured,yes,unknown,,,,,official_site,https://wcas.com/firm/investments/,,,https://wcas.com/firm/investments/
EquiLend,"Welsh, Carson, Anderson & Stowe",wcas,New York,New York,featured,yes,unknown,,,,,official_site,https://wcas.com/firm/investments/,,,https://wcas.com/firm/investments/
Fiserv,"Welsh, Carson, Anderson & Stowe",wcas,New York,New York,featured,yes,unknown,,,,,official_site,https://wcas.com/firm/investments/,,,https://wcas.com/firm/investments/
GlobalCollect,"Welsh, Carson, Anderson & Stowe",wcas,New York,New York,featured,yes,unknown,,,,,official_site,https://wcas.com/firm/investments/,,,https://wcas.com/firm/investments/
GovCIO,"Welsh, Carson, Anderson & Stowe",wcas,New York,New York,featured,yes,unknown,,,,,official_site,https://wcas.com/firm/investments/,,,https://wcas.com/firm/investments/
Green Street,"Welsh, Carson, Anderson & Stowe",wcas,New York,New York,featured,yes,unknown,,,,,official_site,https://wcas.com/firm/investments/,,,https://wcas.com/firm/investments/
Headstrong,"Welsh, Carson, Anderson & Stowe",wcas,New York,New York,featured,yes,unknown,,,,,official_site|geig_article,https://wcas.com/firm/investments/|https://growthequityinterviewguide.com/private-equity/private-equity-primer/technology-private-equity-firms,,,https://wcas.com/firm/investments/
Identifix,"Welsh, Carson, Anderson & Stowe",wcas,New York,New York,featured,yes,unknown,,,,,official_site,https://wcas.com/firm/investments/,,,https://wcas.com/firm/investments/
ImageTrend,"Welsh, Carson, Anderson & Stowe",wcas,New York,New York,featured,yes,unknown,,,,,official_site,https://wcas.com/firm/investments/,,,https://wcas.com/firm/investments/
InnovAge,"Welsh, Carson, Anderson & Stowe",wcas,New York,New York,featured,yes,unknown,,,,,official_site,https://wcas.com/firm/investments/,,,https://wcas.com/firm/investments/
Kindred at Home,"Welsh, Carson, Anderson & Stowe",wcas,New York,New York,featured,yes,unknown,,,,,official_site,https://wcas.com/firm/investments/,,,https://wcas.com/firm/investments/
Kiniciti,"Welsh, Carson, Anderson & Stowe",wcas,New York,New York,featured,yes,unknown,,,,,official_site,https://wcas.com/firm/investments/,,,https://wcas.com/firm/investments/
Leiters,"Welsh, Carson, Anderson & Stowe",wcas,New York,New York,featured,yes,unknown,,,,,official_site,https://wcas.com/firm/investments/,,,https://wcas.com/firm/investments/
Liberty Dental Plan,"Welsh, Carson, Anderson & Stowe",wcas,New York,New York,featured,yes,unknown,,,,,official_site,https://wcas.com/firm/investments/,,,https://wcas.com/firm/investments/
LINQ,"Welsh, Carson, Anderson & Stowe",wcas,New York,New York,featured,yes,unknown,,,,,official_site|geig_article,https://wcas.com/firm/investments/|https://growthequityinterviewguide.com/private-equity/private-equity-primer/technology-private-equity-firms,,,https://wcas.com/firm/investments/
Luxema Imaging,"Welsh, Carson, Anderson & Stowe",wcas,New York,New York,featured,yes,unknown,,,,,official_site,https://wcas.com/firm/investments/,,,https://wcas.com/firm/investments/
naviHealth,"Welsh, Carson, Anderson & Stowe",wcas,New York,New York,featured,yes,unknown,,,,,official_site,https://wcas.com/firm/investments/,,,https://wcas.com/firm/investments/
News & Perspectives,"Welsh, Carson, Anderson & Stowe",wcas,New York,New York,featured,yes,unknown,,,,,official_site,https://wcas.com/firm/investments/,,,https://wcas.com/firm/investments/
Norstella,"Welsh, Carson, Anderson & Stowe",wcas,New York,New York,featured,yes,unknown,,,,,official_site,https://wcas.com/firm/investments/,,,https://wcas.com/firm/investments/
OFFICES,"Welsh, Carson, Anderson & Stowe",wcas,New York,New York,featured,yes,unknown,,,,,official_site,https://wcas.com/firm/investments/,,,https://wcas.com/firm/investments/
Owl Practice Suite,"Welsh, Carson, Anderson & Stowe",wcas,New York,New York,featured,yes,unknown,,,,,official_site,https://wcas.com/firm/investments/,,,https://wcas.com/firm/investments/
Past Investments and Exits,"Welsh, Carson, Anderson & Stowe",wcas,New York,New York,featured,yes,unknown,,,,,official_site,https://wcas.com/firm/investments/,,,https://wcas.com/firm/investments/
Quickbase,"Welsh, Carson, Anderson & Stowe",wcas,New York,New York,featured,yes,unknown,,,,,official_site,https://wcas.com/firm/investments/,,,https://wcas.com/firm/investments/
Revel Systems,"Welsh, Carson, Anderson & Stowe",wcas,New York,New York,featured,yes,unknown,,,,,official_site,https://wcas.com/firm/investments/,,,https://wcas.com/firm/investments/
Select Medical,"Welsh, Carson, Anderson & Stowe",wcas,New York,New York,featured,yes,unknown,,,,,official_site,https://wcas.com/firm/investments/,,,https://wcas.com/firm/investments/
Shields,"Welsh, Carson, Anderson & Stowe",wcas,New York,New York,featured,yes,unknown,,,,,official_site,https://wcas.com/firm/investments/,,,https://wcas.com/firm/investments/
Simeio,"Welsh, Carson, Anderson & Stowe",wcas,New York,New York,featured,yes,unknown,,,,,official_site,https://wcas.com/firm/investments/,,,https://wcas.com/firm/investments/
TransFirst,"Welsh, Carson, Anderson & Stowe",wcas,New York,New York,featured,yes,unknown,,,,,official_site,https://wcas.com/firm/investments/,,,https://wcas.com/firm/investments/
Triple Point Technology,"Welsh, Carson, Anderson & Stowe",wcas,New York,New York,featured,yes,unknown,,,,,official_site,https://wcas.com/firm/investments/,,,https://wcas.com/firm/investments/
TrueCommerce,"Welsh, Carson, Anderson & Stowe",wcas,New York,New York,featured,yes,unknown,,,,,official_site,https://wcas.com/firm/investments/,,,https://wcas.com/firm/investments/
United Musculoskeletal Partners,"Welsh, Carson, Anderson & Stowe",wcas,New York,New York,featured,yes,unknown,,,,,official_site,https://wcas.com/firm/investments/,,,https://wcas.com/firm/investments/
US Anesthesia Partners,"Welsh, Carson, Anderson & Stowe",wcas,New York,New York,featured,yes,unknown,,,,,official_site,https://wcas.com/firm/investments/,,,https://wcas.com/firm/investments/
Valtruis,"Welsh, Carson, Anderson & Stowe",wcas,New York,New York,featured,yes,unknown,,,,,official_site,https://wcas.com/firm/investments/,,,https://wcas.com/firm/investments/
"© 1996-2026 Welsh, Carson, Anderson & Stowe. All Rights Reserved.","Welsh, Carson, Anderson & Stowe",wcas,New York,New York,featured,yes,unknown,,,,,official_site,https://wcas.com/firm/investments/,,,https://wcas.com/firm/investments/
AGS Airports,Blackstone,blackstone,New York,New York,honorable_mention,yes,unknown,,,,,wikipedia,https://en.wikipedia.org/wiki/AGS_Airports,https://en.wikipedia.org/wiki/AGS_Airports,https://en.wikipedia.org/wiki/AGS_Airports,https://www.blackstone.com/
Ancestry.com,Blackstone,blackstone,New York,New York,honorable_mention,yes,unknown,,,,,wikipedia,https://en.wikipedia.org/wiki/Ancestry.com,https://en.wikipedia.org/wiki/Ancestry.com,https://en.wikipedia.org/wiki/Ancestry.com,https://www.blackstone.com/
Bumble,Blackstone,blackstone,New York,New York,honorable_mention,yes,unknown,,,,,wikipedia,https://en.wikipedia.org/wiki/Bumble_Inc.,https://en.wikipedia.org/wiki/Bumble_Inc.,https://en.wikipedia.org/wiki/Bumble_Inc.,https://www.blackstone.com/
Candle Media,Blackstone,blackstone,New York,New York,honorable_mention,yes,unknown,,,,,wikipedia,https://en.wikipedia.org/wiki/Candle_Media,https://en.wikipedia.org/wiki/Candle_Media,https://en.wikipedia.org/wiki/Candle_Media,https://www.blackstone.com/
Change Healthcare,Blackstone,blackstone,New York,New York,honorable_mention,yes,unknown,,,,,wikipedia,https://en.wikipedia.org/wiki/Change_Healthcare,https://en.wikipedia.org/wiki/Change_Healthcare,https://en.wikipedia.org/wiki/Change_Healthcare,https://www.blackstone.com/
Chicago and North Western Railway,Blackstone,blackstone,New York,New York,honorable_mention,yes,unknown,,,,,wikipedia,https://en.wikipedia.org/wiki/Chicago_and_North_Western_Railway,https://en.wikipedia.org/wiki/Chicago_and_North_Western_Railway,https://en.wikipedia.org/wiki/Chicago_and_North_Western_Railway,https://www.blackstone.com/
Cineworld,Blackstone,blackstone,New York,New York,honorable_mention,yes,unknown,,,,,wikipedia,https://en.wikipedia.org/wiki/Cineworld,https://en.wikipedia.org/wiki/Cineworld,https://en.wikipedia.org/wiki/Cineworld,https://www.blackstone.com/
Civica (company),Blackstone,blackstone,New York,New York,honorable_mention,yes,unknown,,,,,wikipedia,https://en.wikipedia.org/wiki/Civica_%28company%29,https://en.wikipedia.org/wiki/Civica_%28company%29,https://en.wikipedia.org/wiki/Civica_%28company%29,https://www.blackstone.com/
Crown Resorts,Blackstone,blackstone,New York,New York,honorable_mention,yes,unknown,,,,,wikipedia,https://en.wikipedia.org/wiki/Crown_Resorts,https://en.wikipedia.org/wiki/Crown_Resorts,https://en.wikipedia.org/wiki/Crown_Resorts,https://www.blackstone.com/
Cvent,Blackstone,blackstone,New York,New York,honorable_mention,yes,unknown,,,,,wikipedia,https://en.wikipedia.org/wiki/Cvent,https://en.wikipedia.org/wiki/Cvent,https://en.wikipedia.org/wiki/Cvent,https://www.blackstone.com/
Dauch Corporation,Blackstone,blackstone,New York,New York,honorable_mention,yes,unknown,,,,,wikipedia,https://en.wikipedia.org/wiki/Dauch_Corporation,https://en.wikipedia.org/wiki/Dauch_Corporation,https://en.wikipedia.org/wiki/Dauch_Corporation,https://www.blackstone.com/
EQ Office,Blackstone,blackstone,New York,New York,honorable_mention,yes,unknown,,,,,wikipedia,https://en.wikipedia.org/wiki/EQ_Office,https://en.wikipedia.org/wiki/EQ_Office,https://en.wikipedia.org/wiki/EQ_Office,https://www.blackstone.com/
Essel Propack,Blackstone,blackstone,New York,New York,honorable_mention,yes,unknown,,,,,wikipedia,https://en.wikipedia.org/wiki/Essel_Propack,https://en.wikipedia.org/wiki/Essel_Propack,https://en.wikipedia.org/wiki/Essel_Propack,https://www.blackstone.com/
Extended Stay America,Blackstone,blackstone,New York,New York,honorable_mention,yes,unknown,,,,,wikipedia,https://en.wikipedia.org/wiki/Extended_Stay_America,https://en.wikipedia.org/wiki/Extended_Stay_America,https://en.wikipedia.org/wiki/Extended_Stay_America,https://www.blackstone.com/
Freescale Semiconductor,Blackstone,blackstone,New York,New York,honorable_mention,yes,unknown,,,,,wikipedia,https://en.wikipedia.org/wiki/Freescale_Semiconductor,https://en.wikipedia.org/wiki/Freescale_Semiconductor,https://en.wikipedia.org/wiki/Freescale_Semiconductor,https://www.blackstone.com/
Gateway Television,Blackstone,blackstone,New York,New York,honorable_mention,yes,unknown,,,,,wikipedia,https://en.wikipedia.org/wiki/Gateway_Television,https://en.wikipedia.org/wiki/Gateway_Television,https://en.wikipedia.org/wiki/Gateway_Television,https://www.blackstone.com/
HealthMarkets,Blackstone,blackstone,New York,New York,honorable_mention,yes,unknown,,,,,wikipedia,https://en.wikipedia.org/wiki/HealthMarkets,https://en.wikipedia.org/wiki/HealthMarkets,https://en.wikipedia.org/wiki/HealthMarkets,https://www.blackstone.com/
Hilton Grand Vacations,Blackstone,blackstone,New York,New York,honorable_mention,yes,unknown,,,,,wikipedia,https://en.wikipedia.org/wiki/Hilton_Grand_Vacations,https://en.wikipedia.org/wiki/Hilton_Grand_Vacations,https://en.wikipedia.org/wiki/Hilton_Grand_Vacations,https://www.blackstone.com/
Houghton Mifflin Harcourt,Blackstone,blackstone,New York,New York,honorable_mention,yes,unknown,,,,,wikipedia,https://en.wikipedia.org/wiki/Houghton_Mifflin_Harcourt,https://en.wikipedia.org/wiki/Houghton_Mifflin_Harcourt,https://en.wikipedia.org/wiki/Houghton_Mifflin_Harcourt,https://www.blackstone.com/
International Data Corporation,Blackstone,blackstone,New York,New York,honorable_mention,yes,unknown,,,,,wikipedia,https://en.wikipedia.org/wiki/International_Data_Corporation,https://en.wikipedia.org/wiki/International_Data_Corporation,https://en.wikipedia.org/wiki/International_Data_Corporation,https://www.blackstone.com/
IQ Student Accommodation,Blackstone,blackstone,New York,New York,honorable_mention,yes,unknown,,,,,wikipedia,https://en.wikipedia.org/wiki/IQ_Student_Accommodation,https://en.wikipedia.org/wiki/IQ_Student_Accommodation,https://en.wikipedia.org/wiki/IQ_Student_Accommodation,https://www.blackstone.com/
Jersey Mike's Subs,Blackstone,blackstone,New York,New York,honorable_mention,yes,unknown,,,,,wikipedia,https://en.wikipedia.org/wiki/Jersey_Mike%27s_Subs,https://en.wikipedia.org/wiki/Jersey_Mike%27s_Subs,https://en.wikipedia.org/wiki/Jersey_Mike%27s_Subs,https://www.blackstone.com/
Kosmos Energy,Blackstone,blackstone,New York,New York,honorable_mention,yes,unknown,,,,,wikipedia,https://en.wikipedia.org/wiki/Kosmos_Energy,https://en.wikipedia.org/wiki/Kosmos_Energy,https://en.wikipedia.org/wiki/Kosmos_Energy,https://www.blackstone.com/
La Quinta Inns & Suites,Blackstone,blackstone,New York,New York,honorable_mention,yes,unknown,,,,,wikipedia,https://en.wikipedia.org/wiki/La_Quinta_Inns_%26_Suites,https://en.wikipedia.org/wiki/La_Quinta_Inns_%26_Suites,https://en.wikipedia.org/wiki/La_Quinta_Inns_%26_Suites,https://www.blackstone.com/
La Trobe Financial,Blackstone,blackstone,New York,New York,honorable_mention,yes,unknown,,,,,wikipedia,https://en.wikipedia.org/wiki/La_Trobe_Financial,https://en.wikipedia.org/wiki/La_Trobe_Financial,https://en.wikipedia.org/wiki/La_Trobe_Financial,https://www.blackstone.com/
Legoland,Blackstone,blackstone,New York,New York,honorable_mention,yes,unknown,,,,,wikipedia,https://en.wikipedia.org/wiki/Legoland,https://en.wikipedia.org/wiki/Legoland,https://en.wikipedia.org/wiki/Legoland,https://www.blackstone.com/
Leica Camera,Blackstone,blackstone,New York,New York,honorable_mention,yes,unknown,,,,,wikipedia,https://en.wikipedia.org/wiki/Leica_Camera,https://en.wikipedia.org/wiki/Leica_Camera,https://en.wikipedia.org/wiki/Leica_Camera,https://www.blackstone.com/
Logicor,Blackstone,blackstone,New York,New York,honorable_mention,yes,unknown,,,,,wikipedia,https://en.wikipedia.org/wiki/Logicor,https://en.wikipedia.org/wiki/Logicor,https://en.wikipedia.org/wiki/Logicor,https://www.blackstone.com/
Merlin Entertainments,Blackstone,blackstone,New York,New York,honorable_mention,yes,unknown,,,,,wikipedia,https://en.wikipedia.org/wiki/Merlin_Entertainments,https://en.wikipedia.org/wiki/Merlin_Entertainments,https://en.wikipedia.org/wiki/Merlin_Entertainments,https://www.blackstone.com/
Michaels,Blackstone,blackstone,New York,New York,honorable_mention,yes,unknown,,,,,wikipedia,https://en.wikipedia.org/wiki/Michaels,https://en.wikipedia.org/wiki/Michaels,https://en.wikipedia.org/wiki/Michaels,https://www.blackstone.com/
MNRK Music Group,Blackstone,blackstone,New York,New York,honorable_mention,yes,unknown,,,,,wikipedia,https://en.wikipedia.org/wiki/MNRK_Music_Group,https://en.wikipedia.org/wiki/MNRK_Music_Group,https://en.wikipedia.org/wiki/MNRK_Music_Group,https://www.blackstone.com/
Mphasis,Blackstone,blackstone,New York,New York,honorable_mention,yes,unknown,,,,,wikipedia,https://en.wikipedia.org/wiki/Mphasis,https://en.wikipedia.org/wiki/Mphasis,https://en.wikipedia.org/wiki/Mphasis,https://www.blackstone.com/
NEC Group,Blackstone,blackstone,New York,New York,honorable_mention,yes,unknown,,,,,wikipedia,https://en.wikipedia.org/wiki/NEC_Group,https://en.wikipedia.org/wiki/NEC_Group,https://en.wikipedia.org/wiki/NEC_Group,https://www.blackstone.com/
Paysafe,Blackstone,blackstone,New York,New York,honorable_mention,yes,unknown,,,,,wikipedia,https://en.wikipedia.org/wiki/Paysafe,https://en.wikipedia.org/wiki/Paysafe,https://en.wikipedia.org/wiki/Paysafe,https://www.blackstone.com/
PGP Glass,Blackstone,blackstone,New York,New York,honorable_mention,yes,unknown,,,,,wikipedia,https://en.wikipedia.org/wiki/PGP_Glass,https://en.wikipedia.org/wiki/PGP_Glass,https://en.wikipedia.org/wiki/PGP_Glass,https://www.blackstone.com/
PortAventura Park,Blackstone,blackstone,New York,New York,honorable_mention,yes,unknown,,,,,wikipedia,https://en.wikipedia.org/wiki/PortAventura_Park,https://en.wikipedia.org/wiki/PortAventura_Park,https://en.wikipedia.org/wiki/PortAventura_Park,https://www.blackstone.com/
Recognition Music Group,Blackstone,blackstone,New York,New York,honorable_mention,yes,unknown,,,,,wikipedia,https://en.wikipedia.org/wiki/Recognition_Music_Group,https://en.wikipedia.org/wiki/Recognition_Music_Group,https://en.wikipedia.org/wiki/Recognition_Music_Group,https://www.blackstone.com/
Rover (American company),Blackstone,blackstone,New York,New York,honorable_mention,yes,unknown,,,,,wikipedia,https://en.wikipedia.org/wiki/Rover_%28American_company%29,https://en.wikipedia.org/wiki/Rover_%28American_company%29,https://en.wikipedia.org/wiki/Rover_%28American_company%29,https://www.blackstone.com/
Service King Collision Repair,Blackstone,blackstone,New York,New York,honorable_mention,yes,unknown,,,,,wikipedia,https://en.wikipedia.org/wiki/Service_King_Collision_Repair,https://en.wikipedia.org/wiki/Service_King_Collision_Repair,https://en.wikipedia.org/wiki/Service_King_Collision_Repair,https://www.blackstone.com/
Servpro,Blackstone,blackstone,New York,New York,honorable_mention,yes,unknown,,,,,wikipedia,https://en.wikipedia.org/wiki/Servpro,https://en.wikipedia.org/wiki/Servpro,https://en.wikipedia.org/wiki/Servpro,https://www.blackstone.com/
SESAC,Blackstone,blackstone,New York,New York,honorable_mention,yes,unknown,,,,,wikipedia,https://en.wikipedia.org/wiki/SESAC,https://en.wikipedia.org/wiki/SESAC,https://en.wikipedia.org/wiki/SESAC,https://www.blackstone.com/
Smartsheet,Blackstone,blackstone,New York,New York,honorable_mention,yes,unknown,,,,,wikipedia,https://en.wikipedia.org/wiki/Smartsheet_Inc.,https://en.wikipedia.org/wiki/Smartsheet_Inc.,https://en.wikipedia.org/wiki/Smartsheet_Inc.,https://www.blackstone.com/
Southern Cross Healthcare (United Kingdom),Blackstone,blackstone,New York,New York,honorable_mention,yes,unknown,,,,,wikipedia,https://en.wikipedia.org/wiki/Southern_Cross_Healthcare_%28United_Kingdom%29,https://en.wikipedia.org/wiki/Southern_Cross_Healthcare_%28United_Kingdom%29,https://en.wikipedia.org/wiki/Southern_Cross_Healthcare_%28United_Kingdom%29,https://www.blackstone.com/
Spanx,Blackstone,blackstone,New York,New York,honorable_mention,yes,unknown,,,,,wikipedia,https://en.wikipedia.org/wiki/Spanx,https://en.wikipedia.org/wiki/Spanx,https://en.wikipedia.org/wiki/Spanx,https://www.blackstone.com/
Stearns Lending,Blackstone,blackstone,New York,New York,honorable_mention,yes,unknown,,,,,wikipedia,https://en.wikipedia.org/wiki/Stearns_Lending,https://en.wikipedia.org/wiki/Stearns_Lending,https://en.wikipedia.org/wiki/Stearns_Lending,https://www.blackstone.com/
TDC Holding A/S,Blackstone,blackstone,New York,New York,honorable_mention,yes,unknown,,,,,wikipedia,https://en.wikipedia.org/wiki/TDC_Holding_A/S,https://en.wikipedia.org/wiki/TDC_Holding_A/S,https://en.wikipedia.org/wiki/TDC_Holding_A/S,https://www.blackstone.com/
TeamHealth,Blackstone,blackstone,New York,New York,honorable_mention,yes,unknown,,,,,wikipedia,https://en.wikipedia.org/wiki/TeamHealth,https://en.wikipedia.org/wiki/TeamHealth,https://en.wikipedia.org/wiki/TeamHealth,https://www.blackstone.com/
Top Ryde City,Blackstone,blackstone,New York,New York,honorable_mention,yes,unknown,,,,,wikipedia,https://en.wikipedia.org/wiki/Top_Ryde_City,https://en.wikipedia.org/wiki/Top_Ryde_City,https://en.wikipedia.org/wiki/Top_Ryde_City,https://www.blackstone.com/
Travelport,Blackstone,blackstone,New York,New York,honorable_mention,yes,unknown,,,,,wikipedia,https://en.wikipedia.org/wiki/Travelport,https://en.wikipedia.org/wiki/Travelport,https://en.wikipedia.org/wiki/Travelport,https://www.blackstone.com/
Trizec Properties,Blackstone,blackstone,New York,New York,honorable_mention,yes,unknown,,,,,wikipedia,https://en.wikipedia.org/wiki/Trizec_Properties,https://en.wikipedia.org/wiki/Trizec_Properties,https://en.wikipedia.org/wiki/Trizec_Properties,https://www.blackstone.com/
Tussauds Group,Blackstone,blackstone,New York,New York,honorable_mention,yes,unknown,,,,,wikipedia,https://en.wikipedia.org/wiki/The_Tussauds_Group,https://en.wikipedia.org/wiki/The_Tussauds_Group,https://en.wikipedia.org/wiki/The_Tussauds_Group,https://www.blackstone.com/
United Parks & Resorts,Blackstone,blackstone,New York,New York,honorable_mention,yes,unknown,,,,,wikipedia,https://en.wikipedia.org/wiki/United_Parks_%26_Resorts,https://en.wikipedia.org/wiki/United_Parks_%26_Resorts,https://en.wikipedia.org/wiki/United_Parks_%26_Resorts,https://www.blackstone.com/
Vivint,Blackstone,blackstone,New York,New York,honorable_mention,yes,unknown,,,,,wikipedia,https://en.wikipedia.org/wiki/Vivint,https://en.wikipedia.org/wiki/Vivint,https://en.wikipedia.org/wiki/Vivint,https://www.blackstone.com/
Academy Sports + Outdoors,KKR,kkr,New York,New York,honorable_mention,yes,unknown,,,,,wikipedia,https://en.wikipedia.org/wiki/Academy_Sports_%2B_Outdoors,https://en.wikipedia.org/wiki/Academy_Sports_%2B_Outdoors,https://en.wikipedia.org/wiki/Academy_Sports_%2B_Outdoors,https://www.kkr.com/
Accell,KKR,kkr,New York,New York,honorable_mention,yes,unknown,,,,,wikipedia,https://en.wikipedia.org/wiki/Accell,https://en.wikipedia.org/wiki/Accell,https://en.wikipedia.org/wiki/Accell,https://www.kkr.com/
Acciona Energía,KKR,kkr,New York,New York,honorable_mention,yes,unknown,,,,,wikipedia,https://en.wikipedia.org/wiki/Acciona_Energ%C3%ADa,https://en.wikipedia.org/wiki/Acciona_Energ%C3%ADa,https://en.wikipedia.org/wiki/Acciona_Energ%C3%ADa,https://www.kkr.com/
Alliance Boots,KKR,kkr,New York,New York,honorable_mention,yes,unknown,,,,,wikipedia,https://en.wikipedia.org/wiki/Alliance_Boots,https://en.wikipedia.org/wiki/Alliance_Boots,https://en.wikipedia.org/wiki/Alliance_Boots,https://www.kkr.com/
America's Best Contacts & Eyeglasses,KKR,kkr,New York,New York,honorable_mention,yes,unknown,,,,,wikipedia,https://en.wikipedia.org/wiki/America%27s_Best_Contacts_%26_Eyeglasses,https://en.wikipedia.org/wiki/America%27s_Best_Contacts_%26_Eyeglasses,https://en.wikipedia.org/wiki/America%27s_Best_Contacts_%26_Eyeglasses,https://www.kkr.com/
Anchorage Digital,KKR,kkr,New York,New York,honorable_mention,yes,unknown,,,,,wikipedia,https://en.wikipedia.org/wiki/Anchorage_Digital,https://en.wikipedia.org/wiki/Anchorage_Digital,https://en.wikipedia.org/wiki/Anchorage_Digital,https://www.kkr.com/
Apple Leisure Group,KKR,kkr,New York,New York,honorable_mention,yes,unknown,,,,,wikipedia,https://en.wikipedia.org/wiki/Apple_Leisure_Group,https://en.wikipedia.org/wiki/Apple_Leisure_Group,https://en.wikipedia.org/wiki/Apple_Leisure_Group,https://www.kkr.com/
Arctos Partners,KKR,kkr,New York,New York,honorable_mention,yes,unknown,,,,,wikipedia,https://en.wikipedia.org/wiki/Arctos_Partners,https://en.wikipedia.org/wiki/Arctos_Partners,https://en.wikipedia.org/wiki/Arctos_Partners,https://www.kkr.com/
Aricent,KKR,kkr,New York,New York,honorable_mention,yes,unknown,,,,,wikipedia,https://en.wikipedia.org/wiki/Aricent,https://en.wikipedia.org/wiki/Aricent,https://en.wikipedia.org/wiki/Aricent,https://www.kkr.com/
Arnott's Group,KKR,kkr,New York,New York,honorable_mention,yes,unknown,,,,,wikipedia,https://en.wikipedia.org/wiki/Arnott%27s_Group,https://en.wikipedia.org/wiki/Arnott%27s_Group,https://en.wikipedia.org/wiki/Arnott%27s_Group,https://www.kkr.com/
Australian Venue,KKR,kkr,New York,New York,honorable_mention,yes,unknown,,,,,wikipedia,https://en.wikipedia.org/wiki/Australian_Venue_Co.,https://en.wikipedia.org/wiki/Australian_Venue_Co.,https://en.wikipedia.org/wiki/Australian_Venue_Co.,https://www.kkr.com/
Avant (company),KKR,kkr,New York,New York,honorable_mention,yes,unknown,,,,,wikipedia,https://en.wikipedia.org/wiki/Avant_%28company%29,https://en.wikipedia.org/wiki/Avant_%28company%29,https://en.wikipedia.org/wiki/Avant_%28company%29,https://www.kkr.com/
Avantus,KKR,kkr,New York,New York,honorable_mention,yes,unknown,,,,,wikipedia,https://en.wikipedia.org/wiki/Avantus,https://en.wikipedia.org/wiki/Avantus,https://en.wikipedia.org/wiki/Avantus,https://www.kkr.com/
Axel Springer SE,KKR,kkr,New York,New York,honorable_mention,yes,unknown,,,,,wikipedia,https://en.wikipedia.org/wiki/Axel_Springer_SE,https://en.wikipedia.org/wiki/Axel_Springer_SE,https://en.wikipedia.org/wiki/Axel_Springer_SE,https://www.kkr.com/
Barracuda Networks,KKR,kkr,New York,New York,honorable_mention,yes,unknown,,,,,wikipedia,https://en.wikipedia.org/wiki/Barracuda_Networks,https://en.wikipedia.org/wiki/Barracuda_Networks,https://en.wikipedia.org/wiki/Barracuda_Networks,https://www.kkr.com/
Beatrice Foods,KKR,kkr,New York,New York,honorable_mention,yes,unknown,,,,,wikipedia,https://en.wikipedia.org/wiki/Beatrice_Foods,https://en.wikipedia.org/wiki/Beatrice_Foods,https://en.wikipedia.org/wiki/Beatrice_Foods,https://www.kkr.com/
Belk,KKR,kkr,New York,New York,honorable_mention,yes,unknown,,,,,wikipedia,https://en.wikipedia.org/wiki/Belk,https://en.wikipedia.org/wiki/Belk,https://en.wikipedia.org/wiki/Belk,https://www.kkr.com/
Big Table Group,KKR,kkr,New York,New York,honorable_mention,yes,unknown,,,,,wikipedia,https://en.wikipedia.org/wiki/The_Big_Table_Group,https://en.wikipedia.org/wiki/The_Big_Table_Group,https://en.wikipedia.org/wiki/The_Big_Table_Group,https://www.kkr.com/
Biomet,KKR,kkr,New York,New York,honorable_mention,yes,unknown,,,,,wikipedia,https://en.wikipedia.org/wiki/Biomet,https://en.wikipedia.org/wiki/Biomet,https://en.wikipedia.org/wiki/Biomet,https://www.kkr.com/
Blic,KKR,kkr,New York,New York,honorable_mention,yes,unknown,,,,,wikipedia,https://en.wikipedia.org/wiki/Blic,https://en.wikipedia.org/wiki/Blic,https://en.wikipedia.org/wiki/Blic,https://www.kkr.com/
BMC Software,KKR,kkr,New York,New York,honorable_mention,yes,unknown,,,,,wikipedia,https://en.wikipedia.org/wiki/BMC_Software,https://en.wikipedia.org/wiki/BMC_Software,https://en.wikipedia.org/wiki/BMC_Software,https://www.kkr.com/
BMG Rights Management,KKR,kkr,New York,New York,honorable_mention,yes,unknown,,,,,wikipedia,https://en.wikipedia.org/wiki/BMG_Rights_Management,https://en.wikipedia.org/wiki/BMG_Rights_Management,https://en.wikipedia.org/wiki/BMG_Rights_Management,https://www.kkr.com/
Boots (company),KKR,kkr,New York,New York,honorable_mention,yes,unknown,,,,,wikipedia,https://en.wikipedia.org/wiki/Boots_%28company%29,https://en.wikipedia.org/wiki/Boots_%28company%29,https://en.wikipedia.org/wiki/Boots_%28company%29,https://www.kkr.com/
Borden (company),KKR,kkr,New York,New York,honorable_mention,yes,unknown,,,,,wikipedia,https://en.wikipedia.org/wiki/Borden_%28company%29,https://en.wikipedia.org/wiki/Borden_%28company%29,https://en.wikipedia.org/wiki/Borden_%28company%29,https://www.kkr.com/
Borden Dairy,KKR,kkr,New York,New York,honorable_mention,yes,unknown,,,,,wikipedia,https://en.wikipedia.org/wiki/Borden_Dairy,https://en.wikipedia.org/wiki/Borden_Dairy,https://en.wikipedia.org/wiki/Borden_Dairy,https://www.kkr.com/
Bountiful,KKR,kkr,New York,New York,honorable_mention,yes,unknown,,,,,wikipedia,https://en.wikipedia.org/wiki/The_Bountiful_Company,https://en.wikipedia.org/wiki/The_Bountiful_Company,https://en.wikipedia.org/wiki/The_Bountiful_Company,https://www.kkr.com/
Box,KKR,kkr,New York,New York,honorable_mention,yes,unknown,,,,,wikipedia,https://en.wikipedia.org/wiki/Box%2C_Inc.,https://en.wikipedia.org/wiki/Box%2C_Inc.,https://en.wikipedia.org/wiki/Box%2C_Inc.,https://www.kkr.com/
Calisen,KKR,kkr,New York,New York,honorable_mention,yes,unknown,,,,,wikipedia,https://en.wikipedia.org/wiki/Calisen,https://en.wikipedia.org/wiki/Calisen,https://en.wikipedia.org/wiki/Calisen,https://www.kkr.com/
Capital Safety,KKR,kkr,New York,New York,honorable_mention,yes,unknown,,,,,wikipedia,https://en.wikipedia.org/wiki/Capital_Safety,https://en.wikipedia.org/wiki/Capital_Safety,https://en.wikipedia.org/wiki/Capital_Safety,https://www.kkr.com/
Capsugel,KKR,kkr,New York,New York,honorable_mention,yes,unknown,,,,,wikipedia,https://en.wikipedia.org/wiki/Capsugel,https://en.wikipedia.org/wiki/Capsugel,https://en.wikipedia.org/wiki/Capsugel,https://www.kkr.com/
Cardenas (supermarket),KKR,kkr,New York,New York,honorable_mention,yes,unknown,,,,,wikipedia,https://en.wikipedia.org/wiki/Cardenas_%28supermarket%29,https://en.wikipedia.org/wiki/Cardenas_%28supermarket%29,https://en.wikipedia.org/wiki/Cardenas_%28supermarket%29,https://www.kkr.com/
CarsDirect,KKR,kkr,New York,New York,honorable_mention,yes,unknown,,,,,wikipedia,https://en.wikipedia.org/wiki/CarsDirect,https://en.wikipedia.org/wiki/CarsDirect,https://en.wikipedia.org/wiki/CarsDirect,https://www.kkr.com/
Caruna,KKR,kkr,New York,New York,honorable_mention,yes,unknown,,,,,wikipedia,https://en.wikipedia.org/wiki/Caruna,https://en.wikipedia.org/wiki/Caruna,https://en.wikipedia.org/wiki/Caruna,https://www.kkr.com/
Centerplate,KKR,kkr,New York,New York,honorable_mention,yes,unknown,,,,,wikipedia,https://en.wikipedia.org/wiki/Centerplate,https://en.wikipedia.org/wiki/Centerplate,https://en.wikipedia.org/wiki/Centerplate,https://www.kkr.com/
Cherwell Software,KKR,kkr,New York,New York,honorable_mention,yes,unknown,,,,,wikipedia,https://en.wikipedia.org/wiki/Cherwell_Software,https://en.wikipedia.org/wiki/Cherwell_Software,https://en.wikipedia.org/wiki/Cherwell_Software,https://www.kkr.com/
Chi-Fou-Mi Productions,KKR,kkr,New York,New York,honorable_mention,yes,unknown,,,,,wikipedia,https://en.wikipedia.org/wiki/Chi-Fou-Mi_Productions,https://en.wikipedia.org/wiki/Chi-Fou-Mi_Productions,https://en.wikipedia.org/wiki/Chi-Fou-Mi_Productions,https://www.kkr.com/
Cleanaway,KKR,kkr,New York,New York,honorable_mention,yes,unknown,,,,,wikipedia,https://en.wikipedia.org/wiki/Cleanaway,https://en.wikipedia.org/wiki/Cleanaway,https://en.wikipedia.org/wiki/Cleanaway,https://www.kkr.com/
Cloudera,KKR,kkr,New York,New York,honorable_mention,yes,unknown,,,,,wikipedia,https://en.wikipedia.org/wiki/Cloudera,https://en.wikipedia.org/wiki/Cloudera,https://en.wikipedia.org/wiki/Cloudera,https://www.kkr.com/
Coastal GasLink pipeline,KKR,kkr,New York,New York,honorable_mention,yes,unknown,,,,,wikipedia,https://en.wikipedia.org/wiki/Coastal_GasLink_pipeline,https://en.wikipedia.org/wiki/Coastal_GasLink_pipeline,https://en.wikipedia.org/wiki/Coastal_GasLink_pipeline,https://www.kkr.com/
Cognita,KKR,kkr,New York,New York,honorable_mention,yes,unknown,,,,,wikipedia,https://en.wikipedia.org/wiki/Cognita,https://en.wikipedia.org/wiki/Cognita,https://en.wikipedia.org/wiki/Cognita,https://www.kkr.com/
Colonial First State,KKR,kkr,New York,New York,honorable_mention,yes,unknown,,,,,wikipedia,https://en.wikipedia.org/wiki/Colonial_First_State,https://en.wikipedia.org/wiki/Colonial_First_State,https://en.wikipedia.org/wiki/Colonial_First_State,https://www.kkr.com/
Colonial Pipeline,KKR,kkr,New York,New York,honorable_mention,yes,unknown,,,,,wikipedia,https://en.wikipedia.org/wiki/Colonial_Pipeline,https://en.wikipedia.org/wiki/Colonial_Pipeline,https://en.wikipedia.org/wiki/Colonial_Pipeline,https://www.kkr.com/
Colonie Center,KKR,kkr,New York,New York,honorable_mention,yes,unknown,,,,,wikipedia,https://en.wikipedia.org/wiki/Colonie_Center,https://en.wikipedia.org/wiki/Colonie_Center,https://en.wikipedia.org/wiki/Colonie_Center,https://www.kkr.com/
ContourGlobal,KKR,kkr,New York,New York,honorable_mention,yes,unknown,,,,,wikipedia,https://en.wikipedia.org/wiki/ContourGlobal,https://en.wikipedia.org/wiki/ContourGlobal,https://en.wikipedia.org/wiki/ContourGlobal,https://www.kkr.com/
Corel,KKR,kkr,New York,New York,honorable_mention,yes,unknown,,,,,wikipedia,https://en.wikipedia.org/wiki/Corel,https://en.wikipedia.org/wiki/Corel,https://en.wikipedia.org/wiki/Corel,https://www.kkr.com/
Cross River Bank,KKR,kkr,New York,New York,honorable_mention,yes,unknown,,,,,wikipedia,https://en.wikipedia.org/wiki/Cross_River_Bank,https://en.wikipedia.org/wiki/Cross_River_Bank,https://en.wikipedia.org/wiki/Cross_River_Bank,https://www.kkr.com/
CyrusOne,KKR,kkr,New York,New York,honorable_mention,yes,unknown,,,,,wikipedia,https://en.wikipedia.org/wiki/CyrusOne,https://en.wikipedia.org/wiki/CyrusOne,https://en.wikipedia.org/wiki/CyrusOne,https://www.kkr.com/
Del Monte Foods,KKR,kkr,New York,New York,honorable_mention,yes,unknown,,,,,wikipedia,https://en.wikipedia.org/wiki/Del_Monte_Foods,https://en.wikipedia.org/wiki/Del_Monte_Foods,https://en.wikipedia.org/wiki/Del_Monte_Foods,https://www.kkr.com/
Demag,KKR,kkr,New York,New York,honorable_mention,yes,unknown,,,,,wikipedia,https://en.wikipedia.org/wiki/Demag,https://en.wikipedia.org/wiki/Demag,https://en.wikipedia.org/wiki/Demag,https://www.kkr.com/
Dollar General,KKR,kkr,New York,New York,honorable_mention,yes,unknown,,,,,wikipedia,https://en.wikipedia.org/wiki/Dollar_General,https://en.wikipedia.org/wiki/Dollar_General,https://en.wikipedia.org/wiki/Dollar_General,https://www.kkr.com/
Eclipse ERP,KKR,kkr,New York,New York,honorable_mention,yes,unknown,,,,,wikipedia,https://en.wikipedia.org/wiki/Eclipse_ERP,https://en.wikipedia.org/wiki/Eclipse_ERP,https://en.wikipedia.org/wiki/Eclipse_ERP,https://www.kkr.com/
Energy Future Holdings,KKR,kkr,New York,New York,honorable_mention,yes,unknown,,,,,wikipedia,https://en.wikipedia.org/wiki/Energy_Future_Holdings,https://en.wikipedia.org/wiki/Energy_Future_Holdings,https://en.wikipedia.org/wiki/Energy_Future_Holdings,https://www.kkr.com/
Envision Healthcare,KKR,kkr,New York,New York,honorable_mention,yes,unknown,,,,,wikipedia,https://en.wikipedia.org/wiki/Envision_Healthcare,https://en.wikipedia.org/wiki/Envision_Healthcare,https://en.wikipedia.org/wiki/Envision_Healthcare,https://www.kkr.com/
Epicor,KKR,kkr,New York,New York,honorable_mention,yes,unknown,,,,,wikipedia,https://en.wikipedia.org/wiki/Epicor,https://en.wikipedia.org/wiki/Epicor,https://en.wikipedia.org/wiki/Epicor,https://www.kkr.com/
ERM (consultancy),KKR,kkr,New York,New York,honorable_mention,yes,unknown,,,,,wikipedia,https://en.wikipedia.org/wiki/ERM_%28consultancy%29,https://en.wikipedia.org/wiki/ERM_%28consultancy%29,https://en.wikipedia.org/wiki/ERM_%28consultancy%29,https://www.kkr.com/
Exact (company),KKR,kkr,New York,New York,honorable_mention,yes,unknown,,,,,wikipedia,https://en.wikipedia.org/wiki/Exact_%28company%29,https://en.wikipedia.org/wiki/Exact_%28company%29,https://en.wikipedia.org/wiki/Exact_%28company%29,https://www.kkr.com/
FGS Global,KKR,kkr,New York,New York,honorable_mention,yes,unknown,,,,,wikipedia,https://en.wikipedia.org/wiki/FGS_Global,https://en.wikipedia.org/wiki/FGS_Global,https://en.wikipedia.org/wiki/FGS_Global,https://www.kkr.com/
First Data,KKR,kkr,New York,New York,honorable_mention,yes,unknown,,,,,wikipedia,https://en.wikipedia.org/wiki/First_Data,https://en.wikipedia.org/wiki/First_Data,https://en.wikipedia.org/wiki/First_Data,https://www.kkr.com/
Fiserv,KKR,kkr,New York,New York,honorable_mention,yes,unknown,,,,,wikipedia,https://en.wikipedia.org/wiki/Fiserv,https://en.wikipedia.org/wiki/Fiserv,https://en.wikipedia.org/wiki/Fiserv,https://www.kkr.com/
Fleet Farm,KKR,kkr,New York,New York,honorable_mention,yes,unknown,,,,,wikipedia,https://en.wikipedia.org/wiki/Fleet_Farm,https://en.wikipedia.org/wiki/Fleet_Farm,https://en.wikipedia.org/wiki/Fleet_Farm,https://www.kkr.com/
Flora Food Group,KKR,kkr,New York,New York,honorable_mention,yes,unknown,,,,,wikipedia,https://en.wikipedia.org/wiki/Flora_Food_Group,https://en.wikipedia.org/wiki/Flora_Food_Group,https://en.wikipedia.org/wiki/Flora_Food_Group,https://www.kkr.com/
Fred Meyer,KKR,kkr,New York,New York,honorable_mention,yes,unknown,,,,,wikipedia,https://en.wikipedia.org/wiki/Fred_Meyer,https://en.wikipedia.org/wiki/Fred_Meyer,https://en.wikipedia.org/wiki/Fred_Meyer,https://www.kkr.com/
Gibson (guitar company),KKR,kkr,New York,New York,honorable_mention,yes,unknown,,,,,wikipedia,https://en.wikipedia.org/wiki/Gibson_%28guitar_company%29,https://en.wikipedia.org/wiki/Gibson_%28guitar_company%29,https://en.wikipedia.org/wiki/Gibson_%28guitar_company%29,https://www.kkr.com/
GoDaddy,KKR,kkr,New York,New York,honorable_mention,yes,unknown,,,,,wikipedia,https://en.wikipedia.org/wiki/GoDaddy,https://en.wikipedia.org/wiki/GoDaddy,https://en.wikipedia.org/wiki/GoDaddy,https://www.kkr.com/
Gojek,KKR,kkr,New York,New York,honorable_mention,yes,unknown,,,,,wikipedia,https://en.wikipedia.org/wiki/Gojek,https://en.wikipedia.org/wiki/Gojek,https://en.wikipedia.org/wiki/Gojek,https://www.kkr.com/
Good Hair Day,KKR,kkr,New York,New York,honorable_mention,yes,unknown,,,,,wikipedia,https://en.wikipedia.org/wiki/Good_Hair_Day,https://en.wikipedia.org/wiki/Good_Hair_Day,https://en.wikipedia.org/wiki/Good_Hair_Day,https://www.kkr.com/
GreenSky,KKR,kkr,New York,New York,honorable_mention,yes,unknown,,,,,wikipedia,https://en.wikipedia.org/wiki/GreenSky,https://en.wikipedia.org/wiki/GreenSky,https://en.wikipedia.org/wiki/GreenSky,https://www.kkr.com/
HCA Healthcare,KKR,kkr,New York,New York,honorable_mention,yes,unknown,,,,,wikipedia,https://en.wikipedia.org/wiki/HCA_Healthcare,https://en.wikipedia.org/wiki/HCA_Healthcare,https://en.wikipedia.org/wiki/HCA_Healthcare,https://www.kkr.com/
Hensoldt,KKR,kkr,New York,New York,honorable_mention,yes,unknown,,,,,wikipedia,https://en.wikipedia.org/wiki/Hensoldt,https://en.wikipedia.org/wiki/Hensoldt,https://en.wikipedia.org/wiki/Hensoldt,https://www.kkr.com/
Houdaille Industries,KKR,kkr,New York,New York,honorable_mention,yes,unknown,,,,,wikipedia,https://en.wikipedia.org/wiki/Houdaille_Industries,https://en.wikipedia.org/wiki/Houdaille_Industries,https://en.wikipedia.org/wiki/Houdaille_Industries,https://www.kkr.com/
Hyperoptic,KKR,kkr,New York,New York,honorable_mention,yes,unknown,,,,,wikipedia,https://en.wikipedia.org/wiki/Hyperoptic,https://en.wikipedia.org/wiki/Hyperoptic,https://en.wikipedia.org/wiki/Hyperoptic,https://www.kkr.com/
ICON,KKR,kkr,New York,New York,honorable_mention,yes,unknown,,,,,wikipedia,https://en.wikipedia.org/wiki/ICON_PLC,https://en.wikipedia.org/wiki/ICON_PLC,https://en.wikipedia.org/wiki/ICON_PLC,https://www.kkr.com/
IndiGrid,KKR,kkr,New York,New York,honorable_mention,yes,unknown,,,,,wikipedia,https://en.wikipedia.org/wiki/IndiGrid,https://en.wikipedia.org/wiki/IndiGrid,https://en.wikipedia.org/wiki/IndiGrid,https://www.kkr.com/
Ingersoll Rand,KKR,kkr,New York,New York,honorable_mention,yes,unknown,,,,,wikipedia,https://en.wikipedia.org/wiki/Ingersoll_Rand,https://en.wikipedia.org/wiki/Ingersoll_Rand,https://en.wikipedia.org/wiki/Ingersoll_Rand,https://www.kkr.com/
Instructure,KKR,kkr,New York,New York,honorable_mention,yes,unknown,,,,,wikipedia,https://en.wikipedia.org/wiki/Instructure,https://en.wikipedia.org/wiki/Instructure,https://en.wikipedia.org/wiki/Instructure,https://www.kkr.com/
Internet Brands,KKR,kkr,New York,New York,honorable_mention,yes,unknown,,,,,wikipedia,https://en.wikipedia.org/wiki/Internet_Brands,https://en.wikipedia.org/wiki/Internet_Brands,https://en.wikipedia.org/wiki/Internet_Brands,https://www.kkr.com/
Jio Platforms,KKR,kkr,New York,New York,honorable_mention,yes,unknown,,,,,wikipedia,https://en.wikipedia.org/wiki/Jio_Platforms,https://en.wikipedia.org/wiki/Jio_Platforms,https://en.wikipedia.org/wiki/Jio_Platforms,https://www.kkr.com/
John Laing Group,KKR,kkr,New York,New York,honorable_mention,yes,unknown,,,,,wikipedia,https://en.wikipedia.org/wiki/John_Laing_Group,https://en.wikipedia.org/wiki/John_Laing_Group,https://en.wikipedia.org/wiki/John_Laing_Group,https://www.kkr.com/
Kanopy,KKR,kkr,New York,New York,honorable_mention,yes,unknown,,,,,wikipedia,https://en.wikipedia.org/wiki/Kanopy,https://en.wikipedia.org/wiki/Kanopy,https://en.wikipedia.org/wiki/Kanopy,https://www.kkr.com/
KinderCare Learning Centers,KKR,kkr,New York,New York,honorable_mention,yes,unknown,,,,,wikipedia,https://en.wikipedia.org/wiki/KinderCare_Learning_Centers,https://en.wikipedia.org/wiki/KinderCare_Learning_Centers,https://en.wikipedia.org/wiki/KinderCare_Learning_Centers,https://www.kkr.com/
KION Group,KKR,kkr,New York,New York,honorable_mention,yes,unknown,,,,,wikipedia,https://en.wikipedia.org/wiki/KION_Group,https://en.wikipedia.org/wiki/KION_Group,https://en.wikipedia.org/wiki/KION_Group,https://www.kkr.com/
KKR &,KKR,kkr,New York,New York,honorable_mention,yes,unknown,,,,,wikipedia,https://en.wikipedia.org/wiki/KKR_%26_Co.,https://en.wikipedia.org/wiki/KKR_%26_Co.,https://en.wikipedia.org/wiki/KKR_%26_Co.,https://www.kkr.com/
Landis+Gyr,KKR,kkr,New York,New York,honorable_mention,yes,unknown,,,,,wikipedia,https://en.wikipedia.org/wiki/Landis%2BGyr,https://en.wikipedia.org/wiki/Landis%2BGyr,https://en.wikipedia.org/wiki/Landis%2BGyr,https://www.kkr.com/
Latitude Financial Services,KKR,kkr,New York,New York,honorable_mention,yes,unknown,,,,,wikipedia,https://en.wikipedia.org/wiki/Latitude_Financial_Services,https://en.wikipedia.org/wiki/Latitude_Financial_Services,https://en.wikipedia.org/wiki/Latitude_Financial_Services,https://www.kkr.com/
Legrand (company),KKR,kkr,New York,New York,honorable_mention,yes,unknown,,,,,wikipedia,https://en.wikipedia.org/wiki/Legrand_%28company%29,https://en.wikipedia.org/wiki/Legrand_%28company%29,https://en.wikipedia.org/wiki/Legrand_%28company%29,https://www.kkr.com/
Lenskart,KKR,kkr,New York,New York,honorable_mention,yes,unknown,,,,,wikipedia,https://en.wikipedia.org/wiki/Lenskart,https://en.wikipedia.org/wiki/Lenskart,https://en.wikipedia.org/wiki/Lenskart,https://www.kkr.com/
Leonine Holding,KKR,kkr,New York,New York,honorable_mention,yes,unknown,,,,,wikipedia,https://en.wikipedia.org/wiki/Leonine_Holding,https://en.wikipedia.org/wiki/Leonine_Holding,https://en.wikipedia.org/wiki/Leonine_Holding,https://www.kkr.com/
LGC,KKR,kkr,New York,New York,honorable_mention,yes,unknown,,,,,wikipedia,https://en.wikipedia.org/wiki/LGC_Ltd,https://en.wikipedia.org/wiki/LGC_Ltd,https://en.wikipedia.org/wiki/LGC_Ltd,https://www.kkr.com/
Lighthouse Learning,KKR,kkr,New York,New York,honorable_mention,yes,unknown,,,,,wikipedia,https://en.wikipedia.org/wiki/Lighthouse_Learning,https://en.wikipedia.org/wiki/Lighthouse_Learning,https://en.wikipedia.org/wiki/Lighthouse_Learning,https://www.kkr.com/
Livspace,KKR,kkr,New York,New York,honorable_mention,yes,unknown,,,,,wikipedia,https://en.wikipedia.org/wiki/Livspace,https://en.wikipedia.org/wiki/Livspace,https://en.wikipedia.org/wiki/Livspace,https://www.kkr.com/
Longview Power Plant,KKR,kkr,New York,New York,honorable_mention,yes,unknown,,,,,wikipedia,https://en.wikipedia.org/wiki/Longview_Power_Plant,https://en.wikipedia.org/wiki/Longview_Power_Plant,https://en.wikipedia.org/wiki/Longview_Power_Plant,https://www.kkr.com/
Marelli Europe,KKR,kkr,New York,New York,honorable_mention,yes,unknown,,,,,wikipedia,https://en.wikipedia.org/wiki/Marelli_Europe,https://en.wikipedia.org/wiki/Marelli_Europe,https://en.wikipedia.org/wiki/Marelli_Europe,https://www.kkr.com/
Marelli Holdings,KKR,kkr,New York,New York,honorable_mention,yes,unknown,,,,,wikipedia,https://en.wikipedia.org/wiki/Marelli_Holdings,https://en.wikipedia.org/wiki/Marelli_Holdings,https://en.wikipedia.org/wiki/Marelli_Holdings,https://www.kkr.com/
Marshall Wace,KKR,kkr,New York,New York,honorable_mention,yes,unknown,,,,,wikipedia,https://en.wikipedia.org/wiki/Marshall_Wace,https://en.wikipedia.org/wiki/Marshall_Wace,https://en.wikipedia.org/wiki/Marshall_Wace,https://www.kkr.com/
Masan Group,KKR,kkr,New York,New York,honorable_mention,yes,unknown,,,,,wikipedia,https://en.wikipedia.org/wiki/Masan_Group,https://en.wikipedia.org/wiki/Masan_Group,https://en.wikipedia.org/wiki/Masan_Group,https://www.kkr.com/
Max Healthcare,KKR,kkr,New York,New York,honorable_mention,yes,unknown,,,,,wikipedia,https://en.wikipedia.org/wiki/Max_Healthcare,https://en.wikipedia.org/wiki/Max_Healthcare,https://en.wikipedia.org/wiki/Max_Healthcare,https://www.kkr.com/
Maxeda,KKR,kkr,New York,New York,honorable_mention,yes,unknown,,,,,wikipedia,https://en.wikipedia.org/wiki/Maxeda,https://en.wikipedia.org/wiki/Maxeda,https://en.wikipedia.org/wiki/Maxeda,https://www.kkr.com/
Mehiläinen,KKR,kkr,New York,New York,honorable_mention,yes,unknown,,,,,wikipedia,https://en.wikipedia.org/wiki/Mehil%C3%A4inen,https://en.wikipedia.org/wiki/Mehil%C3%A4inen,https://en.wikipedia.org/wiki/Mehil%C3%A4inen,https://www.kkr.com/
Metabo,KKR,kkr,New York,New York,honorable_mention,yes,unknown,,,,,wikipedia,https://en.wikipedia.org/wiki/Metabo,https://en.wikipedia.org/wiki/Metabo,https://en.wikipedia.org/wiki/Metabo,https://www.kkr.com/
Metropolis Healthcare,KKR,kkr,New York,New York,honorable_mention,yes,unknown,,,,,wikipedia,https://en.wikipedia.org/wiki/Metropolis_Healthcare,https://en.wikipedia.org/wiki/Metropolis_Healthcare,https://en.wikipedia.org/wiki/Metropolis_Healthcare,https://www.kkr.com/
Mi Pueblo Food Center,KKR,kkr,New York,New York,honorable_mention,yes,unknown,,,,,wikipedia,https://en.wikipedia.org/wiki/Mi_Pueblo_Food_Center,https://en.wikipedia.org/wiki/Mi_Pueblo_Food_Center,https://en.wikipedia.org/wiki/Mi_Pueblo_Food_Center,https://www.kkr.com/
Modern Dairy,KKR,kkr,New York,New York,honorable_mention,yes,unknown,,,,,wikipedia,https://en.wikipedia.org/wiki/Modern_Dairy,https://en.wikipedia.org/wiki/Modern_Dairy,https://en.wikipedia.org/wiki/Modern_Dairy,https://www.kkr.com/
MTU Aero Engines,KKR,kkr,New York,New York,honorable_mention,yes,unknown,,,,,wikipedia,https://en.wikipedia.org/wiki/MTU_Aero_Engines,https://en.wikipedia.org/wiki/MTU_Aero_Engines,https://en.wikipedia.org/wiki/MTU_Aero_Engines,https://www.kkr.com/
MYOB (company),KKR,kkr,New York,New York,honorable_mention,yes,unknown,,,,,wikipedia,https://en.wikipedia.org/wiki/MYOB_%28company%29,https://en.wikipedia.org/wiki/MYOB_%28company%29,https://en.wikipedia.org/wiki/MYOB_%28company%29,https://www.kkr.com/
NEC Software Solutions,KKR,kkr,New York,New York,honorable_mention,yes,unknown,,,,,wikipedia,https://en.wikipedia.org/wiki/NEC_Software_Solutions,https://en.wikipedia.org/wiki/NEC_Software_Solutions,https://en.wikipedia.org/wiki/NEC_Software_Solutions,https://www.kkr.com/
Ness Digital Engineering,KKR,kkr,New York,New York,honorable_mention,yes,unknown,,,,,wikipedia,https://en.wikipedia.org/wiki/Ness_Digital_Engineering,https://en.wikipedia.org/wiki/Ness_Digital_Engineering,https://en.wikipedia.org/wiki/Ness_Digital_Engineering,https://www.kkr.com/
Nexon,KKR,kkr,New York,New York,honorable_mention,yes,unknown,,,,,wikipedia,https://en.wikipedia.org/wiki/Nexon,https://en.wikipedia.org/wiki/Nexon,https://en.wikipedia.org/wiki/Nexon,https://www.kkr.com/
Nielsen Holdings,KKR,kkr,New York,New York,honorable_mention,yes,unknown,,,,,wikipedia,https://en.wikipedia.org/wiki/Nielsen_Holdings,https://en.wikipedia.org/wiki/Nielsen_Holdings,https://en.wikipedia.org/wiki/Nielsen_Holdings,https://www.kkr.com/
Nielsen Media Research,KKR,kkr,New York,New York,honorable_mention,yes,unknown,,,,,wikipedia,https://en.wikipedia.org/wiki/Nielsen_Media_Research,https://en.wikipedia.org/wiki/Nielsen_Media_Research,https://en.wikipedia.org/wiki/Nielsen_Media_Research,https://www.kkr.com/
NXP Semiconductors,KKR,kkr,New York,New York,honorable_mention,yes,unknown,,,,,wikipedia,https://en.wikipedia.org/wiki/NXP_Semiconductors,https://en.wikipedia.org/wiki/NXP_Semiconductors,https://en.wikipedia.org/wiki/NXP_Semiconductors,https://www.kkr.com/
Oasis Shopping Centre,KKR,kkr,New York,New York,honorable_mention,yes,unknown,,,,,wikipedia,https://en.wikipedia.org/wiki/Oasis_Shopping_Centre,https://en.wikipedia.org/wiki/Oasis_Shopping_Centre,https://en.wikipedia.org/wiki/Oasis_Shopping_Centre,https://www.kkr.com/
Optiv,KKR,kkr,New York,New York,honorable_mention,yes,unknown,,,,,wikipedia,https://en.wikipedia.org/wiki/Optiv,https://en.wikipedia.org/wiki/Optiv,https://en.wikipedia.org/wiki/Optiv,https://www.kkr.com/
Oriental Brewery,KKR,kkr,New York,New York,honorable_mention,yes,unknown,,,,,wikipedia,https://en.wikipedia.org/wiki/Oriental_Brewery,https://en.wikipedia.org/wiki/Oriental_Brewery,https://en.wikipedia.org/wiki/Oriental_Brewery,https://www.kkr.com/
OutSystems,KKR,kkr,New York,New York,honorable_mention,yes,unknown,,,,,wikipedia,https://en.wikipedia.org/wiki/OutSystems,https://en.wikipedia.org/wiki/OutSystems,https://en.wikipedia.org/wiki/OutSystems,https://www.kkr.com/
OverDrive,KKR,kkr,New York,New York,honorable_mention,yes,unknown,,,,,wikipedia,https://en.wikipedia.org/wiki/OverDrive%2C_Inc.,https://en.wikipedia.org/wiki/OverDrive%2C_Inc.,https://en.wikipedia.org/wiki/OverDrive%2C_Inc.,https://www.kkr.com/
OVHcloud,KKR,kkr,New York,New York,honorable_mention,yes,unknown,,,,,wikipedia,https://en.wikipedia.org/wiki/OVHcloud,https://en.wikipedia.org/wiki/OVHcloud,https://en.wikipedia.org/wiki/OVHcloud,https://www.kkr.com/
PanAmSat,KKR,kkr,New York,New York,honorable_mention,yes,unknown,,,,,wikipedia,https://en.wikipedia.org/wiki/PanAmSat,https://en.wikipedia.org/wiki/PanAmSat,https://en.wikipedia.org/wiki/PanAmSat,https://www.kkr.com/
Paramount Skydance,KKR,kkr,New York,New York,honorable_mention,yes,unknown,,,,,wikipedia,https://en.wikipedia.org/wiki/Paramount_Skydance,https://en.wikipedia.org/wiki/Paramount_Skydance,https://en.wikipedia.org/wiki/Paramount_Skydance,https://www.kkr.com/
Pepper Money,KKR,kkr,New York,New York,honorable_mention,yes,unknown,,,,,wikipedia,https://en.wikipedia.org/wiki/Pepper_Money,https://en.wikipedia.org/wiki/Pepper_Money,https://en.wikipedia.org/wiki/Pepper_Money,https://www.kkr.com/
Pets at Home,KKR,kkr,New York,New York,honorable_mention,yes,unknown,,,,,wikipedia,https://en.wikipedia.org/wiki/Pets_at_Home,https://en.wikipedia.org/wiki/Pets_at_Home,https://en.wikipedia.org/wiki/Pets_at_Home,https://www.kkr.com/
PharMerica,KKR,kkr,New York,New York,honorable_mention,yes,unknown,,,,,wikipedia,https://en.wikipedia.org/wiki/PharMerica,https://en.wikipedia.org/wiki/PharMerica,https://en.wikipedia.org/wiki/PharMerica,https://www.kkr.com/
Pioneer DJ,KKR,kkr,New York,New York,honorable_mention,yes,unknown,,,,,wikipedia,https://en.wikipedia.org/wiki/Pioneer_DJ,https://en.wikipedia.org/wiki/Pioneer_DJ,https://en.wikipedia.org/wiki/Pioneer_DJ,https://www.kkr.com/
PortAventura Park,KKR,kkr,New York,New York,honorable_mention,yes,unknown,,,,,wikipedia,https://en.wikipedia.org/wiki/PortAventura_Park,https://en.wikipedia.org/wiki/PortAventura_Park,https://en.wikipedia.org/wiki/PortAventura_Park,https://www.kkr.com/
PortAventura World,KKR,kkr,New York,New York,honorable_mention,yes,unknown,,,,,wikipedia,https://en.wikipedia.org/wiki/PortAventura_World,https://en.wikipedia.org/wiki/PortAventura_World,https://en.wikipedia.org/wiki/PortAventura_World,https://www.kkr.com/
ProSieben,KKR,kkr,New York,New York,honorable_mention,yes,unknown,,,,,wikipedia,https://en.wikipedia.org/wiki/ProSieben,https://en.wikipedia.org/wiki/ProSieben,https://en.wikipedia.org/wiki/ProSieben,https://www.kkr.com/
ProSiebenSat.1 Media,KKR,kkr,New York,New York,honorable_mention,yes,unknown,,,,,wikipedia,https://en.wikipedia.org/wiki/ProSiebenSat.1_Media,https://en.wikipedia.org/wiki/ProSiebenSat.1_Media,https://en.wikipedia.org/wiki/ProSiebenSat.1_Media,https://www.kkr.com/
Queensland Airports,KKR,kkr,New York,New York,honorable_mention,yes,unknown,,,,,wikipedia,https://en.wikipedia.org/wiki/Queensland_Airports,https://en.wikipedia.org/wiki/Queensland_Airports,https://en.wikipedia.org/wiki/Queensland_Airports,https://www.kkr.com/
Randalls,KKR,kkr,New York,New York,honorable_mention,yes,unknown,,,,,wikipedia,https://en.wikipedia.org/wiki/Randalls,https://en.wikipedia.org/wiki/Randalls,https://en.wikipedia.org/wiki/Randalls,https://www.kkr.com/
Reliance Retail,KKR,kkr,New York,New York,honorable_mention,yes,unknown,,,,,wikipedia,https://en.wikipedia.org/wiki/Reliance_Retail,https://en.wikipedia.org/wiki/Reliance_Retail,https://en.wikipedia.org/wiki/Reliance_Retail,https://www.kkr.com/
Rent Group,KKR,kkr,New York,New York,honorable_mention,yes,unknown,,,,,wikipedia,https://en.wikipedia.org/wiki/Rent_Group,https://en.wikipedia.org/wiki/Rent_Group,https://en.wikipedia.org/wiki/Rent_Group,https://www.kkr.com/
Ritchies Transport,KKR,kkr,New York,New York,honorable_mention,yes,unknown,,,,,wikipedia,https://en.wikipedia.org/wiki/Ritchies_Transport,https://en.wikipedia.org/wiki/Ritchies_Transport,https://en.wikipedia.org/wiki/Ritchies_Transport,https://www.kkr.com/
RJR Nabisco,KKR,kkr,New York,New York,honorable_mention,yes,unknown,,,,,wikipedia,https://en.wikipedia.org/wiki/RJR_Nabisco,https://en.wikipedia.org/wiki/RJR_Nabisco,https://en.wikipedia.org/wiki/RJR_Nabisco,https://www.kkr.com/
Safeway,KKR,kkr,New York,New York,honorable_mention,yes,unknown,,,,,wikipedia,https://en.wikipedia.org/wiki/Safeway,https://en.wikipedia.org/wiki/Safeway,https://en.wikipedia.org/wiki/Safeway,https://www.kkr.com/
SBS Broadcasting Group,KKR,kkr,New York,New York,honorable_mention,yes,unknown,,,,,wikipedia,https://en.wikipedia.org/wiki/SBS_Broadcasting_Group,https://en.wikipedia.org/wiki/SBS_Broadcasting_Group,https://en.wikipedia.org/wiki/SBS_Broadcasting_Group,https://www.kkr.com/
Seiyu Group,KKR,kkr,New York,New York,honorable_mention,yes,unknown,,,,,wikipedia,https://en.wikipedia.org/wiki/Seiyu_Group,https://en.wikipedia.org/wiki/Seiyu_Group,https://en.wikipedia.org/wiki/Seiyu_Group,https://www.kkr.com/
Selecta (company),KKR,kkr,New York,New York,honorable_mention,yes,unknown,,,,,wikipedia,https://en.wikipedia.org/wiki/Selecta_%28company%29,https://en.wikipedia.org/wiki/Selecta_%28company%29,https://en.wikipedia.org/wiki/Selecta_%28company%29,https://www.kkr.com/
Shoppers Drug Mart,KKR,kkr,New York,New York,honorable_mention,yes,unknown,,,,,wikipedia,https://en.wikipedia.org/wiki/Shoppers_Drug_Mart,https://en.wikipedia.org/wiki/Shoppers_Drug_Mart,https://en.wikipedia.org/wiki/Shoppers_Drug_Mart,https://www.kkr.com/
Simon & Schuster,KKR,kkr,New York,New York,honorable_mention,yes,unknown,,,,,wikipedia,https://en.wikipedia.org/wiki/Simon_%26_Schuster,https://en.wikipedia.org/wiki/Simon_%26_Schuster,https://en.wikipedia.org/wiki/Simon_%26_Schuster,https://www.kkr.com/
Skydance Media,KKR,kkr,New York,New York,honorable_mention,yes,unknown,,,,,wikipedia,https://en.wikipedia.org/wiki/Skydance_Media,https://en.wikipedia.org/wiki/Skydance_Media,https://en.wikipedia.org/wiki/Skydance_Media,https://www.kkr.com/
Smart Metering Systems,KKR,kkr,New York,New York,honorable_mention,yes,unknown,,,,,wikipedia,https://en.wikipedia.org/wiki/Smart_Metering_Systems,https://en.wikipedia.org/wiki/Smart_Metering_Systems,https://en.wikipedia.org/wiki/Smart_Metering_Systems,https://www.kkr.com/
SMCP Group,KKR,kkr,New York,New York,honorable_mention,yes,unknown,,,,,wikipedia,https://en.wikipedia.org/wiki/SMCP_Group,https://en.wikipedia.org/wiki/SMCP_Group,https://en.wikipedia.org/wiki/SMCP_Group,https://www.kkr.com/
Sofitel Sydney Wentworth,KKR,kkr,New York,New York,honorable_mention,yes,unknown,,,,,wikipedia,https://en.wikipedia.org/wiki/Sofitel_Sydney_Wentworth,https://en.wikipedia.org/wiki/Sofitel_Sydney_Wentworth,https://en.wikipedia.org/wiki/Sofitel_Sydney_Wentworth,https://www.kkr.com/
Sonos,KKR,kkr,New York,New York,honorable_mention,yes,unknown,,,,,wikipedia,https://en.wikipedia.org/wiki/Sonos,https://en.wikipedia.org/wiki/Sonos,https://en.wikipedia.org/wiki/Sonos,https://www.kkr.com/
South Staffordshire Water,KKR,kkr,New York,New York,honorable_mention,yes,unknown,,,,,wikipedia,https://en.wikipedia.org/wiki/South_Staffordshire_Water,https://en.wikipedia.org/wiki/South_Staffordshire_Water,https://en.wikipedia.org/wiki/South_Staffordshire_Water,https://www.kkr.com/
Spalding (company),KKR,kkr,New York,New York,honorable_mention,yes,unknown,,,,,wikipedia,https://en.wikipedia.org/wiki/Spalding_%28company%29,https://en.wikipedia.org/wiki/Spalding_%28company%29,https://en.wikipedia.org/wiki/Spalding_%28company%29,https://www.kkr.com/
Spark Infrastructure,KKR,kkr,New York,New York,honorable_mention,yes,unknown,,,,,wikipedia,https://en.wikipedia.org/wiki/Spark_Infrastructure,https://en.wikipedia.org/wiki/Spark_Infrastructure,https://en.wikipedia.org/wiki/Spark_Infrastructure,https://www.kkr.com/
Spectris,KKR,kkr,New York,New York,honorable_mention,yes,unknown,,,,,wikipedia,https://en.wikipedia.org/wiki/Spectris,https://en.wikipedia.org/wiki/Spectris,https://en.wikipedia.org/wiki/Spectris,https://www.kkr.com/
Storer Communications,KKR,kkr,New York,New York,honorable_mention,yes,unknown,,,,,wikipedia,https://en.wikipedia.org/wiki/Storer_Communications,https://en.wikipedia.org/wiki/Storer_Communications,https://en.wikipedia.org/wiki/Storer_Communications,https://www.kkr.com/
Sun Microsystems,KKR,kkr,New York,New York,honorable_mention,yes,unknown,,,,,wikipedia,https://en.wikipedia.org/wiki/Sun_Microsystems,https://en.wikipedia.org/wiki/Sun_Microsystems,https://en.wikipedia.org/wiki/Sun_Microsystems,https://www.kkr.com/
SunGard,KKR,kkr,New York,New York,honorable_mention,yes,unknown,,,,,wikipedia,https://en.wikipedia.org/wiki/SunGard,https://en.wikipedia.org/wiki/SunGard,https://en.wikipedia.org/wiki/SunGard,https://www.kkr.com/
Sungard Availability Services,KKR,kkr,New York,New York,honorable_mention,yes,unknown,,,,,wikipedia,https://en.wikipedia.org/wiki/Sungard_Availability_Services,https://en.wikipedia.org/wiki/Sungard_Availability_Services,https://en.wikipedia.org/wiki/Sungard_Availability_Services,https://www.kkr.com/
SVP Worldwide,KKR,kkr,New York,New York,honorable_mention,yes,unknown,,,,,wikipedia,https://en.wikipedia.org/wiki/SVP_Worldwide,https://en.wikipedia.org/wiki/SVP_Worldwide,https://en.wikipedia.org/wiki/SVP_Worldwide,https://www.kkr.com/
Talpa TV,KKR,kkr,New York,New York,honorable_mention,yes,unknown,,,,,wikipedia,https://en.wikipedia.org/wiki/Talpa_TV,https://en.wikipedia.org/wiki/Talpa_TV,https://en.wikipedia.org/wiki/Talpa_TV,https://www.kkr.com/
Tarkett,KKR,kkr,New York,New York,honorable_mention,yes,unknown,,,,,wikipedia,https://en.wikipedia.org/wiki/Tarkett,https://en.wikipedia.org/wiki/Tarkett,https://en.wikipedia.org/wiki/Tarkett,https://www.kkr.com/
TASC,KKR,kkr,New York,New York,honorable_mention,yes,unknown,,,,,wikipedia,https://en.wikipedia.org/wiki/TASC%2C_Inc.,https://en.wikipedia.org/wiki/TASC%2C_Inc.,https://en.wikipedia.org/wiki/TASC%2C_Inc.,https://www.kkr.com/
TDC Holding A/S,KKR,kkr,New York,New York,honorable_mention,yes,unknown,,,,,wikipedia,https://en.wikipedia.org/wiki/TDC_Holding_A/S,https://en.wikipedia.org/wiki/TDC_Holding_A/S,https://en.wikipedia.org/wiki/TDC_Holding_A/S,https://www.kkr.com/
Telxius,KKR,kkr,New York,New York,honorable_mention,yes,unknown,,,,,wikipedia,https://en.wikipedia.org/wiki/Telxius,https://en.wikipedia.org/wiki/Telxius,https://en.wikipedia.org/wiki/Telxius,https://www.kkr.com/
Topcon,KKR,kkr,New York,New York,honorable_mention,yes,unknown,,,,,wikipedia,https://en.wikipedia.org/wiki/Topcon,https://en.wikipedia.org/wiki/Topcon,https://en.wikipedia.org/wiki/Topcon,https://www.kkr.com/
"Toys ""R"" Us",KKR,kkr,New York,New York,honorable_mention,yes,unknown,,,,,wikipedia,https://en.wikipedia.org/wiki/Toys_%22R%22_Us,https://en.wikipedia.org/wiki/Toys_%22R%22_Us,https://en.wikipedia.org/wiki/Toys_%22R%22_Us,https://www.kkr.com/
Trainline,KKR,kkr,New York,New York,honorable_mention,yes,unknown,,,,,wikipedia,https://en.wikipedia.org/wiki/Trainline,https://en.wikipedia.org/wiki/Trainline,https://en.wikipedia.org/wiki/Trainline,https://www.kkr.com/
Trainline EU,KKR,kkr,New York,New York,honorable_mention,yes,unknown,,,,,wikipedia,https://en.wikipedia.org/wiki/Trainline_EU,https://en.wikipedia.org/wiki/Trainline_EU,https://en.wikipedia.org/wiki/Trainline_EU,https://www.kkr.com/
Trans World Corporation,KKR,kkr,New York,New York,honorable_mention,yes,unknown,,,,,wikipedia,https://en.wikipedia.org/wiki/Trans_World_Corporation,https://en.wikipedia.org/wiki/Trans_World_Corporation,https://en.wikipedia.org/wiki/Trans_World_Corporation,https://www.kkr.com/
Transphorm,KKR,kkr,New York,New York,honorable_mention,yes,unknown,,,,,wikipedia,https://en.wikipedia.org/wiki/Transphorm,https://en.wikipedia.org/wiki/Transphorm,https://en.wikipedia.org/wiki/Transphorm,https://www.kkr.com/
TXU Energy,KKR,kkr,New York,New York,honorable_mention,yes,unknown,,,,,wikipedia,https://en.wikipedia.org/wiki/TXU_Energy,https://en.wikipedia.org/wiki/TXU_Energy,https://en.wikipedia.org/wiki/TXU_Energy,https://www.kkr.com/
Ultimate Fighting Championship,KKR,kkr,New York,New York,honorable_mention,yes,unknown,,,,,wikipedia,https://en.wikipedia.org/wiki/Ultimate_Fighting_Championship,https://en.wikipedia.org/wiki/Ultimate_Fighting_Championship,https://en.wikipedia.org/wiki/Ultimate_Fighting_Championship,https://www.kkr.com/
United Envirotech,KKR,kkr,New York,New York,honorable_mention,yes,unknown,,,,,wikipedia,https://en.wikipedia.org/wiki/United_Envirotech,https://en.wikipedia.org/wiki/United_Envirotech,https://en.wikipedia.org/wiki/United_Envirotech,https://www.kkr.com/
United Group,KKR,kkr,New York,New York,honorable_mention,yes,unknown,,,,,wikipedia,https://en.wikipedia.org/wiki/United_Group,https://en.wikipedia.org/wiki/United_Group,https://en.wikipedia.org/wiki/United_Group,https://www.kkr.com/
US Foods,KKR,kkr,New York,New York,honorable_mention,yes,unknown,,,,,wikipedia,https://en.wikipedia.org/wiki/US_Foods,https://en.wikipedia.org/wiki/US_Foods,https://en.wikipedia.org/wiki/US_Foods,https://www.kkr.com/
Varsity Brands,KKR,kkr,New York,New York,honorable_mention,yes,unknown,,,,,wikipedia,https://en.wikipedia.org/wiki/Varsity_Brands,https://en.wikipedia.org/wiki/Varsity_Brands,https://en.wikipedia.org/wiki/Varsity_Brands,https://www.kkr.com/
Vinhomes,KKR,kkr,New York,New York,honorable_mention,yes,unknown,,,,,wikipedia,https://en.wikipedia.org/wiki/Vinhomes,https://en.wikipedia.org/wiki/Vinhomes,https://en.wikipedia.org/wiki/Vinhomes,https://www.kkr.com/
Viridor,KKR,kkr,New York,New York,honorable_mention,yes,unknown,,,,,wikipedia,https://en.wikipedia.org/wiki/Viridor,https://en.wikipedia.org/wiki/Viridor,https://en.wikipedia.org/wiki/Viridor,https://www.kkr.com/
Visma,KKR,kkr,New York,New York,honorable_mention,yes,unknown,,,,,wikipedia,https://en.wikipedia.org/wiki/Visma,https://en.wikipedia.org/wiki/Visma,https://en.wikipedia.org/wiki/Visma,https://www.kkr.com/
Vroom & Dreesmann,KKR,kkr,New York,New York,honorable_mention,yes,unknown,,,,,wikipedia,https://en.wikipedia.org/wiki/Vroom_%26_Dreesmann,https://en.wikipedia.org/wiki/Vroom_%26_Dreesmann,https://en.wikipedia.org/wiki/Vroom_%26_Dreesmann,https://www.kkr.com/
WebMD,KKR,kkr,New York,New York,honorable_mention,yes,unknown,,,,,wikipedia,https://en.wikipedia.org/wiki/WebMD,https://en.wikipedia.org/wiki/WebMD,https://en.wikipedia.org/wiki/WebMD,https://www.kkr.com/
Wella,KKR,kkr,New York,New York,honorable_mention,yes,unknown,,,,,wikipedia,https://en.wikipedia.org/wiki/Wella,https://en.wikipedia.org/wiki/Wella,https://en.wikipedia.org/wiki/Wella,https://www.kkr.com/
Wiedemann & Berg Film Production,KKR,kkr,New York,New York,honorable_mention,yes,unknown,,,,,wikipedia,https://en.wikipedia.org/wiki/Wiedemann_%26_Berg_Film_Production,https://en.wikipedia.org/wiki/Wiedemann_%26_Berg_Film_Production,https://en.wikipedia.org/wiki/Wiedemann_%26_Berg_Film_Production,https://www.kkr.com/
Willis Group,KKR,kkr,New York,New York,honorable_mention,yes,unknown,,,,,wikipedia,https://en.wikipedia.org/wiki/Willis_Group,https://en.wikipedia.org/wiki/Willis_Group,https://en.wikipedia.org/wiki/Willis_Group,https://www.kkr.com/
Wincor Nixdorf,KKR,kkr,New York,New York,honorable_mention,yes,unknown,,,,,wikipedia,https://en.wikipedia.org/wiki/Wincor_Nixdorf,https://en.wikipedia.org/wiki/Wincor_Nixdorf,https://en.wikipedia.org/wiki/Wincor_Nixdorf,https://www.kkr.com/
Winoa,KKR,kkr,New York,New York,honorable_mention,yes,unknown,,,,,wikipedia,https://en.wikipedia.org/wiki/Winoa,https://en.wikipedia.org/wiki/Winoa,https://en.wikipedia.org/wiki/Winoa,https://www.kkr.com/
WME Group,KKR,kkr,New York,New York,honorable_mention,yes,unknown,,,,,wikipedia,https://en.wikipedia.org/wiki/WME_Group,https://en.wikipedia.org/wiki/WME_Group,https://en.wikipedia.org/wiki/WME_Group,https://www.kkr.com/
Wolt,KKR,kkr,New York,New York,honorable_mention,yes,unknown,,,,,wikipedia,https://en.wikipedia.org/wiki/Wolt,https://en.wikipedia.org/wiki/Wolt,https://en.wikipedia.org/wiki/Wolt,https://www.kkr.com/
Wometco Enterprises,KKR,kkr,New York,New York,honorable_mention,yes,unknown,,,,,wikipedia,https://en.wikipedia.org/wiki/Wometco_Enterprises,https://en.wikipedia.org/wiki/Wometco_Enterprises,https://en.wikipedia.org/wiki/Wometco_Enterprises,https://www.kkr.com/
Wometco Home Theater,KKR,kkr,New York,New York,honorable_mention,yes,unknown,,,,,wikipedia,https://en.wikipedia.org/wiki/Wometco_Home_Theater,https://en.wikipedia.org/wiki/Wometco_Home_Theater,https://en.wikipedia.org/wiki/Wometco_Home_Theater,https://www.kkr.com/
WTC Wharf,KKR,kkr,New York,New York,honorable_mention,yes,unknown,,,,,wikipedia,https://en.wikipedia.org/wiki/WTC_Wharf,https://en.wikipedia.org/wiki/WTC_Wharf,https://en.wikipedia.org/wiki/WTC_Wharf,https://www.kkr.com/
Yorktown Center,KKR,kkr,New York,New York,honorable_mention,yes,unknown,,,,,wikipedia,https://en.wikipedia.org/wiki/Yorktown_Center,https://en.wikipedia.org/wiki/Yorktown_Center,https://en.wikipedia.org/wiki/Yorktown_Center,https://www.kkr.com/
Zuffa,KKR,kkr,New York,New York,honorable_mention,yes,unknown,,,,,wikipedia,https://en.wikipedia.org/wiki/Zuffa,https://en.wikipedia.org/wiki/Zuffa,https://en.wikipedia.org/wiki/Zuffa,https://www.kkr.com/
Zwift,KKR,kkr,New York,New York,honorable_mention,yes,unknown,,,,,wikipedia,https://en.wikipedia.org/wiki/Zwift,https://en.wikipedia.org/wiki/Zwift,https://en.wikipedia.org/wiki/Zwift,https://www.kkr.com/
7 Days Inn,Carlyle,carlyle,"Washington, D.C.",Washington DC,featured,yes,unknown,,,,,wikipedia,https://en.wikipedia.org/wiki/7_Days_Inn,https://en.wikipedia.org/wiki/7_Days_Inn,https://en.wikipedia.org/wiki/7_Days_Inn,https://www.carlyle.com/
A Twosome Place,Carlyle,carlyle,"Washington, D.C.",Washington DC,featured,yes,unknown,,,,,wikipedia,https://en.wikipedia.org/wiki/A_Twosome_Place,https://en.wikipedia.org/wiki/A_Twosome_Place,https://en.wikipedia.org/wiki/A_Twosome_Place,https://www.carlyle.com/
Abingworth (company),Carlyle,carlyle,"Washington, D.C.",Washington DC,featured,yes,unknown,,,,,wikipedia,https://en.wikipedia.org/wiki/Abingworth_%28company%29,https://en.wikipedia.org/wiki/Abingworth_%28company%29,https://en.wikipedia.org/wiki/Abingworth_%28company%29,https://www.carlyle.com/
Abrigo,Carlyle,carlyle,"Washington, D.C.",Washington DC,featured,yes,unknown,,,,,geig_article,https://growthequityinterviewguide.com/private-equity/private-equity-primer/technology-private-equity-firms,,,https://www.carlyle.com/
Addison Lee,Carlyle,carlyle,"Washington, D.C.",Washington DC,featured,yes,unknown,,,,,wikipedia,https://en.wikipedia.org/wiki/Addison_Lee,https://en.wikipedia.org/wiki/Addison_Lee,https://en.wikipedia.org/wiki/Addison_Lee,https://www.carlyle.com/
Agilox,Carlyle,carlyle,"Washington, D.C.",Washington DC,featured,yes,unknown,,,,,geig_article,https://growthequityinterviewguide.com/private-equity/private-equity-primer/technology-private-equity-firms,,,https://www.carlyle.com/
AGV (helmet manufacturer),Carlyle,carlyle,"Washington, D.C.",Washington DC,featured,yes,unknown,,,,,wikipedia,https://en.wikipedia.org/wiki/AGV_%28helmet_manufacturer%29,https://en.wikipedia.org/wiki/AGV_%28helmet_manufacturer%29,https://en.wikipedia.org/wiki/AGV_%28helmet_manufacturer%29,https://www.carlyle.com/
Allison Transmission,Carlyle,carlyle,"Washington, D.C.",Washington DC,featured,yes,unknown,,,,,wikipedia,https://en.wikipedia.org/wiki/Allison_Transmission,https://en.wikipedia.org/wiki/Allison_Transmission,https://en.wikipedia.org/wiki/Allison_Transmission,https://www.carlyle.com/
AMEOS group,Carlyle,carlyle,"Washington, D.C.",Washington DC,featured,yes,unknown,,,,,wikipedia,https://en.wikipedia.org/wiki/AMEOS_group,https://en.wikipedia.org/wiki/AMEOS_group,https://en.wikipedia.org/wiki/AMEOS_group,https://www.carlyle.com/
Ampere Computing,Carlyle,carlyle,"Washington, D.C.",Washington DC,featured,yes,unknown,,,,,wikipedia,https://en.wikipedia.org/wiki/Ampere_Computing,https://en.wikipedia.org/wiki/Ampere_Computing,https://en.wikipedia.org/wiki/Ampere_Computing,https://www.carlyle.com/
APG (pension fund),Carlyle,carlyle,"Washington, D.C.",Washington DC,featured,yes,unknown,,,,,wikipedia,https://en.wikipedia.org/wiki/APG_%28pension_fund%29,https://en.wikipedia.org/wiki/APG_%28pension_fund%29,https://en.wikipedia.org/wiki/APG_%28pension_fund%29,https://www.carlyle.com/
ARINC,Carlyle,carlyle,"Washington, D.C.",Washington DC,featured,yes,unknown,,,,,wikipedia,https://en.wikipedia.org/wiki/ARINC,https://en.wikipedia.org/wiki/ARINC,https://en.wikipedia.org/wiki/ARINC,https://www.carlyle.com/
AsiaSat,Carlyle,carlyle,"Washington, D.C.",Washington DC,featured,yes,unknown,,,,,wikipedia,https://en.wikipedia.org/wiki/AsiaSat,https://en.wikipedia.org/wiki/AsiaSat,https://en.wikipedia.org/wiki/AsiaSat,https://www.carlyle.com/
Atotech,Carlyle,carlyle,"Washington, D.C.",Washington DC,featured,yes,unknown,,,,,wikipedia,https://en.wikipedia.org/wiki/Atotech,https://en.wikipedia.org/wiki/Atotech,https://en.wikipedia.org/wiki/Atotech,https://www.carlyle.com/
Avio,Carlyle,carlyle,"Washington, D.C.",Washington DC,featured,yes,unknown,,,,,wikipedia,https://en.wikipedia.org/wiki/Avio,https://en.wikipedia.org/wiki/Avio,https://en.wikipedia.org/wiki/Avio,https://www.carlyle.com/
Axalta,Carlyle,carlyle,"Washington, D.C.",Washington DC,featured,yes,unknown,,,,,wikipedia,https://en.wikipedia.org/wiki/Axalta,https://en.wikipedia.org/wiki/Axalta,https://en.wikipedia.org/wiki/Axalta,https://www.carlyle.com/
AZ Electronic Materials,Carlyle,carlyle,"Washington, D.C.",Washington DC,featured,yes,unknown,,,,,wikipedia,https://en.wikipedia.org/wiki/AZ_Electronic_Materials,https://en.wikipedia.org/wiki/AZ_Electronic_Materials,https://en.wikipedia.org/wiki/AZ_Electronic_Materials,https://www.carlyle.com/
B&B Hotels,Carlyle,carlyle,"Washington, D.C.",Washington DC,featured,yes,unknown,,,,,wikipedia,https://en.wikipedia.org/wiki/B%26B_Hotels,https://en.wikipedia.org/wiki/B%26B_Hotels,https://en.wikipedia.org/wiki/B%26B_Hotels,https://www.carlyle.com/
B&B Italia,Carlyle,carlyle,"Washington, D.C.",Washington DC,featured,yes,unknown,,,,,wikipedia,https://en.wikipedia.org/wiki/B%26B_Italia,https://en.wikipedia.org/wiki/B%26B_Italia,https://en.wikipedia.org/wiki/B%26B_Italia,https://www.carlyle.com/
Baker & Taylor,Carlyle,carlyle,"Washington, D.C.",Washington DC,featured,yes,unknown,,,,,wikipedia,https://en.wikipedia.org/wiki/Baker_%26_Taylor,https://en.wikipedia.org/wiki/Baker_%26_Taylor,https://en.wikipedia.org/wiki/Baker_%26_Taylor,https://www.carlyle.com/
BankUnited,Carlyle,carlyle,"Washington, D.C.",Washington DC,featured,yes,unknown,,,,,wikipedia,https://en.wikipedia.org/wiki/BankUnited,https://en.wikipedia.org/wiki/BankUnited,https://en.wikipedia.org/wiki/BankUnited,https://www.carlyle.com/
Beats (brand),Carlyle,carlyle,"Washington, D.C.",Washington DC,featured,yes,unknown,,,,,wikipedia,https://en.wikipedia.org/wiki/Beats_%28brand%29,https://en.wikipedia.org/wiki/Beats_%28brand%29,https://en.wikipedia.org/wiki/Beats_%28brand%29,https://www.carlyle.com/
Beautycounter,Carlyle,carlyle,"Washington, D.C.",Washington DC,featured,yes,unknown,,,,,wikipedia,https://en.wikipedia.org/wiki/Beautycounter,https://en.wikipedia.org/wiki/Beautycounter,https://en.wikipedia.org/wiki/Beautycounter,https://www.carlyle.com/
Blackboard (company),Carlyle,carlyle,"Washington, D.C.",Washington DC,featured,yes,unknown,,,,,wikipedia,https://en.wikipedia.org/wiki/Blackboard_%28company%29,https://en.wikipedia.org/wiki/Blackboard_%28company%29,https://en.wikipedia.org/wiki/Blackboard_%28company%29,https://www.carlyle.com/
Blyth,Carlyle,carlyle,"Washington, D.C.",Washington DC,featured,yes,unknown,,,,,wikipedia,https://en.wikipedia.org/wiki/Blyth%2C_Inc.,https://en.wikipedia.org/wiki/Blyth%2C_Inc.,https://en.wikipedia.org/wiki/Blyth%2C_Inc.,https://www.carlyle.com/
Bountiful,Carlyle,carlyle,"Washington, D.C.",Washington DC,featured,yes,unknown,,,,,wikipedia,https://en.wikipedia.org/wiki/The_Bountiful_Company,https://en.wikipedia.org/wiki/The_Bountiful_Company,https://en.wikipedia.org/wiki/The_Bountiful_Company,https://www.carlyle.com/
Brintons,Carlyle,carlyle,"Washington, D.C.",Washington DC,featured,yes,unknown,,,,,wikipedia,https://en.wikipedia.org/wiki/Brintons,https://en.wikipedia.org/wiki/Brintons,https://en.wikipedia.org/wiki/Brintons,https://www.carlyle.com/
Britax,Carlyle,carlyle,"Washington, D.C.",Washington DC,featured,yes,unknown,,,,,wikipedia,https://en.wikipedia.org/wiki/Britax,https://en.wikipedia.org/wiki/Britax,https://en.wikipedia.org/wiki/Britax,https://www.carlyle.com/
Butterfield Bank,Carlyle,carlyle,"Washington, D.C.",Washington DC,featured,yes,unknown,,,,,wikipedia,https://en.wikipedia.org/wiki/Butterfield_Bank,https://en.wikipedia.org/wiki/Butterfield_Bank,https://en.wikipedia.org/wiki/Butterfield_Bank,https://www.carlyle.com/
CAMECA,Carlyle,carlyle,"Washington, D.C.",Washington DC,featured,yes,unknown,,,,,wikipedia,https://en.wikipedia.org/wiki/CAMECA,https://en.wikipedia.org/wiki/CAMECA,https://en.wikipedia.org/wiki/CAMECA,https://www.carlyle.com/
Canesta,Carlyle,carlyle,"Washington, D.C.",Washington DC,featured,yes,unknown,,,,,wikipedia,https://en.wikipedia.org/wiki/Canesta,https://en.wikipedia.org/wiki/Canesta,https://en.wikipedia.org/wiki/Canesta,https://www.carlyle.com/
Casema,Carlyle,carlyle,"Washington, D.C.",Washington DC,featured,yes,unknown,,,,,wikipedia,https://en.wikipedia.org/wiki/Casema,https://en.wikipedia.org/wiki/Casema,https://en.wikipedia.org/wiki/Casema,https://www.carlyle.com/
Caterair,Carlyle,carlyle,"Washington, D.C.",Washington DC,featured,yes,unknown,,,,,wikipedia,https://en.wikipedia.org/wiki/Caterair,https://en.wikipedia.org/wiki/Caterair,https://en.wikipedia.org/wiki/Caterair,https://www.carlyle.com/
China Recycling Energy Corporation,Carlyle,carlyle,"Washington, D.C.",Washington DC,featured,yes,unknown,,,,,wikipedia,https://en.wikipedia.org/wiki/China_Recycling_Energy_Corporation,https://en.wikipedia.org/wiki/China_Recycling_Energy_Corporation,https://en.wikipedia.org/wiki/China_Recycling_Energy_Corporation,https://www.carlyle.com/
Cinemex,Carlyle,carlyle,"Washington, D.C.",Washington DC,featured,yes,unknown,,,,,wikipedia,https://en.wikipedia.org/wiki/Cinemex,https://en.wikipedia.org/wiki/Cinemex,https://en.wikipedia.org/wiki/Cinemex,https://www.carlyle.com/
Coates Hire,Carlyle,carlyle,"Washington, D.C.",Washington DC,featured,yes,unknown,,,,,wikipedia,https://en.wikipedia.org/wiki/Coates_Hire,https://en.wikipedia.org/wiki/Coates_Hire,https://en.wikipedia.org/wiki/Coates_Hire,https://www.carlyle.com/
Com Hem,Carlyle,carlyle,"Washington, D.C.",Washington DC,featured,yes,unknown,,,,,wikipedia,https://en.wikipedia.org/wiki/Com_Hem,https://en.wikipedia.org/wiki/Com_Hem,https://en.wikipedia.org/wiki/Com_Hem,https://www.carlyle.com/
CommScope,Carlyle,carlyle,"Washington, D.C.",Washington DC,featured,yes,unknown,,,,,wikipedia,https://en.wikipedia.org/wiki/CommScope,https://en.wikipedia.org/wiki/CommScope,https://en.wikipedia.org/wiki/CommScope,https://www.carlyle.com/
CommunityOne Bank,Carlyle,carlyle,"Washington, D.C.",Washington DC,featured,yes,unknown,,,,,wikipedia,https://en.wikipedia.org/wiki/CommunityOne_Bank,https://en.wikipedia.org/wiki/CommunityOne_Bank,https://en.wikipedia.org/wiki/CommunityOne_Bank,https://www.carlyle.com/
Curia (company),Carlyle,carlyle,"Washington, D.C.",Washington DC,featured,yes,unknown,,,,,wikipedia,https://en.wikipedia.org/wiki/Curia_%28company%29,https://en.wikipedia.org/wiki/Curia_%28company%29,https://en.wikipedia.org/wiki/Curia_%28company%29,https://www.carlyle.com/
Dainese,Carlyle,carlyle,"Washington, D.C.",Washington DC,featured,yes,unknown,,,,,wikipedia,https://en.wikipedia.org/wiki/Dainese,https://en.wikipedia.org/wiki/Dainese,https://en.wikipedia.org/wiki/Dainese,https://www.carlyle.com/
Dealogic,Carlyle,carlyle,"Washington, D.C.",Washington DC,featured,yes,unknown,,,,,wikipedia,https://en.wikipedia.org/wiki/Dealogic,https://en.wikipedia.org/wiki/Dealogic,https://en.wikipedia.org/wiki/Dealogic,https://www.carlyle.com/
Dex Media,Carlyle,carlyle,"Washington, D.C.",Washington DC,featured,yes,unknown,,,,,wikipedia,https://en.wikipedia.org/wiki/Dex_Media,https://en.wikipedia.org/wiki/Dex_Media,https://en.wikipedia.org/wiki/Dex_Media,https://www.carlyle.com/
Dr Pepper/Seven Up,Carlyle,carlyle,"Washington, D.C.",Washington DC,featured,yes,unknown,,,,,wikipedia,https://en.wikipedia.org/wiki/Dr_Pepper/Seven_Up,https://en.wikipedia.org/wiki/Dr_Pepper/Seven_Up,https://en.wikipedia.org/wiki/Dr_Pepper/Seven_Up,https://www.carlyle.com/
Dunkin' Brands,Carlyle,carlyle,"Washington, D.C.",Washington DC,featured,yes,unknown,,,,,wikipedia,https://en.wikipedia.org/wiki/Dunkin%27_Brands,https://en.wikipedia.org/wiki/Dunkin%27_Brands,https://en.wikipedia.org/wiki/Dunkin%27_Brands,https://www.carlyle.com/
Educomp Solutions,Carlyle,carlyle,"Washington, D.C.",Washington DC,featured,yes,unknown,,,,,wikipedia,https://en.wikipedia.org/wiki/Educomp_Solutions,https://en.wikipedia.org/wiki/Educomp_Solutions,https://en.wikipedia.org/wiki/Educomp_Solutions,https://www.carlyle.com/
EG&G,Carlyle,carlyle,"Washington, D.C.",Washington DC,featured,yes,unknown,,,,,wikipedia,https://en.wikipedia.org/wiki/EG%26G,https://en.wikipedia.org/wiki/EG%26G,https://en.wikipedia.org/wiki/EG%26G,https://www.carlyle.com/
Focus Media,Carlyle,carlyle,"Washington, D.C.",Washington DC,featured,yes,unknown,,,,,wikipedia,https://en.wikipedia.org/wiki/Focus_Media,https://en.wikipedia.org/wiki/Focus_Media,https://en.wikipedia.org/wiki/Focus_Media,https://www.carlyle.com/
Foundry Visionmongers,Carlyle,carlyle,"Washington, D.C.",Washington DC,featured,yes,unknown,,,,,wikipedia,https://en.wikipedia.org/wiki/The_Foundry_Visionmongers,https://en.wikipedia.org/wiki/The_Foundry_Visionmongers,https://en.wikipedia.org/wiki/The_Foundry_Visionmongers,https://www.carlyle.com/
Gemini Air Cargo,Carlyle,carlyle,"Washington, D.C.",Washington DC,featured,yes,unknown,,,,,wikipedia,https://en.wikipedia.org/wiki/Gemini_Air_Cargo,https://en.wikipedia.org/wiki/Gemini_Air_Cargo,https://en.wikipedia.org/wiki/Gemini_Air_Cargo,https://www.carlyle.com/
Golden Goose (company),Carlyle,carlyle,"Washington, D.C.",Washington DC,featured,yes,unknown,,,,,wikipedia,https://en.wikipedia.org/wiki/Golden_Goose_%28company%29,https://en.wikipedia.org/wiki/Golden_Goose_%28company%29,https://en.wikipedia.org/wiki/Golden_Goose_%28company%29,https://www.carlyle.com/
Graze (company),Carlyle,carlyle,"Washington, D.C.",Washington DC,featured,yes,unknown,,,,,wikipedia,https://en.wikipedia.org/wiki/Graze_%28company%29,https://en.wikipedia.org/wiki/Graze_%28company%29,https://en.wikipedia.org/wiki/Graze_%28company%29,https://www.carlyle.com/
Hack the Box,Carlyle,carlyle,"Washington, D.C.",Washington DC,featured,yes,unknown,,,,,geig_article,https://growthequityinterviewguide.com/private-equity/private-equity-primer/technology-private-equity-firms,,,https://www.carlyle.com/
Hawaiian Telcom,Carlyle,carlyle,"Washington, D.C.",Washington DC,featured,yes,unknown,,,,,wikipedia,https://en.wikipedia.org/wiki/Hawaiian_Telcom,https://en.wikipedia.org/wiki/Hawaiian_Telcom,https://en.wikipedia.org/wiki/Hawaiian_Telcom,https://www.carlyle.com/
HD Supply,Carlyle,carlyle,"Washington, D.C.",Washington DC,featured,yes,unknown,,,,,wikipedia,https://en.wikipedia.org/wiki/HD_Supply,https://en.wikipedia.org/wiki/HD_Supply,https://en.wikipedia.org/wiki/HD_Supply,https://www.carlyle.com/
HealthCentral,Carlyle,carlyle,"Washington, D.C.",Washington DC,featured,yes,unknown,,,,,wikipedia,https://en.wikipedia.org/wiki/HealthCentral,https://en.wikipedia.org/wiki/HealthCentral,https://en.wikipedia.org/wiki/HealthCentral,https://www.carlyle.com/
Healthscope,Carlyle,carlyle,"Washington, D.C.",Washington DC,featured,yes,unknown,,,,,wikipedia,https://en.wikipedia.org/wiki/Healthscope,https://en.wikipedia.org/wiki/Healthscope,https://en.wikipedia.org/wiki/Healthscope,https://www.carlyle.com/
Hertz Car Sales,Carlyle,carlyle,"Washington, D.C.",Washington DC,featured,yes,unknown,,,,,wikipedia,https://en.wikipedia.org/wiki/Hertz_Car_Sales,https://en.wikipedia.org/wiki/Hertz_Car_Sales,https://en.wikipedia.org/wiki/Hertz_Car_Sales,https://www.carlyle.com/
Hertz Global Holdings,Carlyle,carlyle,"Washington, D.C.",Washington DC,featured,yes,unknown,,,,,wikipedia,https://en.wikipedia.org/wiki/Hertz_Global_Holdings,https://en.wikipedia.org/wiki/Hertz_Global_Holdings,https://en.wikipedia.org/wiki/Hertz_Global_Holdings,https://www.carlyle.com/
Holland & Barrett,Carlyle,carlyle,"Washington, D.C.",Washington DC,featured,yes,unknown,,,,,wikipedia,https://en.wikipedia.org/wiki/Holland_%26_Barrett,https://en.wikipedia.org/wiki/Holland_%26_Barrett,https://en.wikipedia.org/wiki/Holland_%26_Barrett,https://www.carlyle.com/
Howmet Aerospace,Carlyle,carlyle,"Washington, D.C.",Washington DC,featured,yes,unknown,,,,,wikipedia,https://en.wikipedia.org/wiki/Howmet_Aerospace,https://en.wikipedia.org/wiki/Howmet_Aerospace,https://en.wikipedia.org/wiki/Howmet_Aerospace,https://www.carlyle.com/
Hunkemöller,Carlyle,carlyle,"Washington, D.C.",Washington DC,featured,yes,unknown,,,,,wikipedia,https://en.wikipedia.org/wiki/Hunkem%C3%B6ller,https://en.wikipedia.org/wiki/Hunkem%C3%B6ller,https://en.wikipedia.org/wiki/Hunkem%C3%B6ller,https://www.carlyle.com/
Indegene,Carlyle,carlyle,"Washington, D.C.",Washington DC,featured,yes,unknown,,,,,wikipedia,https://en.wikipedia.org/wiki/Indegene,https://en.wikipedia.org/wiki/Indegene,https://en.wikipedia.org/wiki/Indegene,https://www.carlyle.com/
Jagex,Carlyle,carlyle,"Washington, D.C.",Washington DC,featured,yes,unknown,,,,,wikipedia,https://en.wikipedia.org/wiki/Jagex,https://en.wikipedia.org/wiki/Jagex,https://en.wikipedia.org/wiki/Jagex,https://www.carlyle.com/
KFC in Japan,Carlyle,carlyle,"Washington, D.C.",Washington DC,featured,yes,unknown,,,,,wikipedia,https://en.wikipedia.org/wiki/KFC_in_Japan,https://en.wikipedia.org/wiki/KFC_in_Japan,https://en.wikipedia.org/wiki/KFC_in_Japan,https://www.carlyle.com/
Kroll,Carlyle,carlyle,"Washington, D.C.",Washington DC,featured,yes,unknown,,,,,wikipedia,https://en.wikipedia.org/wiki/Kroll_Inc.,https://en.wikipedia.org/wiki/Kroll_Inc.,https://en.wikipedia.org/wiki/Kroll_Inc.,https://www.carlyle.com/
Landmark Aviation,Carlyle,carlyle,"Washington, D.C.",Washington DC,featured,yes,unknown,,,,,wikipedia,https://en.wikipedia.org/wiki/Landmark_Aviation,https://en.wikipedia.org/wiki/Landmark_Aviation,https://en.wikipedia.org/wiki/Landmark_Aviation,https://www.carlyle.com/
Le Figaro,Carlyle,carlyle,"Washington, D.C.",Washington DC,featured,yes,unknown,,,,,wikipedia,https://en.wikipedia.org/wiki/Le_Figaro,https://en.wikipedia.org/wiki/Le_Figaro,https://en.wikipedia.org/wiki/Le_Figaro,https://www.carlyle.com/
Legend Natural Gas,Carlyle,carlyle,"Washington, D.C.",Washington DC,featured,yes,unknown,,,,,wikipedia,https://en.wikipedia.org/wiki/Legend_Natural_Gas,https://en.wikipedia.org/wiki/Legend_Natural_Gas,https://en.wikipedia.org/wiki/Legend_Natural_Gas,https://www.carlyle.com/
Loews Cineplex Entertainment,Carlyle,carlyle,"Washington, D.C.",Washington DC,featured,yes,unknown,,,,,wikipedia,https://en.wikipedia.org/wiki/Loews_Cineplex_Entertainment,https://en.wikipedia.org/wiki/Loews_Cineplex_Entertainment,https://en.wikipedia.org/wiki/Loews_Cineplex_Entertainment,https://www.carlyle.com/
ManTech International,Carlyle,carlyle,"Washington, D.C.",Washington DC,featured,yes,unknown,,,,,wikipedia,https://en.wikipedia.org/wiki/ManTech_International,https://en.wikipedia.org/wiki/ManTech_International,https://en.wikipedia.org/wiki/ManTech_International,https://www.carlyle.com/
Medanta,Carlyle,carlyle,"Washington, D.C.",Washington DC,featured,yes,unknown,,,,,wikipedia,https://en.wikipedia.org/wiki/Medanta,https://en.wikipedia.org/wiki/Medanta,https://en.wikipedia.org/wiki/Medanta,https://www.carlyle.com/
Medical Park,Carlyle,carlyle,"Washington, D.C.",Washington DC,featured,yes,unknown,,,,,wikipedia,https://en.wikipedia.org/wiki/Medical_Park,https://en.wikipedia.org/wiki/Medical_Park,https://en.wikipedia.org/wiki/Medical_Park,https://www.carlyle.com/
Memsource,Carlyle,carlyle,"Washington, D.C.",Washington DC,featured,yes,unknown,,,,,wikipedia,https://en.wikipedia.org/wiki/Memsource,https://en.wikipedia.org/wiki/Memsource,https://en.wikipedia.org/wiki/Memsource,https://www.carlyle.com/
Metropolis Healthcare,Carlyle,carlyle,"Washington, D.C.",Washington DC,featured,yes,unknown,,,,,wikipedia,https://en.wikipedia.org/wiki/Metropolis_Healthcare,https://en.wikipedia.org/wiki/Metropolis_Healthcare,https://en.wikipedia.org/wiki/Metropolis_Healthcare,https://www.carlyle.com/
Mill (company),Carlyle,carlyle,"Washington, D.C.",Washington DC,featured,yes,unknown,,,,,wikipedia,https://en.wikipedia.org/wiki/The_Mill_%28company%29,https://en.wikipedia.org/wiki/The_Mill_%28company%29,https://en.wikipedia.org/wiki/The_Mill_%28company%29,https://www.carlyle.com/
Momo (company),Carlyle,carlyle,"Washington, D.C.",Washington DC,featured,yes,unknown,,,,,wikipedia,https://en.wikipedia.org/wiki/Momo_%28company%29,https://en.wikipedia.org/wiki/Momo_%28company%29,https://en.wikipedia.org/wiki/Momo_%28company%29,https://www.carlyle.com/
Morningstar DBRS,Carlyle,carlyle,"Washington, D.C.",Washington DC,featured,yes,unknown,,,,,wikipedia,https://en.wikipedia.org/wiki/Morningstar_DBRS,https://en.wikipedia.org/wiki/Morningstar_DBRS,https://en.wikipedia.org/wiki/Morningstar_DBRS,https://www.carlyle.com/
Mydentist,Carlyle,carlyle,"Washington, D.C.",Washington DC,featured,yes,unknown,,,,,wikipedia,https://en.wikipedia.org/wiki/Mydentist,https://en.wikipedia.org/wiki/Mydentist,https://en.wikipedia.org/wiki/Mydentist,https://www.carlyle.com/
NEP Group,Carlyle,carlyle,"Washington, D.C.",Washington DC,featured,yes,unknown,,,,,wikipedia,https://en.wikipedia.org/wiki/NEP_Group,https://en.wikipedia.org/wiki/NEP_Group,https://en.wikipedia.org/wiki/NEP_Group,https://www.carlyle.com/
NetMotion Software,Carlyle,carlyle,"Washington, D.C.",Washington DC,featured,yes,unknown,,,,,wikipedia,https://en.wikipedia.org/wiki/NetMotion_Software,https://en.wikipedia.org/wiki/NetMotion_Software,https://en.wikipedia.org/wiki/NetMotion_Software,https://www.carlyle.com/
Nordam,Carlyle,carlyle,"Washington, D.C.",Washington DC,featured,yes,unknown,,,,,wikipedia,https://en.wikipedia.org/wiki/Nordam,https://en.wikipedia.org/wiki/Nordam,https://en.wikipedia.org/wiki/Nordam,https://www.carlyle.com/
NorthPoint Communications,Carlyle,carlyle,"Washington, D.C.",Washington DC,featured,yes,unknown,,,,,wikipedia,https://en.wikipedia.org/wiki/NorthPoint_Communications,https://en.wikipedia.org/wiki/NorthPoint_Communications,https://en.wikipedia.org/wiki/NorthPoint_Communications,https://www.carlyle.com/
OFX (company),Carlyle,carlyle,"Washington, D.C.",Washington DC,featured,yes,unknown,,,,,wikipedia,https://en.wikipedia.org/wiki/OFX_%28company%29,https://en.wikipedia.org/wiki/OFX_%28company%29,https://en.wikipedia.org/wiki/OFX_%28company%29,https://www.carlyle.com/
One Medical,Carlyle,carlyle,"Washington, D.C.",Washington DC,featured,yes,unknown,,,,,wikipedia,https://en.wikipedia.org/wiki/One_Medical,https://en.wikipedia.org/wiki/One_Medical,https://en.wikipedia.org/wiki/One_Medical,https://www.carlyle.com/
Oriental Trading,Carlyle,carlyle,"Washington, D.C.",Washington DC,featured,yes,unknown,,,,,wikipedia,https://en.wikipedia.org/wiki/Oriental_Trading_Company,https://en.wikipedia.org/wiki/Oriental_Trading_Company,https://en.wikipedia.org/wiki/Oriental_Trading_Company,https://www.carlyle.com/
Ortho Clinical Diagnostics,Carlyle,carlyle,"Washington, D.C.",Washington DC,featured,yes,unknown,,,,,wikipedia,https://en.wikipedia.org/wiki/Ortho_Clinical_Diagnostics,https://en.wikipedia.org/wiki/Ortho_Clinical_Diagnostics,https://en.wikipedia.org/wiki/Ortho_Clinical_Diagnostics,https://www.carlyle.com/
PA Consulting Group,Carlyle,carlyle,"Washington, D.C.",Washington DC,featured,yes,unknown,,,,,wikipedia,https://en.wikipedia.org/wiki/PA_Consulting_Group,https://en.wikipedia.org/wiki/PA_Consulting_Group,https://en.wikipedia.org/wiki/PA_Consulting_Group,https://www.carlyle.com/
Pace Airlines,Carlyle,carlyle,"Washington, D.C.",Washington DC,featured,yes,unknown,,,,,wikipedia,https://en.wikipedia.org/wiki/Pace_Airlines,https://en.wikipedia.org/wiki/Pace_Airlines,https://en.wikipedia.org/wiki/Pace_Airlines,https://www.carlyle.com/
Palacios Alimentación,Carlyle,carlyle,"Washington, D.C.",Washington DC,featured,yes,unknown,,,,,wikipedia,https://en.wikipedia.org/wiki/Palacios_Alimentaci%C3%B3n,https://en.wikipedia.org/wiki/Palacios_Alimentaci%C3%B3n,https://en.wikipedia.org/wiki/Palacios_Alimentaci%C3%B3n,https://www.carlyle.com/
PanAmSat,Carlyle,carlyle,"Washington, D.C.",Washington DC,featured,yes,unknown,,,,,wikipedia,https://en.wikipedia.org/wiki/PanAmSat,https://en.wikipedia.org/wiki/PanAmSat,https://en.wikipedia.org/wiki/PanAmSat,https://www.carlyle.com/
Philosophy (brand),Carlyle,carlyle,"Washington, D.C.",Washington DC,featured,yes,unknown,,,,,wikipedia,https://en.wikipedia.org/wiki/Philosophy_%28brand%29,https://en.wikipedia.org/wiki/Philosophy_%28brand%29,https://en.wikipedia.org/wiki/Philosophy_%28brand%29,https://www.carlyle.com/
PNB Housing Finance,Carlyle,carlyle,"Washington, D.C.",Washington DC,featured,yes,unknown,,,,,wikipedia,https://en.wikipedia.org/wiki/PNB_Housing_Finance,https://en.wikipedia.org/wiki/PNB_Housing_Finance,https://en.wikipedia.org/wiki/PNB_Housing_Finance,https://www.carlyle.com/
PPD,Carlyle,carlyle,"Washington, D.C.",Washington DC,featured,yes,unknown,,,,,wikipedia,https://en.wikipedia.org/wiki/PPD%2C_Inc.,https://en.wikipedia.org/wiki/PPD%2C_Inc.,https://en.wikipedia.org/wiki/PPD%2C_Inc.,https://www.carlyle.com/
Qinetiq,Carlyle,carlyle,"Washington, D.C.",Washington DC,featured,yes,unknown,,,,,wikipedia,https://en.wikipedia.org/wiki/Qinetiq,https://en.wikipedia.org/wiki/Qinetiq,https://en.wikipedia.org/wiki/Qinetiq,https://www.carlyle.com/
RAC Limited,Carlyle,carlyle,"Washington, D.C.",Washington DC,featured,yes,unknown,,,,,wikipedia,https://en.wikipedia.org/wiki/RAC_Limited,https://en.wikipedia.org/wiki/RAC_Limited,https://en.wikipedia.org/wiki/RAC_Limited,https://www.carlyle.com/
Railcar Management,Carlyle,carlyle,"Washington, D.C.",Washington DC,featured,yes,unknown,,,,,wikipedia,https://en.wikipedia.org/wiki/Railcar_Management_LLC,https://en.wikipedia.org/wiki/Railcar_Management_LLC,https://en.wikipedia.org/wiki/Railcar_Management_LLC,https://www.carlyle.com/
Ri Happy,Carlyle,carlyle,"Washington, D.C.",Washington DC,featured,yes,unknown,,,,,wikipedia,https://en.wikipedia.org/wiki/Ri_Happy,https://en.wikipedia.org/wiki/Ri_Happy,https://en.wikipedia.org/wiki/Ri_Happy,https://www.carlyle.com/
Rigaku,Carlyle,carlyle,"Washington, D.C.",Washington DC,featured,yes,unknown,,,,,wikipedia,https://en.wikipedia.org/wiki/Rigaku,https://en.wikipedia.org/wiki/Rigaku,https://en.wikipedia.org/wiki/Rigaku,https://www.carlyle.com/
Riot-E,Carlyle,carlyle,"Washington, D.C.",Washington DC,featured,yes,unknown,,,,,wikipedia,https://en.wikipedia.org/wiki/Riot-E,https://en.wikipedia.org/wiki/Riot-E,https://en.wikipedia.org/wiki/Riot-E,https://www.carlyle.com/
Sandler O'Neill and Partners,Carlyle,carlyle,"Washington, D.C.",Washington DC,featured,yes,unknown,,,,,wikipedia,https://en.wikipedia.org/wiki/Sandler_O%27Neill_and_Partners,https://en.wikipedia.org/wiki/Sandler_O%27Neill_and_Partners,https://en.wikipedia.org/wiki/Sandler_O%27Neill_and_Partners,https://www.carlyle.com/
Service King Collision Repair,Carlyle,carlyle,"Washington, D.C.",Washington DC,featured,yes,unknown,,,,,wikipedia,https://en.wikipedia.org/wiki/Service_King_Collision_Repair,https://en.wikipedia.org/wiki/Service_King_Collision_Repair,https://en.wikipedia.org/wiki/Service_King_Collision_Repair,https://www.carlyle.com/
SMCP Group,Carlyle,carlyle,"Washington, D.C.",Washington DC,featured,yes,unknown,,,,,wikipedia,https://en.wikipedia.org/wiki/SMCP_Group,https://en.wikipedia.org/wiki/SMCP_Group,https://en.wikipedia.org/wiki/SMCP_Group,https://www.carlyle.com/
SS&C Technologies,Carlyle,carlyle,"Washington, D.C.",Washington DC,featured,yes,unknown,,,,,wikipedia,https://en.wikipedia.org/wiki/SS%26C_Technologies,https://en.wikipedia.org/wiki/SS%26C_Technologies,https://en.wikipedia.org/wiki/SS%26C_Technologies,https://www.carlyle.com/
StandardAero,Carlyle,carlyle,"Washington, D.C.",Washington DC,featured,yes,unknown,,,,,wikipedia,https://en.wikipedia.org/wiki/StandardAero,https://en.wikipedia.org/wiki/StandardAero,https://en.wikipedia.org/wiki/StandardAero,https://www.carlyle.com/
Strategy&,Carlyle,carlyle,"Washington, D.C.",Washington DC,featured,yes,unknown,,,,,wikipedia,https://en.wikipedia.org/wiki/Strategy%26,https://en.wikipedia.org/wiki/Strategy%26,https://en.wikipedia.org/wiki/Strategy%26,https://www.carlyle.com/
Sundyne,Carlyle,carlyle,"Washington, D.C.",Washington DC,featured,yes,unknown,,,,,wikipedia,https://en.wikipedia.org/wiki/Sundyne,https://en.wikipedia.org/wiki/Sundyne,https://en.wikipedia.org/wiki/Sundyne,https://www.carlyle.com/
SuperCircuits,Carlyle,carlyle,"Washington, D.C.",Washington DC,featured,yes,unknown,,,,,wikipedia,https://en.wikipedia.org/wiki/SuperCircuits,https://en.wikipedia.org/wiki/SuperCircuits,https://en.wikipedia.org/wiki/SuperCircuits,https://www.carlyle.com/
Supreme (brand),Carlyle,carlyle,"Washington, D.C.",Washington DC,featured,yes,unknown,,,,,wikipedia,https://en.wikipedia.org/wiki/Supreme_%28brand%29,https://en.wikipedia.org/wiki/Supreme_%28brand%29,https://en.wikipedia.org/wiki/Supreme_%28brand%29,https://www.carlyle.com/
Surplex,Carlyle,carlyle,"Washington, D.C.",Washington DC,featured,yes,unknown,,,,,wikipedia,https://en.wikipedia.org/wiki/Surplex,https://en.wikipedia.org/wiki/Surplex,https://en.wikipedia.org/wiki/Surplex,https://www.carlyle.com/
Syniverse,Carlyle,carlyle,"Washington, D.C.",Washington DC,featured,yes,unknown,,,,,wikipedia,https://en.wikipedia.org/wiki/Syniverse,https://en.wikipedia.org/wiki/Syniverse,https://en.wikipedia.org/wiki/Syniverse,https://www.carlyle.com/
Targus (company),Carlyle,carlyle,"Washington, D.C.",Washington DC,featured,yes,unknown,,,,,wikipedia,https://en.wikipedia.org/wiki/Targus_%28company%29,https://en.wikipedia.org/wiki/Targus_%28company%29,https://en.wikipedia.org/wiki/Targus_%28company%29,https://www.carlyle.com/
TCW Group,Carlyle,carlyle,"Washington, D.C.",Washington DC,featured,yes,unknown,,,,,wikipedia,https://en.wikipedia.org/wiki/TCW_Group,https://en.wikipedia.org/wiki/TCW_Group,https://en.wikipedia.org/wiki/TCW_Group,https://www.carlyle.com/
Ticketron,Carlyle,carlyle,"Washington, D.C.",Washington DC,featured,yes,unknown,,,,,wikipedia,https://en.wikipedia.org/wiki/Ticketron,https://en.wikipedia.org/wiki/Ticketron,https://en.wikipedia.org/wiki/Ticketron,https://www.carlyle.com/
TYO,Carlyle,carlyle,"Washington, D.C.",Washington DC,featured,yes,unknown,,,,,wikipedia,https://en.wikipedia.org/wiki/TYO_Inc.,https://en.wikipedia.org/wiki/TYO_Inc.,https://en.wikipedia.org/wiki/TYO_Inc.,https://www.carlyle.com/
United Defense,Carlyle,carlyle,"Washington, D.C.",Washington DC,featured,yes,unknown,,,,,wikipedia,https://en.wikipedia.org/wiki/United_Defense,https://en.wikipedia.org/wiki/United_Defense,https://en.wikipedia.org/wiki/United_Defense,https://www.carlyle.com/
USIS (company),Carlyle,carlyle,"Washington, D.C.",Washington DC,featured,yes,unknown,,,,,wikipedia,https://en.wikipedia.org/wiki/USIS_%28company%29,https://en.wikipedia.org/wiki/USIS_%28company%29,https://en.wikipedia.org/wiki/USIS_%28company%29,https://www.carlyle.com/
VAROPreem,Carlyle,carlyle,"Washington, D.C.",Washington DC,featured,yes,unknown,,,,,wikipedia,https://en.wikipedia.org/wiki/VAROPreem,https://en.wikipedia.org/wiki/VAROPreem,https://en.wikipedia.org/wiki/VAROPreem,https://www.carlyle.com/
Veritas Technologies,Carlyle,carlyle,"Washington, D.C.",Washington DC,featured,yes,unknown,,,,,wikipedia,https://en.wikipedia.org/wiki/Veritas_Technologies,https://en.wikipedia.org/wiki/Veritas_Technologies,https://en.wikipedia.org/wiki/Veritas_Technologies,https://www.carlyle.com/
Very Group,Carlyle,carlyle,"Washington, D.C.",Washington DC,featured,yes,unknown,,,,,wikipedia,https://en.wikipedia.org/wiki/The_Very_Group,https://en.wikipedia.org/wiki/The_Very_Group,https://en.wikipedia.org/wiki/The_Very_Group,https://www.carlyle.com/
Vinarchy,Carlyle,carlyle,"Washington, D.C.",Washington DC,featured,yes,unknown,,,,,wikipedia,https://en.wikipedia.org/wiki/Vinarchy,https://en.wikipedia.org/wiki/Vinarchy,https://en.wikipedia.org/wiki/Vinarchy,https://www.carlyle.com/
Vinnell,Carlyle,carlyle,"Washington, D.C.",Washington DC,featured,yes,unknown,,,,,wikipedia,https://en.wikipedia.org/wiki/Vinnell,https://en.wikipedia.org/wiki/Vinnell,https://en.wikipedia.org/wiki/Vinnell,https://www.carlyle.com/
Vought,Carlyle,carlyle,"Washington, D.C.",Washington DC,featured,yes,unknown,,,,,wikipedia,https://en.wikipedia.org/wiki/Vought,https://en.wikipedia.org/wiki/Vought,https://en.wikipedia.org/wiki/Vought,https://www.carlyle.com/
Vubiquity,Carlyle,carlyle,"Washington, D.C.",Washington DC,featured,yes,unknown,,,,,wikipedia,https://en.wikipedia.org/wiki/Vubiquity,https://en.wikipedia.org/wiki/Vubiquity,https://en.wikipedia.org/wiki/Vubiquity,https://www.carlyle.com/
Water Pik,Carlyle,carlyle,"Washington, D.C.",Washington DC,featured,yes,unknown,,,,,wikipedia,https://en.wikipedia.org/wiki/Water_Pik,https://en.wikipedia.org/wiki/Water_Pik,https://en.wikipedia.org/wiki/Water_Pik,https://www.carlyle.com/
Yashili,Carlyle,carlyle,"Washington, D.C.",Washington DC,featured,yes,unknown,,,,,wikipedia,https://en.wikipedia.org/wiki/Yashili,https://en.wikipedia.org/wiki/Yashili,https://en.wikipedia.org/wiki/Yashili,https://www.carlyle.com/
Zekelman Industries,Carlyle,carlyle,"Washington, D.C.",Washington DC,featured,yes,unknown,,,,,wikipedia,https://en.wikipedia.org/wiki/Zekelman_Industries,https://en.wikipedia.org/wiki/Zekelman_Industries,https://en.wikipedia.org/wiki/Zekelman_Industries,https://www.carlyle.com/
Zodiac Nautic,Carlyle,carlyle,"Washington, D.C.",Washington DC,featured,yes,unknown,,,,,wikipedia,https://en.wikipedia.org/wiki/Zodiac_Nautic,https://en.wikipedia.org/wiki/Zodiac_Nautic,https://en.wikipedia.org/wiki/Zodiac_Nautic,https://www.carlyle.com/
AA,Permira,permira,London,London,featured,yes,unknown,,,,,wikipedia,https://en.wikipedia.org/wiki/The_AA,https://en.wikipedia.org/wiki/The_AA,https://en.wikipedia.org/wiki/The_AA,https://www.permira.com/portfolio/our-portfolio
ABS,Permira,permira,London,London,featured,yes,current,,,,,official_site,https://www.permira.com/portfolio/our-portfolio,,,https://www.permira.com/portfolio/our-portfolio
Acromas Holdings,Permira,permira,London,London,featured,yes,unknown,,,,,wikipedia,https://en.wikipedia.org/wiki/Acromas_Holdings,https://en.wikipedia.org/wiki/Acromas_Holdings,https://en.wikipedia.org/wiki/Acromas_Holdings,https://www.permira.com/portfolio/our-portfolio
Acuity Analytics,Permira,permira,London,London,featured,yes,current,,,,,official_site,https://www.permira.com/portfolio/our-portfolio,,,https://www.permira.com/portfolio/our-portfolio
Adevinta,Permira,permira,London,London,featured,yes,current,,,,,official_site,https://www.permira.com/portfolio/our-portfolio,,,https://www.permira.com/portfolio/our-portfolio
All3Media,Permira,permira,London,London,featured,yes,unknown,,,,,wikipedia,https://en.wikipedia.org/wiki/All3Media,https://en.wikipedia.org/wiki/All3Media,https://en.wikipedia.org/wiki/All3Media,https://www.permira.com/portfolio/our-portfolio
Allegro Group,Permira,permira,London,London,featured,yes,current,,,,,official_site,https://www.permira.com/portfolio/our-portfolio,,,https://www.permira.com/portfolio/our-portfolio
AllTrails,Permira,permira,London,London,featured,yes,current,,,,,official_site,https://www.permira.com/portfolio/our-portfolio,,,https://www.permira.com/portfolio/our-portfolio
AltamarCAM,Permira,permira,London,London,featured,yes,current,,,,,official_site,https://www.permira.com/portfolio/our-portfolio,,,https://www.permira.com/portfolio/our-portfolio
Alter Domus,Permira,permira,London,London,featured,yes,current,,,,,official_site,https://www.permira.com/portfolio/our-portfolio,,,https://www.permira.com/portfolio/our-portfolio
Althea,Permira,permira,London,London,featured,yes,current,,,,,official_site,https://www.permira.com/portfolio/our-portfolio,,,https://www.permira.com/portfolio/our-portfolio
Ancestry,Permira,permira,London,London,featured,yes,current,,,,,official_site,https://www.permira.com/portfolio/our-portfolio,,,https://www.permira.com/portfolio/our-portfolio
Ancestry.com,Permira,permira,London,London,featured,yes,unknown,,,,,wikipedia,https://en.wikipedia.org/wiki/Ancestry.com,https://en.wikipedia.org/wiki/Ancestry.com,https://en.wikipedia.org/wiki/Ancestry.com,https://www.permira.com/portfolio/our-portfolio
Arcaplanet,Permira,permira,London,London,featured,yes,current,,,,,official_site,https://www.permira.com/portfolio/our-portfolio,,,https://www.permira.com/portfolio/our-portfolio
Atrium,Permira,permira,London,London,featured,yes,current,,,,,official_site,https://www.permira.com/portfolio/our-portfolio,,,https://www.permira.com/portfolio/our-portfolio
Axiom,Permira,permira,London,London,featured,yes,current,,,,,official_site,https://www.permira.com/portfolio/our-portfolio,,,https://www.permira.com/portfolio/our-portfolio
Best Secret GmbH,Permira,permira,London,London,featured,yes,unknown,,,,,wikipedia,https://en.wikipedia.org/wiki/Best_Secret_GmbH,https://en.wikipedia.org/wiki/Best_Secret_GmbH,https://en.wikipedia.org/wiki/Best_Secret_GmbH,https://www.permira.com/portfolio/our-portfolio
Bestinvest,Permira,permira,London,London,featured,yes,unknown,,,,,wikipedia,https://en.wikipedia.org/wiki/Bestinvest,https://en.wikipedia.org/wiki/Bestinvest,https://en.wikipedia.org/wiki/Bestinvest,https://www.permira.com/portfolio/our-portfolio
BESTSECRET,Permira,permira,London,London,featured,yes,current,,,,,official_site,https://www.permira.com/portfolio/our-portfolio,,,https://www.permira.com/portfolio/our-portfolio
BFY Brands,Permira,permira,London,London,featured,yes,current,,,,,official_site,https://www.permira.com/portfolio/our-portfolio,,,https://www.permira.com/portfolio/our-portfolio
Bio Products Laboratory,Permira,permira,London,London,featured,yes,unknown,,,,,wikipedia,https://en.wikipedia.org/wiki/Bio_Products_Laboratory,https://en.wikipedia.org/wiki/Bio_Products_Laboratory,https://en.wikipedia.org/wiki/Bio_Products_Laboratory,https://www.permira.com/portfolio/our-portfolio
BioCatch,Permira,permira,London,London,featured,yes,current,,,,,official_site,https://www.permira.com/portfolio/our-portfolio,,,https://www.permira.com/portfolio/our-portfolio
Boats Group,Permira,permira,London,London,featured,yes,current,,,,,official_site|wikipedia,https://www.permira.com/portfolio/our-portfolio|https://en.wikipedia.org/wiki/Boats_Group,https://en.wikipedia.org/wiki/Boats_Group,https://en.wikipedia.org/wiki/Boats_Group,https://www.permira.com/portfolio/our-portfolio
BorsodChem,Permira,permira,London,London,featured,yes,unknown,,,,,wikipedia,https://en.wikipedia.org/wiki/BorsodChem,https://en.wikipedia.org/wiki/BorsodChem,https://en.wikipedia.org/wiki/BorsodChem,https://www.permira.com/portfolio/our-portfolio
CABB,Permira,permira,London,London,featured,yes,current,,,,,official_site,https://www.permira.com/portfolio/our-portfolio,,,https://www.permira.com/portfolio/our-portfolio
Cambrex,Permira,permira,London,London,featured,yes,current,,,,,official_site,https://www.permira.com/portfolio/our-portfolio,,,https://www.permira.com/portfolio/our-portfolio
Cambrex Corporation,Permira,permira,London,London,featured,yes,unknown,,,,,wikipedia,https://en.wikipedia.org/wiki/Cambrex_Corporation,https://en.wikipedia.org/wiki/Cambrex_Corporation,https://en.wikipedia.org/wiki/Cambrex_Corporation,https://www.permira.com/portfolio/our-portfolio
Carta,Permira,permira,London,London,featured,yes,current,,,,,official_site,https://www.permira.com/portfolio/our-portfolio,,,https://www.permira.com/portfolio/our-portfolio
Catawiki,Permira,permira,London,London,featured,yes,current,,,,,official_site,https://www.permira.com/portfolio/our-portfolio,,,https://www.permira.com/portfolio/our-portfolio
Cisco Videoscape,Permira,permira,London,London,featured,yes,unknown,,,,,wikipedia,https://en.wikipedia.org/wiki/Cisco_Videoscape,https://en.wikipedia.org/wiki/Cisco_Videoscape,https://en.wikipedia.org/wiki/Cisco_Videoscape,https://www.permira.com/portfolio/our-portfolio
Cognis,Permira,permira,London,London,featured,yes,unknown,,,,,wikipedia,https://en.wikipedia.org/wiki/Cognis,https://en.wikipedia.org/wiki/Cognis,https://en.wikipedia.org/wiki/Cognis,https://www.permira.com/portfolio/our-portfolio
Debitel,Permira,permira,London,London,featured,yes,unknown,,,,,wikipedia,https://en.wikipedia.org/wiki/Debitel,https://en.wikipedia.org/wiki/Debitel,https://en.wikipedia.org/wiki/Debitel,https://www.permira.com/portfolio/our-portfolio
DinoSol,Permira,permira,London,London,featured,yes,unknown,,,,,wikipedia,https://en.wikipedia.org/wiki/DinoSol,https://en.wikipedia.org/wiki/DinoSol,https://en.wikipedia.org/wiki/DinoSol,https://www.permira.com/portfolio/our-portfolio
Dr. Martens,Permira,permira,London,London,featured,yes,unknown,,,,,wikipedia,https://en.wikipedia.org/wiki/Dr._Martens,https://en.wikipedia.org/wiki/Dr._Martens,https://en.wikipedia.org/wiki/Dr._Martens,https://www.permira.com/portfolio/our-portfolio
EBay Enterprise,Permira,permira,London,London,featured,yes,unknown,,,,,wikipedia,https://en.wikipedia.org/wiki/EBay_Enterprise,https://en.wikipedia.org/wiki/EBay_Enterprise,https://en.wikipedia.org/wiki/EBay_Enterprise,https://www.permira.com/portfolio/our-portfolio
EDreams,Permira,permira,London,London,featured,yes,unknown,,,,,wikipedia,https://en.wikipedia.org/wiki/EDreams,https://en.wikipedia.org/wiki/EDreams,https://en.wikipedia.org/wiki/EDreams,https://www.permira.com/portfolio/our-portfolio
EDreams ODIGEO,Permira,permira,London,London,featured,yes,unknown,,,,,wikipedia,https://en.wikipedia.org/wiki/EDreams_ODIGEO,https://en.wikipedia.org/wiki/EDreams_ODIGEO,https://en.wikipedia.org/wiki/EDreams_ODIGEO,https://www.permira.com/portfolio/our-portfolio
Evelyn Partners,Permira,permira,London,London,featured,yes,unknown,,,,,wikipedia,https://en.wikipedia.org/wiki/Evelyn_Partners,https://en.wikipedia.org/wiki/Evelyn_Partners,https://en.wikipedia.org/wiki/Evelyn_Partners,https://www.permira.com/portfolio/our-portfolio
Ferretti Group,Permira,permira,London,London,featured,yes,unknown,,,,,wikipedia,https://en.wikipedia.org/wiki/Ferretti_Group,https://en.wikipedia.org/wiki/Ferretti_Group,https://en.wikipedia.org/wiki/Ferretti_Group,https://www.permira.com/portfolio/our-portfolio
Foster's Hollywood,Permira,permira,London,London,featured,yes,unknown,,,,,wikipedia,https://en.wikipedia.org/wiki/Foster%27s_Hollywood,https://en.wikipedia.org/wiki/Foster%27s_Hollywood,https://en.wikipedia.org/wiki/Foster%27s_Hollywood,https://www.permira.com/portfolio/our-portfolio
Fullstory,Permira,permira,London,London,featured,yes,unknown,,,,,geig_article,https://growthequityinterviewguide.com/private-equity/private-equity-primer/technology-private-equity-firms,,,https://www.permira.com/portfolio/our-portfolio
Gala Bingo,Permira,permira,London,London,featured,yes,unknown,,,,,wikipedia,https://en.wikipedia.org/wiki/Gala_Bingo,https://en.wikipedia.org/wiki/Gala_Bingo,https://en.wikipedia.org/wiki/Gala_Bingo,https://www.permira.com/portfolio/our-portfolio
Genesys,Permira,permira,London,London,featured,yes,unknown,,,,,geig_article,https://growthequityinterviewguide.com/private-equity/private-equity-primer/technology-private-equity-firms,,,https://www.permira.com/portfolio/our-portfolio
Genesys (company),Permira,permira,London,London,featured,yes,unknown,,,,,wikipedia,https://en.wikipedia.org/wiki/Genesys_%28company%29,https://en.wikipedia.org/wiki/Genesys_%28company%29,https://en.wikipedia.org/wiki/Genesys_%28company%29,https://www.permira.com/portfolio/our-portfolio
GoCardless,Permira,permira,London,London,featured,yes,unknown,,,,,geig_article,https://growthequityinterviewguide.com/private-equity/private-equity-primer/technology-private-equity-firms,,,https://www.permira.com/portfolio/our-portfolio
Golden Goose (company),Permira,permira,London,London,featured,yes,unknown,,,,,wikipedia,https://en.wikipedia.org/wiki/Golden_Goose_%28company%29,https://en.wikipedia.org/wiki/Golden_Goose_%28company%29,https://en.wikipedia.org/wiki/Golden_Goose_%28company%29,https://www.permira.com/portfolio/our-portfolio
Hogg Robinson Group,Permira,permira,London,London,featured,yes,unknown,,,,,wikipedia,https://en.wikipedia.org/wiki/Hogg_Robinson_Group,https://en.wikipedia.org/wiki/Hogg_Robinson_Group,https://en.wikipedia.org/wiki/Hogg_Robinson_Group,https://www.permira.com/portfolio/our-portfolio
Hugo Boss,Permira,permira,London,London,featured,yes,unknown,,,,,wikipedia,https://en.wikipedia.org/wiki/Hugo_Boss,https://en.wikipedia.org/wiki/Hugo_Boss,https://en.wikipedia.org/wiki/Hugo_Boss,https://www.permira.com/portfolio/our-portfolio
Iglo,Permira,permira,London,London,featured,yes,unknown,,,,,wikipedia,https://en.wikipedia.org/wiki/Iglo,https://en.wikipedia.org/wiki/Iglo,https://en.wikipedia.org/wiki/Iglo,https://www.permira.com/portfolio/our-portfolio
Inmarsat,Permira,permira,London,London,featured,yes,unknown,,,,,wikipedia,https://en.wikipedia.org/wiki/Inmarsat,https://en.wikipedia.org/wiki/Inmarsat,https://en.wikipedia.org/wiki/Inmarsat,https://www.permira.com/portfolio/our-portfolio
Intelligrated,Permira,permira,London,London,featured,yes,unknown,,,,,wikipedia,https://en.wikipedia.org/wiki/Intelligrated,https://en.wikipedia.org/wiki/Intelligrated,https://en.wikipedia.org/wiki/Intelligrated,https://www.permira.com/portfolio/our-portfolio
Jet Aviation,Permira,permira,London,London,featured,yes,unknown,,,,,wikipedia,https://en.wikipedia.org/wiki/Jet_Aviation,https://en.wikipedia.org/wiki/Jet_Aviation,https://en.wikipedia.org/wiki/Jet_Aviation,https://www.permira.com/portfolio/our-portfolio
Just Group,Permira,permira,London,London,featured,yes,unknown,,,,,wikipedia,https://en.wikipedia.org/wiki/Just_Group_plc,https://en.wikipedia.org/wiki/Just_Group_plc,https://en.wikipedia.org/wiki/Just_Group_plc,https://www.permira.com/portfolio/our-portfolio
Kroll,Permira,permira,London,London,featured,yes,unknown,,,,,wikipedia,https://en.wikipedia.org/wiki/Kroll_Inc.,https://en.wikipedia.org/wiki/Kroll_Inc.,https://en.wikipedia.org/wiki/Kroll_Inc.,https://www.permira.com/portfolio/our-portfolio
LegalZoom,Permira,permira,London,London,featured,yes,unknown,,,,,wikipedia,https://en.wikipedia.org/wiki/LegalZoom,https://en.wikipedia.org/wiki/LegalZoom,https://en.wikipedia.org/wiki/LegalZoom,https://www.permira.com/portfolio/our-portfolio
Little Chef,Permira,permira,London,London,featured,yes,unknown,,,,,wikipedia,https://en.wikipedia.org/wiki/Little_Chef,https://en.wikipedia.org/wiki/Little_Chef,https://en.wikipedia.org/wiki/Little_Chef,https://www.permira.com/portfolio/our-portfolio
Lytx,Permira,permira,London,London,featured,yes,unknown,,,,,wikipedia,https://en.wikipedia.org/wiki/Lytx,https://en.wikipedia.org/wiki/Lytx,https://en.wikipedia.org/wiki/Lytx,https://www.permira.com/portfolio/our-portfolio
Magento,Permira,permira,London,London,featured,yes,unknown,,,,,wikipedia,https://en.wikipedia.org/wiki/Magento,https://en.wikipedia.org/wiki/Magento,https://en.wikipedia.org/wiki/Magento,https://www.permira.com/portfolio/our-portfolio
McAfee,Permira,permira,London,London,featured,yes,unknown,,,,,wikipedia|geig_article,https://en.wikipedia.org/wiki/McAfee|https://growthequityinterviewguide.com/private-equity/private-equity-primer/technology-private-equity-firms,https://en.wikipedia.org/wiki/McAfee,https://en.wikipedia.org/wiki/McAfee,https://www.permira.com/portfolio/our-portfolio
Mimecast,Permira,permira,London,London,featured,yes,unknown,,,,,wikipedia,https://en.wikipedia.org/wiki/Mimecast,https://en.wikipedia.org/wiki/Mimecast,https://en.wikipedia.org/wiki/Mimecast,https://www.permira.com/portfolio/our-portfolio
Minted,Permira,permira,London,London,featured,yes,unknown,,,,,wikipedia,https://en.wikipedia.org/wiki/Minted,https://en.wikipedia.org/wiki/Minted,https://en.wikipedia.org/wiki/Minted,https://www.permira.com/portfolio/our-portfolio
Netafim,Permira,permira,London,London,featured,yes,unknown,,,,,wikipedia,https://en.wikipedia.org/wiki/Netafim,https://en.wikipedia.org/wiki/Netafim,https://en.wikipedia.org/wiki/Netafim,https://www.permira.com/portfolio/our-portfolio
New Look (company),Permira,permira,London,London,featured,yes,unknown,,,,,wikipedia,https://en.wikipedia.org/wiki/New_Look_%28company%29,https://en.wikipedia.org/wiki/New_Look_%28company%29,https://en.wikipedia.org/wiki/New_Look_%28company%29,https://www.permira.com/portfolio/our-portfolio
Nomad Foods,Permira,permira,London,London,featured,yes,unknown,,,,,wikipedia,https://en.wikipedia.org/wiki/Nomad_Foods,https://en.wikipedia.org/wiki/Nomad_Foods,https://en.wikipedia.org/wiki/Nomad_Foods,https://www.permira.com/portfolio/our-portfolio
Principal Hotel,Permira,permira,London,London,featured,yes,unknown,,,,,wikipedia,https://en.wikipedia.org/wiki/Principal_Hotel_Company,https://en.wikipedia.org/wiki/Principal_Hotel_Company,https://en.wikipedia.org/wiki/Principal_Hotel_Company,https://www.permira.com/portfolio/our-portfolio
ProSieben,Permira,permira,London,London,featured,yes,unknown,,,,,wikipedia,https://en.wikipedia.org/wiki/ProSieben,https://en.wikipedia.org/wiki/ProSieben,https://en.wikipedia.org/wiki/ProSieben,https://www.permira.com/portfolio/our-portfolio
ProSiebenSat.1 Media,Permira,permira,London,London,featured,yes,unknown,,,,,wikipedia,https://en.wikipedia.org/wiki/ProSiebenSat.1_Media,https://en.wikipedia.org/wiki/ProSiebenSat.1_Media,https://en.wikipedia.org/wiki/ProSiebenSat.1_Media,https://www.permira.com/portfolio/our-portfolio
Provimi,Permira,permira,London,London,featured,yes,unknown,,,,,wikipedia,https://en.wikipedia.org/wiki/Provimi,https://en.wikipedia.org/wiki/Provimi,https://en.wikipedia.org/wiki/Provimi,https://www.permira.com/portfolio/our-portfolio
Renaissance Learning,Permira,permira,London,London,featured,yes,unknown,,,,,wikipedia,https://en.wikipedia.org/wiki/Renaissance_Learning,https://en.wikipedia.org/wiki/Renaissance_Learning,https://en.wikipedia.org/wiki/Renaissance_Learning,https://www.permira.com/portfolio/our-portfolio
Rodenstock GmbH,Permira,permira,London,London,featured,yes,unknown,,,,,wikipedia,https://en.wikipedia.org/wiki/Rodenstock_GmbH,https://en.wikipedia.org/wiki/Rodenstock_GmbH,https://en.wikipedia.org/wiki/Rodenstock_GmbH,https://www.permira.com/portfolio/our-portfolio
SBS Broadcasting Group,Permira,permira,London,London,featured,yes,unknown,,,,,wikipedia,https://en.wikipedia.org/wiki/SBS_Broadcasting_Group,https://en.wikipedia.org/wiki/SBS_Broadcasting_Group,https://en.wikipedia.org/wiki/SBS_Broadcasting_Group,https://www.permira.com/portfolio/our-portfolio
Sky Deutschland,Permira,permira,London,London,featured,yes,unknown,,,,,wikipedia,https://en.wikipedia.org/wiki/Sky_Deutschland,https://en.wikipedia.org/wiki/Sky_Deutschland,https://en.wikipedia.org/wiki/Sky_Deutschland,https://www.permira.com/portfolio/our-portfolio
Squarespace,Permira,permira,London,London,featured,yes,unknown,,,,,wikipedia,https://en.wikipedia.org/wiki/Squarespace,https://en.wikipedia.org/wiki/Squarespace,https://en.wikipedia.org/wiki/Squarespace,https://www.permira.com/portfolio/our-portfolio
Synamedia,Permira,permira,London,London,featured,yes,unknown,,,,,wikipedia,https://en.wikipedia.org/wiki/Synamedia,https://en.wikipedia.org/wiki/Synamedia,https://en.wikipedia.org/wiki/Synamedia,https://www.permira.com/portfolio/our-portfolio
Talpa TV,Permira,permira,London,London,featured,yes,unknown,,,,,wikipedia,https://en.wikipedia.org/wiki/Talpa_TV,https://en.wikipedia.org/wiki/Talpa_TV,https://en.wikipedia.org/wiki/Talpa_TV,https://www.permira.com/portfolio/our-portfolio
TDC Holding A/S,Permira,permira,London,London,featured,yes,unknown,,,,,wikipedia,https://en.wikipedia.org/wiki/TDC_Holding_A/S,https://en.wikipedia.org/wiki/TDC_Holding_A/S,https://en.wikipedia.org/wiki/TDC_Holding_A/S,https://www.permira.com/portfolio/our-portfolio
TeamViewer (company),Permira,permira,London,London,featured,yes,unknown,,,,,wikipedia,https://en.wikipedia.org/wiki/TeamViewer_%28company%29,https://en.wikipedia.org/wiki/TeamViewer_%28company%29,https://en.wikipedia.org/wiki/TeamViewer_%28company%29,https://www.permira.com/portfolio/our-portfolio
Telepizza,Permira,permira,London,London,featured,yes,unknown,,,,,wikipedia,https://en.wikipedia.org/wiki/Telepizza,https://en.wikipedia.org/wiki/Telepizza,https://en.wikipedia.org/wiki/Telepizza,https://www.permira.com/portfolio/our-portfolio
Tendam,Permira,permira,London,London,featured,yes,unknown,,,,,wikipedia,https://en.wikipedia.org/wiki/Tendam,https://en.wikipedia.org/wiki/Tendam,https://en.wikipedia.org/wiki/Tendam,https://www.permira.com/portfolio/our-portfolio
Teraco Data Environments,Permira,permira,London,London,featured,yes,unknown,,,,,wikipedia,https://en.wikipedia.org/wiki/Teraco_Data_Environments,https://en.wikipedia.org/wiki/Teraco_Data_Environments,https://en.wikipedia.org/wiki/Teraco_Data_Environments,https://www.permira.com/portfolio/our-portfolio
Tilney,Permira,permira,London,London,featured,yes,unknown,,,,,wikipedia,https://en.wikipedia.org/wiki/Tilney_Ltd.,https://en.wikipedia.org/wiki/Tilney_Ltd.,https://en.wikipedia.org/wiki/Tilney_Ltd.,https://www.permira.com/portfolio/our-portfolio
Travelodge (British company),Permira,permira,London,London,featured,yes,unknown,,,,,wikipedia,https://en.wikipedia.org/wiki/Travelodge_%28British_company%29,https://en.wikipedia.org/wiki/Travelodge_%28British_company%29,https://en.wikipedia.org/wiki/Travelodge_%28British_company%29,https://www.permira.com/portfolio/our-portfolio
Tredair,Permira,permira,London,London,featured,yes,unknown,,,,,wikipedia,https://en.wikipedia.org/wiki/Tredair,https://en.wikipedia.org/wiki/Tredair,https://en.wikipedia.org/wiki/Tredair,https://www.permira.com/portfolio/our-portfolio
Valentino (fashion house),Permira,permira,London,London,featured,yes,unknown,,,,,wikipedia,https://en.wikipedia.org/wiki/Valentino_%28fashion_house%29,https://en.wikipedia.org/wiki/Valentino_%28fashion_house%29,https://en.wikipedia.org/wiki/Valentino_%28fashion_house%29,https://www.permira.com/portfolio/our-portfolio
Valentino Fashion Group,Permira,permira,London,London,featured,yes,unknown,,,,,wikipedia,https://en.wikipedia.org/wiki/Valentino_Fashion_Group,https://en.wikipedia.org/wiki/Valentino_Fashion_Group,https://en.wikipedia.org/wiki/Valentino_Fashion_Group,https://www.permira.com/portfolio/our-portfolio
YachtWorld,Permira,permira,London,London,featured,yes,unknown,,,,,wikipedia,https://en.wikipedia.org/wiki/YachtWorld,https://en.wikipedia.org/wiki/YachtWorld,https://en.wikipedia.org/wiki/YachtWorld,https://www.permira.com/portfolio/our-portfolio
Zendesk,Permira,permira,London,London,featured,yes,unknown,,,,,wikipedia,https://en.wikipedia.org/wiki/Zendesk,https://en.wikipedia.org/wiki/Zendesk,https://en.wikipedia.org/wiki/Zendesk,https://www.permira.com/portfolio/our-portfolio
Addepar,Vitruvian Partners,vitruvian,London,London,honorable_mention,no,unknown,,,,,public_reports,https://en.wikipedia.org/wiki/Vitruvian_Partners,,https://en.wikipedia.org/wiki/Vitruvian_Partners,https://www.vitruvianpartners.com/investments
Africa Specialty Risks,Vitruvian Partners,vitruvian,London,London,honorable_mention,no,unknown,,,,,public_reports,https://en.wikipedia.org/wiki/Vitruvian_Partners,,https://en.wikipedia.org/wiki/Vitruvian_Partners,https://www.vitruvianpartners.com/investments
AlphaSense,Vitruvian Partners,vitruvian,London,London,honorable_mention,no,unknown,,,,,public_reports,https://en.wikipedia.org/wiki/Vitruvian_Partners,,https://en.wikipedia.org/wiki/Vitruvian_Partners,https://www.vitruvianpartners.com/investments
Aquabyte,Vitruvian Partners,vitruvian,London,London,honorable_mention,no,unknown,,,,,public_reports,https://en.wikipedia.org/wiki/Vitruvian_Partners,,https://en.wikipedia.org/wiki/Vitruvian_Partners,https://www.vitruvianpartners.com/investments
Aspia,Vitruvian Partners,vitruvian,London,London,honorable_mention,no,unknown,,,,,public_reports,https://en.wikipedia.org/wiki/Vitruvian_Partners,,https://en.wikipedia.org/wiki/Vitruvian_Partners,https://www.vitruvianpartners.com/investments
Cato Networks,Vitruvian Partners,vitruvian,London,London,honorable_mention,no,unknown,,,,,public_reports,https://en.wikipedia.org/wiki/Vitruvian_Partners,,https://en.wikipedia.org/wiki/Vitruvian_Partners,https://www.vitruvianpartners.com/investments
DeepIntent,Vitruvian Partners,vitruvian,London,London,honorable_mention,no,unknown,,,,,public_reports,https://en.wikipedia.org/wiki/Vitruvian_Partners,,https://en.wikipedia.org/wiki/Vitruvian_Partners,https://www.vitruvianpartners.com/investments
Dojo,Vitruvian Partners,vitruvian,London,London,honorable_mention,no,unknown,,,,,public_reports,https://en.wikipedia.org/wiki/Vitruvian_Partners,,https://en.wikipedia.org/wiki/Vitruvian_Partners,https://www.vitruvianpartners.com/investments
Hinge Health,Vitruvian Partners,vitruvian,London,London,honorable_mention,no,unknown,,,,,public_reports,https://en.wikipedia.org/wiki/Vitruvian_Partners,,https://en.wikipedia.org/wiki/Vitruvian_Partners,https://www.vitruvianpartners.com/investments
Klook,Vitruvian Partners,vitruvian,London,London,honorable_mention,no,unknown,,,,,public_reports,https://en.wikipedia.org/wiki/Vitruvian_Partners,,https://en.wikipedia.org/wiki/Vitruvian_Partners,https://www.vitruvianpartners.com/investments
Marqeta,Vitruvian Partners,vitruvian,London,London,honorable_mention,no,unknown,,,,,public_reports,https://en.wikipedia.org/wiki/Vitruvian_Partners,,https://en.wikipedia.org/wiki/Vitruvian_Partners,https://www.vitruvianpartners.com/investments
Moonfare,Vitruvian Partners,vitruvian,London,London,honorable_mention,no,unknown,,,,,public_reports,https://en.wikipedia.org/wiki/Vitruvian_Partners,,https://en.wikipedia.org/wiki/Vitruvian_Partners,https://www.vitruvianpartners.com/investments
OAG,Vitruvian Partners,vitruvian,London,London,honorable_mention,no,unknown,,,,,public_reports,https://en.wikipedia.org/wiki/Vitruvian_Partners,,https://en.wikipedia.org/wiki/Vitruvian_Partners,https://www.vitruvianpartners.com/investments
Options Technology,Vitruvian Partners,vitruvian,London,London,honorable_mention,no,unknown,,,,,public_reports,https://en.wikipedia.org/wiki/Vitruvian_Partners,,https://en.wikipedia.org/wiki/Vitruvian_Partners,https://www.vitruvianpartners.com/investments
Pine Labs,Vitruvian Partners,vitruvian,London,London,honorable_mention,no,unknown,,,,,public_reports,https://en.wikipedia.org/wiki/Vitruvian_Partners,,https://en.wikipedia.org/wiki/Vitruvian_Partners,https://www.vitruvianpartners.com/investments
Skyscanner,Vitruvian Partners,vitruvian,London,London,honorable_mention,no,unknown,,,,,public_reports,https://en.wikipedia.org/wiki/Vitruvian_Partners,,https://en.wikipedia.org/wiki/Vitruvian_Partners,https://www.vitruvianpartners.com/investments
Thunes,Vitruvian Partners,vitruvian,London,London,honorable_mention,no,unknown,,,,,public_reports,https://en.wikipedia.org/wiki/Vitruvian_Partners,,https://en.wikipedia.org/wiki/Vitruvian_Partners,https://www.vitruvianpartners.com/investments
Twinkl,Vitruvian Partners,vitruvian,London,London,honorable_mention,no,unknown,,,,,public_reports,https://en.wikipedia.org/wiki/Vitruvian_Partners,,https://en.wikipedia.org/wiki/Vitruvian_Partners,https://www.vitruvianpartners.com/investments
A-LIGN,Hg,hg,London,London,honorable_mention,no,unknown,,,,,official_site,https://hgcapital.com/portfolio,,,https://hgcapital.com/portfolio
A-Plan Group,Hg,hg,London,London,honorable_mention,no,unknown,,,,,official_site,https://hgcapital.com/portfolio,,,https://hgcapital.com/portfolio
Access Group,Hg,hg,London,London,honorable_mention,no,unknown,,,,,official_site,https://hgcapital.com/portfolio,,,https://hgcapital.com/portfolio
Achilles,Hg,hg,London,London,honorable_mention,no,unknown,,,,,official_site,https://hgcapital.com/portfolio,,,https://hgcapital.com/portfolio
Addison Software,Hg,hg,London,London,honorable_mention,no,unknown,,,,,official_site,https://hgcapital.com/portfolio,,,https://hgcapital.com/portfolio
Allocate,Hg,hg,London,London,honorable_mention,no,unknown,,,,,official_site,https://hgcapital.com/portfolio,,,https://hgcapital.com/portfolio
AMDT,Hg,hg,London,London,honorable_mention,no,unknown,,,,,official_site,https://hgcapital.com/portfolio,,,https://hgcapital.com/portfolio
Argus,Hg,hg,London,London,honorable_mention,no,unknown,,,,,official_site,https://hgcapital.com/portfolio,,,https://hgcapital.com/portfolio
Ascendia Gruppe,Hg,hg,London,London,honorable_mention,no,unknown,,,,,official_site,https://hgcapital.com/portfolio,,,https://hgcapital.com/portfolio
ATC,Hg,hg,London,London,honorable_mention,no,unknown,,,,,official_site,https://hgcapital.com/portfolio,,,https://hgcapital.com/portfolio
Athletic Sport Sponsoring,Hg,hg,London,London,honorable_mention,no,unknown,,,,,official_site,https://hgcapital.com/portfolio,,,https://hgcapital.com/portfolio
Axiom,Hg,hg,London,London,honorable_mention,no,unknown,,,,,official_site,https://hgcapital.com/portfolio,,,https://hgcapital.com/portfolio
Azets,Hg,hg,London,London,honorable_mention,no,unknown,,,,,official_site,https://hgcapital.com/portfolio,,,https://hgcapital.com/portfolio
Benevity,Hg,hg,London,London,honorable_mention,no,unknown,,,,,official_site,https://hgcapital.com/portfolio,,,https://hgcapital.com/portfolio
Blinqx,Hg,hg,London,London,honorable_mention,no,unknown,,,,,official_site,https://hgcapital.com/portfolio,,,https://hgcapital.com/portfolio
Boosey & Hawkes,Hg,hg,London,London,honorable_mention,no,unknown,,,,,official_site,https://hgcapital.com/portfolio,,,https://hgcapital.com/portfolio
Bright,Hg,hg,London,London,honorable_mention,no,unknown,,,,,official_site,https://hgcapital.com/portfolio,,,https://hgcapital.com/portfolio
Caseware,Hg,hg,London,London,honorable_mention,no,unknown,,,,,official_site,https://hgcapital.com/portfolio,,,https://hgcapital.com/portfolio
CINC Systems,Hg,hg,London,London,honorable_mention,no,unknown,,,,,official_site,https://hgcapital.com/portfolio,,,https://hgcapital.com/portfolio
Citation Group,Hg,hg,London,London,honorable_mention,no,unknown,,,,,official_site,https://hgcapital.com/portfolio,,,https://hgcapital.com/portfolio
Clarion Events,Hg,hg,London,London,honorable_mention,no,unknown,,,,,official_site,https://hgcapital.com/portfolio,,,https://hgcapital.com/portfolio
Commify,Hg,hg,London,London,honorable_mention,no,unknown,,,,,official_site,https://hgcapital.com/portfolio,,,https://hgcapital.com/portfolio
CSH,Hg,hg,London,London,honorable_mention,no,unknown,,,,,official_site,https://hgcapital.com/portfolio,,,https://hgcapital.com/portfolio
CTAIMA,Hg,hg,London,London,honorable_mention,no,unknown,,,,,official_site,https://hgcapital.com/portfolio,,,https://hgcapital.com/portfolio
Cube Global,Hg,hg,London,London,honorable_mention,no,unknown,,,,,official_site,https://hgcapital.com/portfolio,,,https://hgcapital.com/portfolio
Dext,Hg,hg,London,London,honorable_mention,no,unknown,,,,,official_site,https://hgcapital.com/portfolio,,,https://hgcapital.com/portfolio
Diamant Software,Hg,hg,London,London,honorable_mention,no,unknown,,,,,official_site,https://hgcapital.com/portfolio,,,https://hgcapital.com/portfolio
EidosMedia,Hg,hg,London,London,honorable_mention,no,unknown,,,,,official_site,https://hgcapital.com/portfolio,,,https://hgcapital.com/portfolio
Empyrean Solutions,Hg,hg,London,London,honorable_mention,no,unknown,,,,,official_site,https://hgcapital.com/portfolio,,,https://hgcapital.com/portfolio
Epyx,Hg,hg,London,London,honorable_mention,no,unknown,,,,,official_site,https://hgcapital.com/portfolio,,,https://hgcapital.com/portfolio
Eucon,Hg,hg,London,London,honorable_mention,no,unknown,,,,,official_site,https://hgcapital.com/portfolio,,,https://hgcapital.com/portfolio
F24,Hg,hg,London,London,honorable_mention,no,unknown,,,,,official_site,https://hgcapital.com/portfolio,,,https://hgcapital.com/portfolio
FABORY,Hg,hg,London,London,honorable_mention,no,unknown,,,,,official_site,https://hgcapital.com/portfolio,,,https://hgcapital.com/portfolio
FE fundinfo,Hg,hg,London,London,honorable_mention,no,unknown,,,,,official_site,https://hgcapital.com/portfolio,,,https://hgcapital.com/portfolio
Focus Group,Hg,hg,London,London,honorable_mention,no,unknown,,,,,official_site,https://hgcapital.com/portfolio,,,https://hgcapital.com/portfolio
Foundry,Hg,hg,London,London,honorable_mention,no,unknown,,,,,official_site,https://hgcapital.com/portfolio,,,https://hgcapital.com/portfolio
Frösunda,Hg,hg,London,London,honorable_mention,no,unknown,,,,,official_site,https://hgcapital.com/portfolio,,,https://hgcapital.com/portfolio
FTSA,Hg,hg,London,London,honorable_mention,no,unknown,,,,,official_site,https://hgcapital.com/portfolio,,,https://hgcapital.com/portfolio
Gen II,Hg,hg,London,London,honorable_mention,no,unknown,,,,,official_site,https://hgcapital.com/portfolio,,,https://hgcapital.com/portfolio
Geomatikk,Hg,hg,London,London,honorable_mention,no,unknown,,,,,official_site,https://hgcapital.com/portfolio,,,https://hgcapital.com/portfolio
GGW Group,Hg,hg,London,London,honorable_mention,no,unknown,,,,,official_site,https://hgcapital.com/portfolio,,,https://hgcapital.com/portfolio
Group Induver,Hg,hg,London,London,honorable_mention,no,unknown,,,,,official_site,https://hgcapital.com/portfolio,,,https://hgcapital.com/portfolio
GTreasury,Hg,hg,London,London,honorable_mention,no,unknown,,,,,official_site,https://hgcapital.com/portfolio,,,https://hgcapital.com/portfolio
HHAeXchange,Hg,hg,London,London,honorable_mention,no,unknown,,,,,official_site,https://hgcapital.com/portfolio,,,https://hgcapital.com/portfolio
Hirschmann,Hg,hg,London,London,honorable_mention,no,unknown,,,,,official_site,https://hgcapital.com/portfolio,,,https://hgcapital.com/portfolio
Hofmann,Hg,hg,London,London,honorable_mention,no,unknown,,,,,official_site,https://hgcapital.com/portfolio,,,https://hgcapital.com/portfolio
Howden Group Holdings,Hg,hg,London,London,honorable_mention,no,unknown,,,,,official_site,https://hgcapital.com/portfolio,,,https://hgcapital.com/portfolio
Ideagen,Hg,hg,London,London,honorable_mention,no,unknown,,,,,official_site,https://hgcapital.com/portfolio,,,https://hgcapital.com/portfolio
IFS,Hg,hg,London,London,honorable_mention,no,unknown,,,,,official_site,https://hgcapital.com/portfolio,,,https://hgcapital.com/portfolio
insightsoftware,Hg,hg,London,London,honorable_mention,no,unknown,,,,,official_site,https://hgcapital.com/portfolio,,,https://hgcapital.com/portfolio
Intelerad,Hg,hg,London,London,honorable_mention,no,unknown,,,,,official_site,https://hgcapital.com/portfolio,,,https://hgcapital.com/portfolio
intelliflo,Hg,hg,London,London,honorable_mention,no,unknown,,,,,official_site,https://hgcapital.com/portfolio,,,https://hgcapital.com/portfolio
IRIS,Hg,hg,London,London,honorable_mention,no,unknown,,,,,official_site,https://hgcapital.com/portfolio,,,https://hgcapital.com/portfolio
Ivalua,Hg,hg,London,London,honorable_mention,no,unknown,,,,,official_site,https://hgcapital.com/portfolio,,,https://hgcapital.com/portfolio
JTL,Hg,hg,London,London,honorable_mention,no,unknown,,,,,official_site,https://hgcapital.com/portfolio,,,https://hgcapital.com/portfolio
Litera,Hg,hg,London,London,honorable_mention,no,unknown,,,,,official_site,https://hgcapital.com/portfolio,,,https://hgcapital.com/portfolio
Lucanet,Hg,hg,London,London,honorable_mention,no,unknown,,,,,official_site,https://hgcapital.com/portfolio,,,https://hgcapital.com/portfolio
Mitratech,Hg,hg,London,London,honorable_mention,no,unknown,,,,,official_site,https://hgcapital.com/portfolio,,,https://hgcapital.com/portfolio
MyUnisoft,Hg,hg,London,London,honorable_mention,no,unknown,,,,,official_site,https://hgcapital.com/portfolio,,,https://hgcapital.com/portfolio
Ncontracts,Hg,hg,London,London,honorable_mention,no,unknown,,,,,official_site,https://hgcapital.com/portfolio,,,https://hgcapital.com/portfolio
Nitrogen,Hg,hg,London,London,honorable_mention,no,unknown,,,,,official_site,https://hgcapital.com/portfolio,,,https://hgcapital.com/portfolio
Nomadia,Hg,hg,London,London,honorable_mention,no,unknown,,,,,official_site,https://hgcapital.com/portfolio,,,https://hgcapital.com/portfolio
Norstella,Hg,hg,London,London,honorable_mention,no,unknown,,,,,official_site,https://hgcapital.com/portfolio,,,https://hgcapital.com/portfolio
OneStream,Hg,hg,London,London,honorable_mention,no,unknown,,,,,official_site,https://hgcapital.com/portfolio,,,https://hgcapital.com/portfolio
Optro,Hg,hg,London,London,honorable_mention,no,unknown,,,,,official_site,https://hgcapital.com/portfolio,,,https://hgcapital.com/portfolio
P&I,Hg,hg,London,London,honorable_mention,no,unknown,,,,,official_site,https://hgcapital.com/portfolio,,,https://hgcapital.com/portfolio
Parte,Hg,hg,London,London,honorable_mention,no,unknown,,,,,official_site,https://hgcapital.com/portfolio,,,https://hgcapital.com/portfolio
Parts Alliance,Hg,hg,London,London,honorable_mention,no,unknown,,,,,official_site,https://hgcapital.com/portfolio,,,https://hgcapital.com/portfolio
Payworks,Hg,hg,London,London,honorable_mention,no,unknown,,,,,official_site,https://hgcapital.com/portfolio,,,https://hgcapital.com/portfolio
Pirum,Hg,hg,London,London,honorable_mention,no,unknown,,,,,official_site,https://hgcapital.com/portfolio,,,https://hgcapital.com/portfolio
ProcessMAP,Hg,hg,London,London,honorable_mention,no,unknown,,,,,official_site,https://hgcapital.com/portfolio,,,https://hgcapital.com/portfolio
Prophix,Hg,hg,London,London,honorable_mention,no,unknown,,,,,official_site,https://hgcapital.com/portfolio,,,https://hgcapital.com/portfolio
Quantios,Hg,hg,London,London,honorable_mention,no,unknown,,,,,official_site,https://hgcapital.com/portfolio,,,https://hgcapital.com/portfolio
Relay,Hg,hg,London,London,honorable_mention,no,unknown,,,,,official_site,https://hgcapital.com/portfolio,,,https://hgcapital.com/portfolio
Revalize,Hg,hg,London,London,honorable_mention,no,unknown,,,,,official_site,https://hgcapital.com/portfolio,,,https://hgcapital.com/portfolio
Rhapsody,Hg,hg,London,London,honorable_mention,no,unknown,,,,,official_site,https://hgcapital.com/portfolio,,,https://hgcapital.com/portfolio
Rightsline,Hg,hg,London,London,honorable_mention,no,unknown,,,,,official_site,https://hgcapital.com/portfolio,,,https://hgcapital.com/portfolio
Rolfe & Nolan,Hg,hg,London,London,honorable_mention,no,unknown,,,,,official_site,https://hgcapital.com/portfolio,,,https://hgcapital.com/portfolio
Schenck MPT,Hg,hg,London,London,honorable_mention,no,unknown,,,,,official_site,https://hgcapital.com/portfolio,,,https://hgcapital.com/portfolio
Scopevisio,Hg,hg,London,London,honorable_mention,no,unknown,,,,,official_site,https://hgcapital.com/portfolio,,,https://hgcapital.com/portfolio
Septeo,Hg,hg,London,London,honorable_mention,no,unknown,,,,,official_site,https://hgcapital.com/portfolio,,,https://hgcapital.com/portfolio
Sequel,Hg,hg,London,London,honorable_mention,no,unknown,,,,,official_site,https://hgcapital.com/portfolio,,,https://hgcapital.com/portfolio
Serrala,Hg,hg,London,London,honorable_mention,no,unknown,,,,,official_site,https://hgcapital.com/portfolio,,,https://hgcapital.com/portfolio
SFC KOENIG,Hg,hg,London,London,honorable_mention,no,unknown,,,,,official_site,https://hgcapital.com/portfolio,,,https://hgcapital.com/portfolio
SHL,Hg,hg,London,London,honorable_mention,no,unknown,,,,,official_site,https://hgcapital.com/portfolio,,,https://hgcapital.com/portfolio
Silverfin,Hg,hg,London,London,honorable_mention,no,unknown,,,,,official_site,https://hgcapital.com/portfolio,,,https://hgcapital.com/portfolio
SimonsVoss,Hg,hg,London,London,honorable_mention,no,unknown,,,,,official_site,https://hgcapital.com/portfolio,,,https://hgcapital.com/portfolio
SiTel,Hg,hg,London,London,honorable_mention,no,unknown,,,,,official_site,https://hgcapital.com/portfolio,,,https://hgcapital.com/portfolio
SLV,Hg,hg,London,London,honorable_mention,no,unknown,,,,,official_site,https://hgcapital.com/portfolio,,,https://hgcapital.com/portfolio
smartTrade Technologies,Hg,hg,London,London,honorable_mention,no,unknown,,,,,official_site,https://hgcapital.com/portfolio,,,https://hgcapital.com/portfolio
Sovos,Hg,hg,London,London,honorable_mention,no,unknown,,,,,official_site,https://hgcapital.com/portfolio,,,https://hgcapital.com/portfolio
STP software,Hg,hg,London,London,honorable_mention,no,unknown,,,,,official_site,https://hgcapital.com/portfolio,,,https://hgcapital.com/portfolio
team.blue,Hg,hg,London,London,honorable_mention,no,unknown,,,,,official_site,https://hgcapital.com/portfolio,,,https://hgcapital.com/portfolio
TeamSystem,Hg,hg,London,London,honorable_mention,no,unknown,,,,,official_site,https://hgcapital.com/portfolio,,,https://hgcapital.com/portfolio
Teamworks,Hg,hg,London,London,honorable_mention,no,unknown,,,,,official_site,https://hgcapital.com/portfolio,,,https://hgcapital.com/portfolio
Trackunit,Hg,hg,London,London,honorable_mention,no,unknown,,,,,official_site,https://hgcapital.com/portfolio,,,https://hgcapital.com/portfolio
Ullink,Hg,hg,London,London,honorable_mention,no,unknown,,,,,official_site,https://hgcapital.com/portfolio,,,https://hgcapital.com/portfolio
Visma,Hg,hg,London,London,honorable_mention,no,unknown,,,,,official_site,https://hgcapital.com/portfolio,,,https://hgcapital.com/portfolio
Waystone,Hg,hg,London,London,honorable_mention,no,unknown,,,,,official_site,https://hgcapital.com/portfolio,,,https://hgcapital.com/portfolio
Workwave,Hg,hg,London,London,honorable_mention,no,unknown,,,,,official_site,https://hgcapital.com/portfolio,,,https://hgcapital.com/portfolio
Anuvu,Platinum Equity,platinum-equity,Beverly Hills,Los Angeles,featured,yes,current,,,,,official_site,https://www.platinumequity.com/our-companies/,,,https://www.platinumequity.com/our-companies/
Arrow International,Platinum Equity,platinum-equity,Beverly Hills,Los Angeles,featured,yes,current,,,,,official_site,https://www.platinumequity.com/our-companies/,,,https://www.platinumequity.com/our-companies/
ASP Global,Platinum Equity,platinum-equity,Beverly Hills,Los Angeles,featured,yes,current,,,,,official_site,https://www.platinumequity.com/our-companies/,,,https://www.platinumequity.com/our-companies/
Awaze,Platinum Equity,platinum-equity,Beverly Hills,Los Angeles,featured,yes,current,,,,,official_site,https://www.platinumequity.com/our-companies/,,,https://www.platinumequity.com/our-companies/
Biscuit International,Platinum Equity,platinum-equity,Beverly Hills,Los Angeles,featured,yes,current,,,,,official_site,https://www.platinumequity.com/our-companies/,,,https://www.platinumequity.com/our-companies/
BlueCrest,Platinum Equity,platinum-equity,Beverly Hills,Los Angeles,featured,yes,current,,,,,official_site,https://www.platinumequity.com/our-companies/,,,https://www.platinumequity.com/our-companies/
Cabinetworks,Platinum Equity,platinum-equity,Beverly Hills,Los Angeles,featured,yes,current,,,,,official_site,https://www.platinumequity.com/our-companies/,,,https://www.platinumequity.com/our-companies/
Calderys,Platinum Equity,platinum-equity,Beverly Hills,Los Angeles,featured,yes,current,,,,,official_site,https://www.platinumequity.com/our-companies/,,,https://www.platinumequity.com/our-companies/
CBX Solutions,Platinum Equity,platinum-equity,Beverly Hills,Los Angeles,featured,yes,current,,,,,official_site,https://www.platinumequity.com/our-companies/,,,https://www.platinumequity.com/our-companies/
Centerfield,Platinum Equity,platinum-equity,Beverly Hills,Los Angeles,featured,yes,current,,,,,official_site,https://www.platinumequity.com/our-companies/,,,https://www.platinumequity.com/our-companies/
Cision,Platinum Equity,platinum-equity,Beverly Hills,Los Angeles,featured,yes,current,,,,,official_site,https://www.platinumequity.com/our-companies/,,,https://www.platinumequity.com/our-companies/
Club Car,Platinum Equity,platinum-equity,Beverly Hills,Los Angeles,featured,yes,current,,,,,official_site,https://www.platinumequity.com/our-companies/,,,https://www.platinumequity.com/our-companies/
Custom Truck One Source,Platinum Equity,platinum-equity,Beverly Hills,Los Angeles,featured,yes,current,,,,,official_site,https://www.platinumequity.com/our-companies/,,,https://www.platinumequity.com/our-companies/
Czarnowski Collective,Platinum Equity,platinum-equity,Beverly Hills,Los Angeles,featured,yes,current,,,,,official_site,https://www.platinumequity.com/our-companies/,,,https://www.platinumequity.com/our-companies/
DCA Services,Platinum Equity,platinum-equity,Beverly Hills,Los Angeles,featured,yes,current,,,,,official_site,https://www.platinumequity.com/our-companies/,,,https://www.platinumequity.com/our-companies/
De Wave Group,Platinum Equity,platinum-equity,Beverly Hills,Los Angeles,featured,yes,current,,,,,official_site,https://www.platinumequity.com/our-companies/,,,https://www.platinumequity.com/our-companies/
Deluxe,Platinum Equity,platinum-equity,Beverly Hills,Los Angeles,featured,yes,current,,,,,official_site,https://www.platinumequity.com/our-companies/,,,https://www.platinumequity.com/our-companies/
E&A Scheer,Platinum Equity,platinum-equity,Beverly Hills,Los Angeles,featured,yes,current,,,,,official_site,https://www.platinumequity.com/our-companies/,,,https://www.platinumequity.com/our-companies/
Electro Rent,Platinum Equity,platinum-equity,Beverly Hills,Los Angeles,featured,yes,current,,,,,official_site,https://www.platinumequity.com/our-companies/,,,https://www.platinumequity.com/our-companies/
Fantini Group,Platinum Equity,platinum-equity,Beverly Hills,Los Angeles,featured,yes,current,,,,,official_site,https://www.platinumequity.com/our-companies/,,,https://www.platinumequity.com/our-companies/
McGraw Hill,Platinum Equity,platinum-equity,Beverly Hills,Los Angeles,featured,yes,unknown,,,,,geig_article,https://growthequityinterviewguide.com/private-equity/private-equity-primer/technology-private-equity-firms,,,https://www.platinumequity.com/our-companies/
Solenis,Platinum Equity,platinum-equity,Beverly Hills,Los Angeles,featured,yes,unknown,,,,,geig_article,https://growthequityinterviewguide.com/private-equity/private-equity-primer/technology-private-equity-firms,,,https://www.platinumequity.com/our-companies/
Urbaser,Platinum Equity,platinum-equity,Beverly Hills,Los Angeles,featured,yes,unknown,,,,,geig_article,https://growthequityinterviewguide.com/private-equity/private-equity-primer/technology-private-equity-firms,,,https://www.platinumequity.com/our-companies/
