account_name,pe_firm_count,pe_firms,pe_firm_ids,any_multi_sector_sponsor,sources,company_url,wikipedia_url
Ancestry,3,Permira | Silver Lake | Spectrum Equity,permira|silver-lake|spectrum-equity,yes,official_site,https://www.silverlake.com/portfolio/ancestry/,
Barracuda Networks,3,Francisco Partners | KKR | Thoma Bravo,francisco-partners|kkr|thoma-bravo,yes,official_site|wikipedia,https://www.franciscopartners.com/investments/barracuda-networks,https://en.wikipedia.org/wiki/Barracuda_Networks
Enverus,3,Accel-KKR | Genstar Capital | Hellman & Friedman,accel-kkr|genstar-capital|hellman-friedman,yes,official_site,https://hf.com/portfolio/enverus/,
GoodRx,3,Francisco Partners | Silver Lake | Spectrum Equity,francisco-partners|silver-lake|spectrum-equity,no,geig_article|official_site|wikipedia,https://www.silverlake.com/portfolio/goodrx/,https://en.wikipedia.org/wiki/GoodRx
Internet Brands,3,Hellman & Friedman | KKR | Warburg Pincus,hellman-friedman|kkr|warburg-pincus,yes,official_site|wikipedia,https://hf.com/portfolio/internet-brands-inc/,https://en.wikipedia.org/wiki/Internet_Brands
Metropolis Healthcare,3,Carlyle | KKR | Warburg Pincus,carlyle|kkr|warburg-pincus,yes,wikipedia,https://en.wikipedia.org/wiki/Metropolis_Healthcare,https://en.wikipedia.org/wiki/Metropolis_Healthcare
Nasdaq,3,Hellman & Friedman | Silver Lake | Thoma Bravo,hellman-friedman|silver-lake|thoma-bravo,no,geig_article|official_site,https://www.silverlake.com/portfolio/nasdaq/,
Norstella,3,"Hg | Warburg Pincus | Welsh, Carson, Anderson & Stowe",hg|warburg-pincus|wcas,yes,official_site,https://warburgpincus.com/investments/norstella/,
TDC Holding A/S,3,Blackstone | KKR | Permira,blackstone|kkr|permira,yes,wikipedia,https://en.wikipedia.org/wiki/TDC_Holding_A/S,https://en.wikipedia.org/wiki/TDC_Holding_A/S
TeamSystem,3,Hellman & Friedman | Hg | Silver Lake,hellman-friedman|hg|silver-lake,no,official_site,https://www.silverlake.com/portfolio/teamsystem/,
7 Days Inn,2,Carlyle | Warburg Pincus,carlyle|warburg-pincus,yes,wikipedia,https://en.wikipedia.org/wiki/7_Days_Inn,https://en.wikipedia.org/wiki/7_Days_Inn
AA,2,Permira | Warburg Pincus,permira|warburg-pincus,yes,official_site|wikipedia,https://warburgpincus.com/investments/aa/,https://en.wikipedia.org/wiki/The_AA
Abrigo,2,Accel-KKR | Carlyle,accel-kkr|carlyle,yes,geig_article|official_site,,
Accruent,2,Genstar Capital | Vista Equity Partners,genstar-capital|vista-equity,yes,official_site,https://www.vistaequitypartners.com/company/accruent/,
Acumatica,2,Accel-KKR | Vista Equity Partners,accel-kkr|vista-equity,no,official_site|wikipedia,https://www.vistaequitypartners.com/company/acumatica/,https://en.wikipedia.org/wiki/Acumatica
Aderant,2,Francisco Partners | Vista Equity Partners,francisco-partners|vista-equity,no,official_site,https://www.franciscopartners.com/investments/aderant,
Ancestry.com,2,Blackstone | Permira,blackstone|permira,yes,wikipedia,https://en.wikipedia.org/wiki/Ancestry.com,https://en.wikipedia.org/wiki/Ancestry.com
Ant Group,2,Silver Lake | Warburg Pincus,silver-lake|warburg-pincus,yes,geig_article|official_site|wikipedia,https://www.silverlake.com/portfolio/ant-group/,https://en.wikipedia.org/wiki/Ant_Group
Applied Systems,2,Hellman & Friedman | Vista Equity Partners,hellman-friedman|vista-equity,no,official_site,https://hf.com/portfolio/applied-systems-inc/,
Asurion,2,"Providence Equity Partners | Welsh, Carson, Anderson & Stowe",providence-equity|wcas,yes,official_site|wikipedia,https://en.wikipedia.org/wiki/Asurion,https://en.wikipedia.org/wiki/Asurion
Avalara,2,Vista Equity Partners | Warburg Pincus,vista-equity|warburg-pincus,yes,geig_article|official_site,https://www.vistaequitypartners.com/company/avalara/,
Axiom,2,Hg | Permira,hg|permira,yes,official_site,,
BetterCloud,2,Vista Equity Partners | Warburg Pincus,vista-equity|warburg-pincus,yes,official_site|wikipedia,https://www.vistaequitypartners.com/company/bettercloud/,https://en.wikipedia.org/wiki/BetterCloud
Blue Coat,2,Francisco Partners | Thoma Bravo,francisco-partners|thoma-bravo,no,official_site,https://www.franciscopartners.com/investments/blue-coat,
Bountiful,2,Carlyle | KKR,carlyle|kkr,yes,wikipedia,https://en.wikipedia.org/wiki/The_Bountiful_Company,https://en.wikipedia.org/wiki/The_Bountiful_Company
Bullhorn,2,Genstar Capital | Vista Equity Partners,genstar-capital|vista-equity,yes,official_site|wikipedia,https://www.vistaequitypartners.com/company/bullhorn/,https://en.wikipedia.org/wiki/Bullhorn%2C_Inc.
Carta,2,Permira | Silver Lake,permira|silver-lake,yes,official_site,https://www.silverlake.com/portfolio/carta/,
Casema,2,Carlyle | Warburg Pincus,carlyle|warburg-pincus,yes,wikipedia,https://en.wikipedia.org/wiki/Casema,https://en.wikipedia.org/wiki/Casema
Cerity Partners,2,Genstar Capital | Warburg Pincus,genstar-capital|warburg-pincus,yes,official_site,https://warburgpincus.com/investments/cerity-partners/,
Change Healthcare,2,Blackstone | Hellman & Friedman,blackstone|hellman-friedman,yes,official_site|wikipedia,https://hf.com/portfolio/change-healthcare/,https://en.wikipedia.org/wiki/Change_Healthcare
Clearwater Analytics,2,"Warburg Pincus | Welsh, Carson, Anderson & Stowe",warburg-pincus|wcas,yes,official_site,https://warburgpincus.com/investments/clearwater-analytics/,
Com Hem,2,Carlyle | Providence Equity Partners,carlyle|providence-equity,yes,wikipedia,https://en.wikipedia.org/wiki/Com_Hem,https://en.wikipedia.org/wiki/Com_Hem
Cvent,2,Blackstone | Vista Equity Partners,blackstone|vista-equity,yes,geig_article|official_site|wikipedia,https://www.vistaequitypartners.com/company/cvent/,https://en.wikipedia.org/wiki/Cvent
Eagleview,2,Spectrum Equity | Vista Equity Partners,spectrum-equity|vista-equity,no,official_site,https://www.vistaequitypartners.com/company/eagleview/,
Edelman Financial Engines,2,Hellman & Friedman | Warburg Pincus,hellman-friedman|warburg-pincus,yes,official_site,https://hf.com/portfolio/edelman-financial-engines/,
Ellucian,2,Hellman & Friedman | Vista Equity Partners,hellman-friedman|vista-equity,no,official_site,https://hf.com/portfolio/ellucian-inc/,
ESO,2,Accel-KKR | Vista Equity Partners,accel-kkr|vista-equity,no,official_site,https://www.vistaequitypartners.com/company/eso-solutions/,
Evelyn Partners,2,Permira | Warburg Pincus,permira|warburg-pincus,yes,official_site|wikipedia,https://warburgpincus.com/investments/evelyn-partners/,https://en.wikipedia.org/wiki/Evelyn_Partners
Fiserv,2,"KKR | Welsh, Carson, Anderson & Stowe",kkr|wcas,yes,official_site|wikipedia,https://en.wikipedia.org/wiki/Fiserv,https://en.wikipedia.org/wiki/Fiserv
Forcepoint,2,Francisco Partners | Vista Equity Partners,francisco-partners|vista-equity,no,official_site|wikipedia,https://www.franciscopartners.com/investments/forcepoint,https://en.wikipedia.org/wiki/Forcepoint
Genesys,2,Hellman & Friedman | Permira,hellman-friedman|permira,yes,geig_article|official_site,https://hf.com/portfolio/genesys/,
GoDaddy,2,KKR | Silver Lake,kkr|silver-lake,yes,geig_article|official_site|wikipedia,https://www.silverlake.com/portfolio/godaddy/,https://en.wikipedia.org/wiki/GoDaddy
Gojek,2,KKR | Warburg Pincus,kkr|warburg-pincus,yes,wikipedia,https://en.wikipedia.org/wiki/Gojek,https://en.wikipedia.org/wiki/Gojek
Golden Goose (company),2,Carlyle | Permira,carlyle|permira,yes,wikipedia,https://en.wikipedia.org/wiki/Golden_Goose_%28company%29,https://en.wikipedia.org/wiki/Golden_Goose_%28company%29
Iconectiv,2,Francisco Partners | Warburg Pincus,francisco-partners|warburg-pincus,yes,official_site|wikipedia,https://www.franciscopartners.com/investments/iconectiv,https://en.wikipedia.org/wiki/Iconectiv
Infinite Electronics,2,Genstar Capital | Warburg Pincus,genstar-capital|warburg-pincus,yes,official_site,https://warburgpincus.com/investments/infinite-electronics/,
Infoblox,2,Vista Equity Partners | Warburg Pincus,vista-equity|warburg-pincus,yes,geig_article|official_site|wikipedia,https://www.vistaequitypartners.com/company/infoblox/,https://en.wikipedia.org/wiki/Infoblox
Inmarsat,2,Permira | Warburg Pincus,permira|warburg-pincus,yes,wikipedia,https://en.wikipedia.org/wiki/Inmarsat,https://en.wikipedia.org/wiki/Inmarsat
insightsoftware,2,Genstar Capital | Hg,genstar-capital|hg,yes,official_site,,
Instructure,2,KKR | Thoma Bravo,kkr|thoma-bravo,yes,official_site|wikipedia,https://en.wikipedia.org/wiki/Instructure,https://en.wikipedia.org/wiki/Instructure
Interactive Data Corporation,2,Silver Lake | Warburg Pincus,silver-lake|warburg-pincus,yes,official_site|wikipedia,https://www.silverlake.com/portfolio/interactive-data-corporation/,https://en.wikipedia.org/wiki/Interactive_Data_Corporation
JAGEX,2,Carlyle | Spectrum Equity,carlyle|spectrum-equity,yes,official_site|wikipedia,https://en.wikipedia.org/wiki/Jagex,https://en.wikipedia.org/wiki/Jagex
Jaggaer,2,Accel-KKR | Vista Equity Partners,accel-kkr|vista-equity,no,official_site|wikipedia,https://www.vistaequitypartners.com/company/jaggaer/,https://en.wikipedia.org/wiki/Jaggaer
Jamf,2,Francisco Partners | Vista Equity Partners,francisco-partners|vista-equity,no,official_site,https://www.franciscopartners.com/investments/jamf,
Jio Platforms,2,KKR | Silver Lake,kkr|silver-lake,yes,official_site|wikipedia,https://www.silverlake.com/portfolio/jio-platforms-2/,https://en.wikipedia.org/wiki/Jio_Platforms
Klarna,2,Silver Lake | Vista Equity Partners,silver-lake|vista-equity,no,official_site,https://www.silverlake.com/portfolio/klarna/,
Kosmos Energy,2,Blackstone | Warburg Pincus,blackstone|warburg-pincus,yes,wikipedia,https://en.wikipedia.org/wiki/Kosmos_Energy,https://en.wikipedia.org/wiki/Kosmos_Energy
Kroll,2,Carlyle | Permira,carlyle|permira,yes,wikipedia,https://en.wikipedia.org/wiki/Kroll_Inc.,https://en.wikipedia.org/wiki/Kroll_Inc.
Legalzoom,2,Francisco Partners | Permira,francisco-partners|permira,yes,official_site|wikipedia,https://www.franciscopartners.com/investments/legalzoom,https://en.wikipedia.org/wiki/LegalZoom
Lucid,2,Spectrum Equity | Vista Equity Partners,spectrum-equity|vista-equity,no,official_site,https://www.vistaequitypartners.com/company/lucid/,
Max Healthcare,2,KKR | Warburg Pincus,kkr|warburg-pincus,yes,wikipedia,https://en.wikipedia.org/wiki/Max_Healthcare,https://en.wikipedia.org/wiki/Max_Healthcare
McAfee,2,Permira | Thoma Bravo,permira|thoma-bravo,yes,geig_article|official_site|wikipedia,https://en.wikipedia.org/wiki/McAfee,https://en.wikipedia.org/wiki/McAfee
Mehiläinen,2,Hellman & Friedman | KKR,hellman-friedman|kkr,yes,official_site|wikipedia,https://hf.com/portfolio/mehilainen/,https://en.wikipedia.org/wiki/Mehil%C3%A4inen
Mitratech,2,Hg | Vista Equity Partners,hg|vista-equity,no,official_site,https://www.vistaequitypartners.com/company/mitratech/,
Model N,2,Accel-KKR | Vista Equity Partners,accel-kkr|vista-equity,no,official_site,https://www.vistaequitypartners.com/company/model-n/,
Morningstar DBRS,2,Carlyle | Warburg Pincus,carlyle|warburg-pincus,yes,wikipedia,https://en.wikipedia.org/wiki/Morningstar_DBRS,https://en.wikipedia.org/wiki/Morningstar_DBRS
N-Able,2,Silver Lake | Thoma Bravo,silver-lake|thoma-bravo,no,official_site,https://www.silverlake.com/portfolio/n-able/,
NXP Semiconductors,2,KKR | Silver Lake,kkr|silver-lake,yes,wikipedia,https://en.wikipedia.org/wiki/NXP_Semiconductors,https://en.wikipedia.org/wiki/NXP_Semiconductors
Oeconnection,2,Francisco Partners | Genstar Capital,francisco-partners|genstar-capital,yes,official_site,https://www.franciscopartners.com/investments/oeconnection,
Opera Solutions,2,Accel-KKR | Silver Lake,accel-kkr|silver-lake,no,official_site,https://www.silverlake.com/portfolio/opera-solutions/,
PanAmSat,2,Carlyle | KKR,carlyle|kkr,yes,wikipedia,https://en.wikipedia.org/wiki/PanAmSat,https://en.wikipedia.org/wiki/PanAmSat
Paysafe,2,Blackstone | Francisco Partners,blackstone|francisco-partners,yes,official_site|wikipedia,https://www.franciscopartners.com/investments/paysafe,https://en.wikipedia.org/wiki/Paysafe
Personetics,2,Thoma Bravo | Warburg Pincus,thoma-bravo|warburg-pincus,yes,official_site,https://warburgpincus.com/investments/personetics/,
Ping Identity,2,Thoma Bravo | Vista Equity Partners,thoma-bravo|vista-equity,no,official_site|wikipedia,https://www.vistaequitypartners.com/company/ping-identity/,https://en.wikipedia.org/wiki/Ping_Identity
PortAventura Park,2,Blackstone | KKR,blackstone|kkr,yes,wikipedia,https://en.wikipedia.org/wiki/PortAventura_Park,https://en.wikipedia.org/wiki/PortAventura_Park
ProSieben,2,KKR | Permira,kkr|permira,yes,wikipedia,https://en.wikipedia.org/wiki/ProSieben,https://en.wikipedia.org/wiki/ProSieben
ProSiebenSat.1 Media,2,KKR | Permira,kkr|permira,yes,wikipedia,https://en.wikipedia.org/wiki/ProSiebenSat.1_Media,https://en.wikipedia.org/wiki/ProSiebenSat.1_Media
Quickbase,2,"Vista Equity Partners | Welsh, Carson, Anderson & Stowe",vista-equity|wcas,yes,official_site|wikipedia,https://www.vistaequitypartners.com/company/quick-base/,https://en.wikipedia.org/wiki/Quickbase
Quorum Software,2,Francisco Partners | Silver Lake,francisco-partners|silver-lake,no,official_site,https://www.silverlake.com/portfolio/quorum-software/,
Reliance Retail,2,KKR | Silver Lake,kkr|silver-lake,yes,official_site|wikipedia,https://www.silverlake.com/portfolio/reliance-retail/,https://en.wikipedia.org/wiki/Reliance_Retail
Renaissance Learning,2,Hellman & Friedman | Permira,hellman-friedman|permira,yes,official_site|wikipedia,https://hf.com/portfolio/renaissance-learning-inc/,https://en.wikipedia.org/wiki/Renaissance_Learning
SBS Broadcasting Group,2,KKR | Permira,kkr|permira,yes,wikipedia,https://en.wikipedia.org/wiki/SBS_Broadcasting_Group,https://en.wikipedia.org/wiki/SBS_Broadcasting_Group
Service King Collision Repair,2,Blackstone | Carlyle,blackstone|carlyle,yes,wikipedia,https://en.wikipedia.org/wiki/Service_King_Collision_Repair,https://en.wikipedia.org/wiki/Service_King_Collision_Repair
Siemens Digital Industries Software,2,Silver Lake | Warburg Pincus,silver-lake|warburg-pincus,yes,wikipedia,https://en.wikipedia.org/wiki/Siemens_Digital_Industries_Software,https://en.wikipedia.org/wiki/Siemens_Digital_Industries_Software
Smartbear,2,Francisco Partners | Vista Equity Partners,francisco-partners|vista-equity,no,official_site,https://www.franciscopartners.com/investments/smartbear,
Smartsheet,2,Blackstone | Vista Equity Partners,blackstone|vista-equity,yes,official_site|wikipedia,https://www.vistaequitypartners.com/company/smartsheet/,https://en.wikipedia.org/wiki/Smartsheet_Inc.
SMCP Group,2,Carlyle | KKR,carlyle|kkr,yes,wikipedia,https://en.wikipedia.org/wiki/SMCP_Group,https://en.wikipedia.org/wiki/SMCP_Group
SolarWinds,2,Silver Lake | Thoma Bravo,silver-lake|thoma-bravo,no,geig_article|official_site,https://www.silverlake.com/portfolio/solarwinds/,
Sonicwall,2,Francisco Partners | Thoma Bravo,francisco-partners|thoma-bravo,no,official_site,https://www.franciscopartners.com/investments/sonicwall,
Splunk,2,Hellman & Friedman | Silver Lake,hellman-friedman|silver-lake,no,official_site,https://www.silverlake.com/portfolio/splunk-2/,
Sundyne,2,Carlyle | Warburg Pincus,carlyle|warburg-pincus,yes,wikipedia,https://en.wikipedia.org/wiki/Sundyne,https://en.wikipedia.org/wiki/Sundyne
SunGard,2,KKR | Silver Lake,kkr|silver-lake,yes,official_site|wikipedia,https://www.silverlake.com/portfolio/sungard/,https://en.wikipedia.org/wiki/SunGard
Talend,2,Silver Lake | Thoma Bravo,silver-lake|thoma-bravo,no,official_site,https://www.silverlake.com/portfolio/talend/,
Talpa TV,2,KKR | Permira,kkr|permira,yes,wikipedia,https://en.wikipedia.org/wiki/Talpa_TV,https://en.wikipedia.org/wiki/Talpa_TV
Telestream,2,Genstar Capital | Thoma Bravo,genstar-capital|thoma-bravo,yes,official_site,,
Tenstreet,2,Providence Equity Partners | Spectrum Equity,providence-equity|spectrum-equity,yes,geig_article|official_site,,
Tilney,2,Permira | Warburg Pincus,permira|warburg-pincus,yes,wikipedia,https://en.wikipedia.org/wiki/Tilney_Ltd.,https://en.wikipedia.org/wiki/Tilney_Ltd.
TransFirst,2,"Vista Equity Partners | Welsh, Carson, Anderson & Stowe",vista-equity|wcas,yes,official_site,https://www.vistaequitypartners.com/company/transfirst/,
TravelClick,2,Genstar Capital | Thoma Bravo,genstar-capital|thoma-bravo,yes,official_site,,
Trintech,2,Spectrum Equity | Vista Equity Partners,spectrum-equity|vista-equity,no,official_site,https://www.vistaequitypartners.com/company/trintech/,
TrueCommerce,2,"Accel-KKR | Welsh, Carson, Anderson & Stowe",accel-kkr|wcas,yes,official_site,,
Varicent,2,Spectrum Equity | Warburg Pincus,spectrum-equity|warburg-pincus,yes,official_site,https://warburgpincus.com/investments/varicent/,
Vendavo,2,Accel-KKR | Francisco Partners,accel-kkr|francisco-partners,no,official_site,https://www.franciscopartners.com/investments/vendavo,
Vertafore,2,Hellman & Friedman | Vista Equity Partners,hellman-friedman|vista-equity,no,official_site,https://hf.com/portfolio/vertafore-inc/,
Visma,2,Hg | KKR,hg|kkr,yes,official_site|wikipedia,https://en.wikipedia.org/wiki/Visma,https://en.wikipedia.org/wiki/Visma
WME Group,2,KKR | Silver Lake,kkr|silver-lake,yes,wikipedia,https://en.wikipedia.org/wiki/WME_Group,https://en.wikipedia.org/wiki/WME_Group
WorkTango,2,Accel-KKR | Vista Equity Partners,accel-kkr|vista-equity,no,official_site,https://www.vistaequitypartners.com/company/worktango/,
Zego,2,Francisco Partners | Vista Equity Partners,francisco-partners|vista-equity,no,official_site,https://www.franciscopartners.com/investments/zego,
Zendesk,2,Hellman & Friedman | Permira,hellman-friedman|permira,yes,official_site|wikipedia,https://hf.com/portfolio/zendesk/,https://en.wikipedia.org/wiki/Zendesk
2-10 Home Buyers Warranty,1,Genstar Capital,genstar-capital,yes,official_site,,
2checkout Avangate,1,Francisco Partners,francisco-partners,no,official_site,https://www.franciscopartners.com/investments/2checkout-avangate,
365 Retail Markets,1,Providence Equity Partners,providence-equity,yes,official_site,,
4human,1,Accel-KKR,accel-kkr,no,official_site,,
58 COM,1,Warburg Pincus,warburg-pincus,yes,official_site,https://warburgpincus.com/investments/58-com/,
8am,1,Genstar Capital,genstar-capital,yes,official_site,,
8x8,1,Francisco Partners,francisco-partners,no,official_site,https://www.franciscopartners.com/investments/8x8,
A Cloud Guru,1,Vista Equity Partners,vista-equity,no,wikipedia,https://en.wikipedia.org/wiki/A_Cloud_Guru,https://en.wikipedia.org/wiki/A_Cloud_Guru
A Place for Mom,1,Silver Lake,silver-lake,no,official_site,https://www.silverlake.com/portfolio/a-place-for-mom/,
A Twosome Place,1,Carlyle,carlyle,yes,wikipedia,https://en.wikipedia.org/wiki/A_Twosome_Place,https://en.wikipedia.org/wiki/A_Twosome_Place
A-League Men,1,Silver Lake,silver-lake,no,wikipedia,https://en.wikipedia.org/wiki/A-League_Men,https://en.wikipedia.org/wiki/A-League_Men
A-League Women,1,Silver Lake,silver-lake,no,wikipedia,https://en.wikipedia.org/wiki/A-League_Women,https://en.wikipedia.org/wiki/A-League_Women
A-LIGN,1,Hg,hg,no,official_site,,
A-Plan Group,1,Hg,hg,no,official_site,,
A2MAC1,1,Providence Equity Partners,providence-equity,yes,official_site,,
ABC Fitness Solutions,1,Thoma Bravo,thoma-bravo,no,official_site,,
Abila,1,Accel-KKR,accel-kkr,no,official_site,,
Abingworth (company),1,Carlyle,carlyle,yes,wikipedia,https://en.wikipedia.org/wiki/Abingworth_%28company%29,https://en.wikipedia.org/wiki/Abingworth_%28company%29
ABRA Auto Body & Glass,1,Hellman & Friedman,hellman-friedman,no,official_site,https://hf.com/portfolio/abra/,
Abracon,1,Genstar Capital,genstar-capital,yes,official_site,,
ABS,1,Permira,permira,yes,official_site,,
Absorb,1,"Welsh, Carson, Anderson & Stowe",wcas,yes,official_site,,
Abzena,1,"Welsh, Carson, Anderson & Stowe",wcas,yes,official_site,,
ACA Group,1,Genstar Capital,genstar-capital,yes,official_site,,
Academy Sports + Outdoors,1,KKR,kkr,yes,wikipedia,https://en.wikipedia.org/wiki/Academy_Sports_%2B_Outdoors,https://en.wikipedia.org/wiki/Academy_Sports_%2B_Outdoors
Accela,1,Francisco Partners,francisco-partners,no,official_site,https://www.franciscopartners.com/investments/accela,
Accelerate Learning,1,Providence Equity Partners,providence-equity,yes,official_site,,
Accell,1,KKR,kkr,yes,wikipedia,https://en.wikipedia.org/wiki/Accell,https://en.wikipedia.org/wiki/Accell
Accelya,1,Vista Equity Partners,vista-equity,no,official_site,https://www.vistaequitypartners.com/company/accelya/,
Accertify,1,Accel-KKR,accel-kkr,no,official_site,,
Access Group,1,Hg,hg,no,official_site,,
AccessPay,1,Accel-KKR,accel-kkr,no,official_site,,
Acciona Energía,1,KKR,kkr,yes,wikipedia,https://en.wikipedia.org/wiki/Acciona_Energ%C3%ADa,https://en.wikipedia.org/wiki/Acciona_Energ%C3%ADa
Acclime,1,Warburg Pincus,warburg-pincus,yes,official_site,https://warburgpincus.com/investments/acclime/,
Achievers,1,Silver Lake,silver-lake,no,official_site,https://www.silverlake.com/portfolio/achievers/,
Achilles,1,Hg,hg,no,official_site,,
Aconex,1,Francisco Partners,francisco-partners,no,official_site,https://www.franciscopartners.com/investments/aconex,
Acoustic,1,Francisco Partners,francisco-partners,no,official_site,https://www.franciscopartners.com/investments/acoustic,
Acquia,1,Vista Equity Partners,vista-equity,no,official_site,https://www.vistaequitypartners.com/company/acquia/,
Acrisure,1,Genstar Capital,genstar-capital,yes,official_site,,
Acromas Holdings,1,Permira,permira,yes,wikipedia,https://en.wikipedia.org/wiki/Acromas_Holdings,https://en.wikipedia.org/wiki/Acromas_Holdings
Action,1,Hellman & Friedman,hellman-friedman,no,official_site,https://hf.com/portfolio/action/,
Activant Solutions,1,Hellman & Friedman,hellman-friedman,no,official_site,https://hf.com/portfolio/activant/,
ACTIVE Network,1,Vista Equity Partners,vista-equity,no,official_site,https://www.vistaequitypartners.com/company/active-network/,
Acuity Analytics,1,Permira,permira,yes,official_site,,
Addepar,1,Vitruvian Partners,vitruvian,no,public_reports,,https://en.wikipedia.org/wiki/Vitruvian_Partners
Addison Lee,1,Carlyle,carlyle,yes,wikipedia,https://en.wikipedia.org/wiki/Addison_Lee,https://en.wikipedia.org/wiki/Addison_Lee
Addison Software,1,Hg,hg,no,official_site,,
Adenza,1,Thoma Bravo,thoma-bravo,no,official_site,,
Adevinta,1,Permira,permira,yes,official_site,,
Advance Intelligence Group,1,Warburg Pincus,warburg-pincus,yes,official_site,https://warburgpincus.com/investments/advance-intelligence-group/,
Advanced Computer Software,1,Vista Equity Partners,vista-equity,no,wikipedia,https://en.wikipedia.org/wiki/Advanced_Computer_Software,https://en.wikipedia.org/wiki/Advanced_Computer_Software
Advancedmd,1,Francisco Partners,francisco-partners,no,official_site,https://www.franciscopartners.com/investments/advancedmd,
Advanstar Communications,1,Hellman & Friedman,hellman-friedman,no,official_site,https://hf.com/portfolio/advanstar-communications/,
Advarra,1,Genstar Capital,genstar-capital,yes,official_site,,
Advicent Solutions,1,Vista Equity Partners,vista-equity,no,official_site,https://www.vistaequitypartners.com/company/advicent-solutions/,
Aeries Software,1,Francisco Partners,francisco-partners,no,official_site,https://www.franciscopartners.com/investments/aeries-software,
Aesynt,1,Francisco Partners,francisco-partners,no,official_site,https://www.franciscopartners.com/investments/aesynt,
Afiona,1,Warburg Pincus,warburg-pincus,yes,official_site,https://warburgpincus.com/investments/afiona/,
Africa Specialty Risks,1,Vitruvian Partners,vitruvian,no,public_reports,,https://en.wikipedia.org/wiki/Vitruvian_Partners
AGDATA,1,Vista Equity Partners,vista-equity,no,official_site,https://www.vistaequitypartners.com/company/agdata/,
Agilence,1,Accel-KKR,accel-kkr,no,official_site,,
Agilox,1,Carlyle,carlyle,yes,geig_article,,
AGS Airports,1,Blackstone,blackstone,yes,wikipedia,https://en.wikipedia.org/wiki/AGS_Airports,https://en.wikipedia.org/wiki/AGS_Airports
AGV (helmet manufacturer),1,Carlyle,carlyle,yes,wikipedia,https://en.wikipedia.org/wiki/AGV_%28helmet_manufacturer%29,https://en.wikipedia.org/wiki/AGV_%28helmet_manufacturer%29
AIA Contract Documents,1,"Welsh, Carson, Anderson & Stowe",wcas,yes,official_site,,
Airbnb,1,Silver Lake,silver-lake,no,geig_article|official_site|wikipedia,https://www.silverlake.com/portfolio/airbnb-2/,https://en.wikipedia.org/wiki/Airbnb
Airship,1,Accel-KKR,accel-kkr,no,official_site,,
Airtable,1,Silver Lake,silver-lake,no,official_site,https://www.silverlake.com/portfolio/airtable/,
Airties,1,Providence Equity Partners,providence-equity,yes,official_site,,
Aisera,1,Thoma Bravo,thoma-bravo,no,official_site,,
Akqa,1,Francisco Partners,francisco-partners,no,official_site,https://www.franciscopartners.com/investments/akqa,
AKUVO,1,Vista Equity Partners,vista-equity,no,official_site,https://www.vistaequitypartners.com/company/akuvo/,
Alation,1,Thoma Bravo,thoma-bravo,no,official_site,,
Alchemy,1,Silver Lake,silver-lake,no,official_site,https://www.silverlake.com/portfolio/alchemy/,
Alegeus,1,Vista Equity Partners,vista-equity,no,official_site,https://www.vistaequitypartners.com/company/alegeus/,
Alera Group,1,Genstar Capital,genstar-capital,yes,official_site,,
Alert Logic,1,"Welsh, Carson, Anderson & Stowe",wcas,yes,official_site,,
AlertMedia,1,Vista Equity Partners,vista-equity,no,official_site,https://www.vistaequitypartners.com/company/alertmedia/,
Alias,1,Accel-KKR,accel-kkr,no,official_site,,
Alibaba Group,1,Silver Lake,silver-lake,no,official_site|wikipedia,https://www.silverlake.com/portfolio/alibaba-group/,https://en.wikipedia.org/wiki/Alibaba_Group
"AlixPartners, LLP",1,Hellman & Friedman,hellman-friedman,no,official_site,https://hf.com/portfolio/alixpartners-llp/,
All Trails,1,Spectrum Equity,spectrum-equity,no,official_site,,
All3Media,1,Permira,permira,yes,wikipedia,https://en.wikipedia.org/wiki/All3Media,https://en.wikipedia.org/wiki/All3Media
Allegro Group,1,Permira,permira,yes,official_site,,
Allfunds S.A.,1,Hellman & Friedman,hellman-friedman,no,official_site,https://hf.com/portfolio/allfunds/,
Alliance Boots,1,KKR,kkr,yes,wikipedia,https://en.wikipedia.org/wiki/Alliance_Boots,https://en.wikipedia.org/wiki/Alliance_Boots
Alliance Data,1,"Welsh, Carson, Anderson & Stowe",wcas,yes,official_site,,
Allied Universal,1,Warburg Pincus,warburg-pincus,yes,official_site|wikipedia,https://warburgpincus.com/investments/allied-universal/,https://en.wikipedia.org/wiki/Allied_Universal
Allison Transmission,1,Carlyle,carlyle,yes,wikipedia,https://en.wikipedia.org/wiki/Allison_Transmission,https://en.wikipedia.org/wiki/Allison_Transmission
Allocate,1,Hg,hg,no,official_site,,
Allocate Software,1,Vista Equity Partners,vista-equity,no,official_site,https://www.vistaequitypartners.com/company/allocate-software/,
AllTrails,1,Permira,permira,yes,official_site,,
Allvue Systems,1,Vista Equity Partners,vista-equity,no,official_site,https://www.vistaequitypartners.com/company/allvue-systems/,
Allyes,1,Silver Lake,silver-lake,no,official_site,https://www.silverlake.com/portfolio/allyes/,
Alma,1,Thoma Bravo,thoma-bravo,no,official_site,,
Alper,1,Warburg Pincus,warburg-pincus,yes,official_site,https://warburgpincus.com/investments/alper/,
AlphaSense,1,Vitruvian Partners,vitruvian,no,public_reports,,https://en.wikipedia.org/wiki/Vitruvian_Partners
Alphatax,1,Providence Equity Partners,providence-equity,yes,official_site,,
AltamarCAM,1,Permira,permira,yes,official_site,,
Alter Domus,1,Permira,permira,yes,official_site,,
Altera,1,Silver Lake,silver-lake,no,official_site|wikipedia,https://www.silverlake.com/portfolio/altera/,https://en.wikipedia.org/wiki/Altera
Althea,1,Permira,permira,yes,official_site,,
Altra Industrial Motion,1,Genstar Capital,genstar-capital,yes,official_site,,
Ambilight,1,Warburg Pincus,warburg-pincus,yes,official_site,https://warburgpincus.com/investments/ambilight/,
AMC,1,Silver Lake,silver-lake,no,official_site,https://www.silverlake.com/portfolio/amc/,
AMC Theatres,1,Silver Lake,silver-lake,no,wikipedia,https://en.wikipedia.org/wiki/AMC_Theatres,https://en.wikipedia.org/wiki/AMC_Theatres
AMDT,1,Hg,hg,no,official_site,,
AMEOS group,1,Carlyle,carlyle,yes,wikipedia,https://en.wikipedia.org/wiki/AMEOS_group,https://en.wikipedia.org/wiki/AMEOS_group
America's Best Contacts & Eyeglasses,1,KKR,kkr,yes,wikipedia,https://en.wikipedia.org/wiki/America%27s_Best_Contacts_%26_Eyeglasses,https://en.wikipedia.org/wiki/America%27s_Best_Contacts_%26_Eyeglasses
AmeriLife,1,Genstar Capital,genstar-capital,yes,official_site,,
Ampere Computing,1,Carlyle,carlyle,yes,wikipedia,https://en.wikipedia.org/wiki/Ampere_Computing,https://en.wikipedia.org/wiki/Ampere_Computing
AmRest,1,Warburg Pincus,warburg-pincus,yes,wikipedia,https://en.wikipedia.org/wiki/AmRest,https://en.wikipedia.org/wiki/AmRest
Amtech Software,1,Vista Equity Partners,vista-equity,no,official_site,https://www.vistaequitypartners.com/company/amtech/,
Amwins Group,1,Genstar Capital,genstar-capital,yes,official_site,,
Anaplan,1,Thoma Bravo,thoma-bravo,no,official_site|wikipedia,https://en.wikipedia.org/wiki/Anaplan,https://en.wikipedia.org/wiki/Anaplan
Anchorage,1,Thoma Bravo,thoma-bravo,no,official_site,,
Anchorage Digital,1,KKR,kkr,yes,wikipedia,https://en.wikipedia.org/wiki/Anchorage_Digital,https://en.wikipedia.org/wiki/Anchorage_Digital
Andhealth,1,Francisco Partners,francisco-partners,no,official_site,https://www.franciscopartners.com/investments/andhealth,
Animoto,1,Spectrum Equity,spectrum-equity,no,official_site,,
ANT Financial,1,Warburg Pincus,warburg-pincus,yes,official_site,https://warburgpincus.com/investments/ant-financial/,
Antero Resources,1,Warburg Pincus,warburg-pincus,yes,wikipedia,https://en.wikipedia.org/wiki/Antero_Resources,https://en.wikipedia.org/wiki/Antero_Resources
Anuvu,1,Platinum Equity,platinum-equity,yes,official_site,,
Aperture,1,Genstar Capital,genstar-capital,yes,official_site,,
Apex Group,1,Genstar Capital,genstar-capital,yes,official_site,,
APG (pension fund),1,Carlyle,carlyle,yes,wikipedia,https://en.wikipedia.org/wiki/APG_%28pension_fund%29,https://en.wikipedia.org/wiki/APG_%28pension_fund%29
API Healthcare,1,Francisco Partners,francisco-partners,no,official_site,https://www.franciscopartners.com/investments/api-healthcare,
Apollo Tyres,1,Warburg Pincus,warburg-pincus,yes,official_site,https://warburgpincus.com/investments/apollo_tyres/,
Appasamy,1,Warburg Pincus,warburg-pincus,yes,official_site,https://warburgpincus.com/investments/appasamy/,
AppFolio,1,Vista Equity Partners,vista-equity,no,geig_article,,
Applause,1,Vista Equity Partners,vista-equity,no,official_site,https://www.vistaequitypartners.com/company/applause/,
Apple Leisure Group,1,KKR,kkr,yes,wikipedia,https://en.wikipedia.org/wiki/Apple_Leisure_Group,https://en.wikipedia.org/wiki/Apple_Leisure_Group
Applitools,1,Thoma Bravo,thoma-bravo,no,official_site,,
AppOmni,1,Thoma Bravo,thoma-bravo,no,official_site,,
Appspace,1,Accel-KKR,accel-kkr,no,official_site,,
Apptio,1,Vista Equity Partners,vista-equity,no,official_site|wikipedia,https://www.vistaequitypartners.com/company/apptio/,https://en.wikipedia.org/wiki/Apptio
Apryse,1,Thoma Bravo,thoma-bravo,no,official_site,,
APT,1,Accel-KKR,accel-kkr,no,official_site,,
Aptean,1,Vista Equity Partners,vista-equity,no,official_site,https://www.vistaequitypartners.com/company/aptean/,
Apttus,1,Thoma Bravo,thoma-bravo,no,official_site,,
Aquabyte,1,Vitruvian Partners,vitruvian,no,public_reports,,https://en.wikipedia.org/wiki/Vitruvian_Partners
Aras,1,Silver Lake,silver-lake,no,official_site,https://www.silverlake.com/portfolio/aras/,
Arbiter,1,Accel-KKR,accel-kkr,no,official_site,,
Arcaplanet,1,Permira,permira,yes,official_site,,
Arch Capital Group,1,Hellman & Friedman,hellman-friedman,no,official_site,https://hf.com/portfolio/arch-capital-group/,
Arcos,1,Vista Equity Partners,vista-equity,no,official_site,https://www.vistaequitypartners.com/company/arcos/,
Arctos Partners,1,KKR,kkr,yes,wikipedia,https://en.wikipedia.org/wiki/Arctos_Partners,https://en.wikipedia.org/wiki/Arctos_Partners
Argus,1,Hg,hg,no,official_site,,
Aricent,1,KKR,kkr,yes,wikipedia,https://en.wikipedia.org/wiki/Aricent,https://en.wikipedia.org/wiki/Aricent
ARINC,1,Carlyle,carlyle,yes,wikipedia,https://en.wikipedia.org/wiki/ARINC,https://en.wikipedia.org/wiki/ARINC
Arnott's Group,1,KKR,kkr,yes,wikipedia,https://en.wikipedia.org/wiki/Arnott%27s_Group,https://en.wikipedia.org/wiki/Arnott%27s_Group
Arrow International,1,Platinum Equity,platinum-equity,yes,official_site,,
Arrowhead Engineered Products,1,Genstar Capital,genstar-capital,yes,official_site,,
Arsipa,1,Warburg Pincus,warburg-pincus,yes,official_site,https://warburgpincus.com/investments/arsipa/,
Artisan Partners Asset Management,1,Hellman & Friedman,hellman-friedman,no,official_site,https://hf.com/portfolio/artisan-partners-asset-management-inc/,
Artivest,1,Genstar Capital,genstar-capital,yes,official_site,,
Ascendia Gruppe,1,Hg,hg,no,official_site,,
Ascensus,1,Genstar Capital,genstar-capital,yes,official_site,,
AsiaSat,1,Carlyle,carlyle,yes,wikipedia,https://en.wikipedia.org/wiki/AsiaSat,https://en.wikipedia.org/wiki/AsiaSat
ASP Global,1,Platinum Equity,platinum-equity,yes,official_site,,
Aspect,1,Vista Equity Partners,vista-equity,no,official_site,https://www.vistaequitypartners.com/company/aspect/,
Aspen Education Group,1,Warburg Pincus,warburg-pincus,yes,wikipedia,https://en.wikipedia.org/wiki/Aspen_Education_Group,https://en.wikipedia.org/wiki/Aspen_Education_Group
Aspia,1,Vitruvian Partners,vitruvian,no,public_reports,,https://en.wikipedia.org/wiki/Vitruvian_Partners
Aspira,1,Vista Equity Partners,vista-equity,no,official_site,https://www.vistaequitypartners.com/company/aspira/,
Assent,1,Vista Equity Partners,vista-equity,no,official_site,https://www.vistaequitypartners.com/company/assent-compliance/,
AssetMark,1,Genstar Capital,genstar-capital,yes,official_site,,
AssistRx,1,"Welsh, Carson, Anderson & Stowe",wcas,yes,official_site,,
Associated Materials Incorporated,1,Hellman & Friedman,hellman-friedman,no,official_site,https://hf.com/portfolio/associated-materials-incorporated/,
Association Member Benefits Advisors,1,Genstar Capital,genstar-capital,yes,official_site,,
At Home,1,Hellman & Friedman,hellman-friedman,no,official_site,https://hf.com/portfolio/at-home/,
ATC,1,Hg,hg,no,official_site,,
Aternity,1,Thoma Bravo,thoma-bravo,no,official_site,,
athenahealth,1,Hellman & Friedman,hellman-friedman,no,official_site,https://hf.com/portfolio/athenahealth/,
Athletic Sport Sponsoring,1,Hg,hg,no,official_site,,
Atotech,1,Carlyle,carlyle,yes,wikipedia,https://en.wikipedia.org/wiki/Atotech,https://en.wikipedia.org/wiki/Atotech
Atrium,1,Permira,permira,yes,official_site,,
Attachmate,1,Francisco Partners,francisco-partners,no,official_site,https://www.franciscopartners.com/investments/attachmate,
Attenti,1,Francisco Partners,francisco-partners,no,official_site,https://www.franciscopartners.com/investments/attenti,
AU Small Finance Bank,1,Warburg Pincus,warburg-pincus,yes,wikipedia,https://en.wikipedia.org/wiki/AU_Small_Finance_Bank,https://en.wikipedia.org/wiki/AU_Small_Finance_Bank
Aucerna,1,Thoma Bravo,thoma-bravo,no,official_site,,
Aura,1,Warburg Pincus,warburg-pincus,yes,official_site,https://warburgpincus.com/investments/aura/,
Australian Professional Leagues,1,Silver Lake,silver-lake,no,official_site,https://www.silverlake.com/portfolio/australian-professional-leagues/,
Australian Venue,1,KKR,kkr,yes,wikipedia,https://en.wikipedia.org/wiki/Australian_Venue_Co.,https://en.wikipedia.org/wiki/Australian_Venue_Co.
Autodata,1,Thoma Bravo,thoma-bravo,no,official_site,,
AutoScout24,1,Hellman & Friedman,hellman-friedman,no,official_site,https://hf.com/portfolio/autoscout24/,
Autotrader.com,1,Providence Equity Partners,providence-equity,yes,wikipedia,https://en.wikipedia.org/wiki/Autotrader.com,https://en.wikipedia.org/wiki/Autotrader.com
Avago,1,Silver Lake,silver-lake,no,official_site,https://www.silverlake.com/portfolio/avago/,
Availity,1,Francisco Partners,francisco-partners,no,official_site,https://www.franciscopartners.com/investments/availity,
Avalon,1,Francisco Partners,francisco-partners,no,official_site,https://www.franciscopartners.com/investments/avalon,
Avanse Financial Services,1,Warburg Pincus,warburg-pincus,yes,official_site,https://warburgpincus.com/investments/avanse-financial-services/,
Avant (company),1,KKR,kkr,yes,wikipedia,https://en.wikipedia.org/wiki/Avant_%28company%29,https://en.wikipedia.org/wiki/Avant_%28company%29
Avantus,1,KKR,kkr,yes,wikipedia,https://en.wikipedia.org/wiki/Avantus,https://en.wikipedia.org/wiki/Avantus
Avaya,1,Silver Lake,silver-lake,no,official_site,https://www.silverlake.com/portfolio/avaya/,
Avetta,1,"Welsh, Carson, Anderson & Stowe",wcas,yes,official_site,,
AVI-SPL,1,Silver Lake,silver-lake,no,official_site,https://www.silverlake.com/portfolio/avi-spl/,
Avio,1,Carlyle,carlyle,yes,wikipedia,https://en.wikipedia.org/wiki/Avio,https://en.wikipedia.org/wiki/Avio
Awaze,1,Platinum Equity,platinum-equity,yes,official_site,,
AWL,1,Genstar Capital,genstar-capital,yes,official_site,,
Axalta,1,Carlyle,carlyle,yes,wikipedia,https://en.wikipedia.org/wiki/Axalta,https://en.wikipedia.org/wiki/Axalta
Axel Springer AG,1,Hellman & Friedman,hellman-friedman,no,official_site,https://hf.com/portfolio/axel-springer-ag/,
Axel Springer SE,1,KKR,kkr,yes,wikipedia,https://en.wikipedia.org/wiki/Axel_Springer_SE,https://en.wikipedia.org/wiki/Axel_Springer_SE
Axia,1,Genstar Capital,genstar-capital,yes,official_site,,
AZ Electronic Materials,1,Carlyle,carlyle,yes,wikipedia,https://en.wikipedia.org/wiki/AZ_Electronic_Materials,https://en.wikipedia.org/wiki/AZ_Electronic_Materials
Azets,1,Hg,hg,no,official_site,,
Aztec Group,1,Warburg Pincus,warburg-pincus,yes,official_site,https://warburgpincus.com/investments/aztec-group/,
Azul,1,Thoma Bravo,thoma-bravo,no,official_site,,
B&B Hotels,1,Carlyle,carlyle,yes,wikipedia,https://en.wikipedia.org/wiki/B%26B_Hotels,https://en.wikipedia.org/wiki/B%26B_Hotels
B&B Italia,1,Carlyle,carlyle,yes,wikipedia,https://en.wikipedia.org/wiki/B%26B_Italia,https://en.wikipedia.org/wiki/B%26B_Italia
B-stock,1,Spectrum Equity,spectrum-equity,no,official_site,,
Baker & Taylor,1,Carlyle,carlyle,yes,wikipedia,https://en.wikipedia.org/wiki/Baker_%26_Taylor,https://en.wikipedia.org/wiki/Baker_%26_Taylor
Baker Tilly,1,Hellman & Friedman,hellman-friedman,no,official_site,https://hf.com/portfolio/baker-tilly/,
BankUnited,1,Carlyle,carlyle,yes,wikipedia,https://en.wikipedia.org/wiki/BankUnited,https://en.wikipedia.org/wiki/BankUnited
Barbri,1,Francisco Partners,francisco-partners,no,official_site,https://www.franciscopartners.com/investments/barbri,
Barracuda,1,Thoma Bravo,thoma-bravo,no,official_site,,
Basware,1,Accel-KKR,accel-kkr,no,official_site,,
BATS,1,Spectrum Equity,spectrum-equity,no,official_site,,
Bausch & Lomb,1,Warburg Pincus,warburg-pincus,yes,wikipedia,https://en.wikipedia.org/wiki/Bausch_%26_Lomb,https://en.wikipedia.org/wiki/Bausch_%26_Lomb
BEA Systems,1,Warburg Pincus,warburg-pincus,yes,geig_article,,
Beatrice Foods,1,KKR,kkr,yes,wikipedia,https://en.wikipedia.org/wiki/Beatrice_Foods,https://en.wikipedia.org/wiki/Beatrice_Foods
Beats (brand),1,Carlyle,carlyle,yes,wikipedia,https://en.wikipedia.org/wiki/Beats_%28brand%29,https://en.wikipedia.org/wiki/Beats_%28brand%29
Beautycounter,1,Carlyle,carlyle,yes,wikipedia,https://en.wikipedia.org/wiki/Beautycounter,https://en.wikipedia.org/wiki/Beautycounter
Belk,1,KKR,kkr,yes,wikipedia,https://en.wikipedia.org/wiki/Belk,https://en.wikipedia.org/wiki/Belk
Belron,1,Hellman & Friedman,hellman-friedman,no,official_site,https://hf.com/portfolio/belron/,
Benchmark,1,Spectrum Equity,spectrum-equity,no,official_site,,
Benchmark Gensuite,1,Vista Equity Partners,vista-equity,no,official_site,https://www.vistaequitypartners.com/company/benchmark-gensuite/,
Benevity,1,Hg,hg,no,official_site,,
Bergdorf Goodman,1,Warburg Pincus,warburg-pincus,yes,wikipedia,https://en.wikipedia.org/wiki/Bergdorf_Goodman,https://en.wikipedia.org/wiki/Bergdorf_Goodman
Best Secret GmbH,1,Permira,permira,yes,wikipedia,https://en.wikipedia.org/wiki/Best_Secret_GmbH,https://en.wikipedia.org/wiki/Best_Secret_GmbH
Bestinvest,1,Permira,permira,yes,wikipedia,https://en.wikipedia.org/wiki/Bestinvest,https://en.wikipedia.org/wiki/Bestinvest
BESTSECRET,1,Permira,permira,yes,official_site,,
Betterment,1,Francisco Partners,francisco-partners,no,official_site,https://www.franciscopartners.com/investments/betterment,
Beyondtrust,1,Francisco Partners,francisco-partners,no,official_site,https://www.franciscopartners.com/investments/beyondtrust,
BFY Brands,1,Permira,permira,yes,official_site,,
Bharti Airtel,1,Warburg Pincus,warburg-pincus,yes,wikipedia,https://en.wikipedia.org/wiki/Bharti_Airtel,https://en.wikipedia.org/wiki/Bharti_Airtel
Biba Apparels,1,Warburg Pincus,warburg-pincus,yes,official_site,https://warburgpincus.com/investments/biba-apparels/,
BIG Brand Tire Service,1,Warburg Pincus,warburg-pincus,yes,official_site,https://warburgpincus.com/investments/big-brand-tire-service/,
Big Table Group,1,KKR,kkr,yes,wikipedia,https://en.wikipedia.org/wiki/The_Big_Table_Group,https://en.wikipedia.org/wiki/The_Big_Table_Group
BigMachines,1,Vista Equity Partners,vista-equity,no,official_site,https://www.vistaequitypartners.com/company/bigmachines/,
BigTime,1,Vista Equity Partners,vista-equity,no,official_site,https://www.vistaequitypartners.com/company/bigtime-software/,
Bio Products Laboratory,1,Permira,permira,yes,wikipedia,https://en.wikipedia.org/wiki/Bio_Products_Laboratory,https://en.wikipedia.org/wiki/Bio_Products_Laboratory
BioCatch,1,Permira,permira,yes,official_site,,
Biomet,1,KKR,kkr,yes,wikipedia,https://en.wikipedia.org/wiki/Biomet,https://en.wikipedia.org/wiki/Biomet
Birdeye,1,Accel-KKR,accel-kkr,no,official_site,,
Biscuit International,1,Platinum Equity,platinum-equity,yes,official_site,,
Bisys,1,"Welsh, Carson, Anderson & Stowe",wcas,yes,official_site,,
Bitly,1,Spectrum Equity,spectrum-equity,no,geig_article,,
Bitsight,1,Warburg Pincus,warburg-pincus,yes,official_site|wikipedia,https://warburgpincus.com/investments/bitsight/,https://en.wikipedia.org/wiki/BitSight
Black Duck,1,Francisco Partners,francisco-partners,no,official_site,https://www.franciscopartners.com/investments/black-duck,
Blackbaud,1,Hellman & Friedman,hellman-friedman,no,official_site,https://hf.com/portfolio/blackbaud-inc/,
Blackboard,1,Providence Equity Partners,providence-equity,yes,geig_article,,
Blackboard (company),1,Carlyle,carlyle,yes,wikipedia,https://en.wikipedia.org/wiki/Blackboard_%28company%29,https://en.wikipedia.org/wiki/Blackboard_%28company%29
Blackhawk Network,1,Silver Lake,silver-lake,no,official_site,https://www.silverlake.com/portfolio/blackhawk-network/,
Blackhawk Network Holdings,1,Silver Lake,silver-lake,no,wikipedia,https://en.wikipedia.org/wiki/Blackhawk_Network_Holdings,https://en.wikipedia.org/wiki/Blackhawk_Network_Holdings
BlackLine,1,Silver Lake,silver-lake,no,official_site,https://www.silverlake.com/portfolio/blackline/,
Blackline Safety,1,Francisco Partners,francisco-partners,no,official_site,https://www.franciscopartners.com/investments/blackline-safety,
Blancco,1,Francisco Partners,francisco-partners,no,official_site,https://www.franciscopartners.com/investments/blancco,
Blau Direkt,1,Warburg Pincus,warburg-pincus,yes,official_site,https://warburgpincus.com/investments/blau-direkt/,
Blic,1,KKR,kkr,yes,wikipedia,https://en.wikipedia.org/wiki/Blic,https://en.wikipedia.org/wiki/Blic
Blinqx,1,Hg,hg,no,official_site,,
Blip,1,Warburg Pincus,warburg-pincus,yes,official_site,https://warburgpincus.com/investments/blip/,
Bloomerang,1,Warburg Pincus,warburg-pincus,yes,official_site,https://warburgpincus.com/investments/bloomerang/,
BLU Pagamentos S A 2,1,Warburg Pincus,warburg-pincus,yes,official_site,https://warburgpincus.com/investments/blu-pagamentos-s-a-2/,
Blue Danube System,1,Silver Lake,silver-lake,no,official_site,https://www.silverlake.com/portfolio/blue-danube-system/,
Blue Mountain,1,Accel-KKR,accel-kkr,no,official_site,,
BlueConic,1,Vista Equity Partners,vista-equity,no,official_site,https://www.vistaequitypartners.com/company/blueconic/,
BlueCrest,1,Platinum Equity,platinum-equity,yes,official_site,,
Bluegrace Logistics,1,Warburg Pincus,warburg-pincus,yes,official_site,https://warburgpincus.com/investments/bluegrace-logistics/,
BlueMatrix,1,Thoma Bravo,thoma-bravo,no,official_site,,
Bluesight,1,Thoma Bravo,thoma-bravo,no,official_site,,
Blujay Kewill,1,Francisco Partners,francisco-partners,no,official_site,https://www.franciscopartners.com/investments/blujay-kewill,
Blyth,1,Carlyle,carlyle,yes,wikipedia,https://en.wikipedia.org/wiki/Blyth%2C_Inc.,https://en.wikipedia.org/wiki/Blyth%2C_Inc.
BMC Software,1,KKR,kkr,yes,wikipedia,https://en.wikipedia.org/wiki/BMC_Software,https://en.wikipedia.org/wiki/BMC_Software
BMG Rights Management,1,KKR,kkr,yes,wikipedia,https://en.wikipedia.org/wiki/BMG_Rights_Management,https://en.wikipedia.org/wiki/BMG_Rights_Management
Boat,1,Warburg Pincus,warburg-pincus,yes,official_site,https://warburgpincus.com/investments/boat/,
Boats Group,1,Permira,permira,yes,official_site|wikipedia,https://en.wikipedia.org/wiki/Boats_Group,https://en.wikipedia.org/wiki/Boats_Group
Bomgar,1,Thoma Bravo,thoma-bravo,no,official_site,,
Bond VET,1,Warburg Pincus,warburg-pincus,yes,official_site,https://warburgpincus.com/investments/bond-vet/,
Bonterra,1,Vista Equity Partners,vista-equity,no,official_site,https://www.vistaequitypartners.com/company/bonterra/,
Boomi,1,Francisco Partners,francisco-partners,no,official_site,https://www.franciscopartners.com/investments/boomi,
Boosey & Hawkes,1,Hg,hg,no,official_site,,
Boots (company),1,KKR,kkr,yes,wikipedia,https://en.wikipedia.org/wiki/Boots_%28company%29,https://en.wikipedia.org/wiki/Boots_%28company%29
Borden (company),1,KKR,kkr,yes,wikipedia,https://en.wikipedia.org/wiki/Borden_%28company%29,https://en.wikipedia.org/wiki/Borden_%28company%29
Borden Dairy,1,KKR,kkr,yes,wikipedia,https://en.wikipedia.org/wiki/Borden_Dairy,https://en.wikipedia.org/wiki/Borden_Dairy
BorsodChem,1,Permira,permira,yes,wikipedia,https://en.wikipedia.org/wiki/BorsodChem,https://en.wikipedia.org/wiki/BorsodChem
Bottomline,1,Thoma Bravo,thoma-bravo,no,official_site,,
Box,1,KKR,kkr,yes,wikipedia,https://en.wikipedia.org/wiki/Box%2C_Inc.,https://en.wikipedia.org/wiki/Box%2C_Inc.
Boyd Corporation,1,Genstar Capital,genstar-capital,yes,official_site,,
Bradyplus,1,Warburg Pincus,warburg-pincus,yes,official_site,https://warburgpincus.com/investments/bradyplus/,
Brainware,1,Vista Equity Partners,vista-equity,no,official_site|wikipedia,https://www.vistaequitypartners.com/company/brainware/,https://en.wikipedia.org/wiki/Brainware
Brandt,1,Providence Equity Partners,providence-equity,yes,official_site,,
Bresnan Communications,1,Providence Equity Partners,providence-equity,yes,geig_article,,
Bright,1,Hg,hg,no,official_site,,
Brintons,1,Carlyle,carlyle,yes,wikipedia,https://en.wikipedia.org/wiki/Brintons,https://en.wikipedia.org/wiki/Brintons
Britax,1,Carlyle,carlyle,yes,wikipedia,https://en.wikipedia.org/wiki/Britax,https://en.wikipedia.org/wiki/Britax
Britecore,1,Warburg Pincus,warburg-pincus,yes,official_site,https://warburgpincus.com/investments/britecore/,
Broadcom,1,Silver Lake,silver-lake,no,official_site,https://www.silverlake.com/portfolio/broadcom/,
Brook + Whittle,1,Genstar Capital,genstar-capital,yes,official_site,,
Bswift,1,Francisco Partners,francisco-partners,no,official_site,https://www.franciscopartners.com/investments/bswift,
Bumble,1,Blackstone,blackstone,yes,wikipedia,https://en.wikipedia.org/wiki/Bumble_Inc.,https://en.wikipedia.org/wiki/Bumble_Inc.
Business Monitor,1,Spectrum Equity,spectrum-equity,no,official_site,,
Businessolver,1,Warburg Pincus,warburg-pincus,yes,official_site,https://warburgpincus.com/investments/businessolver/,
Butterfield Bank,1,Carlyle,carlyle,yes,wikipedia,https://en.wikipedia.org/wiki/Butterfield_Bank,https://en.wikipedia.org/wiki/Butterfield_Bank
BW Industrial Development Joint Stock,1,Warburg Pincus,warburg-pincus,yes,official_site,https://warburgpincus.com/investments/bw-industrial-development-joint-stock-company/,
BYJU's,1,Silver Lake,silver-lake,no,geig_article,,
Byju’s,1,Silver Lake,silver-lake,no,official_site,https://www.silverlake.com/portfolio/byjus/,
C MAC,1,Francisco Partners,francisco-partners,no,official_site,https://www.franciscopartners.com/investments/c-mac,
CABB,1,Permira,permira,yes,official_site,,
Cabinetworks,1,Platinum Equity,platinum-equity,yes,official_site,,
Calabrio,1,Thoma Bravo,thoma-bravo,no,official_site,,
Calderys,1,Platinum Equity,platinum-equity,yes,official_site,,
Caliber Collision,1,Hellman & Friedman,hellman-friedman,no,official_site,https://hf.com/portfolio/caliber-collision/,
Calisen,1,KKR,kkr,yes,wikipedia,https://en.wikipedia.org/wiki/Calisen,https://en.wikipedia.org/wiki/Calisen
Cambrex,1,Permira,permira,yes,official_site,,
Cambrex Corporation,1,Permira,permira,yes,wikipedia,https://en.wikipedia.org/wiki/Cambrex_Corporation,https://en.wikipedia.org/wiki/Cambrex_Corporation
CAMECA,1,Carlyle,carlyle,yes,wikipedia,https://en.wikipedia.org/wiki/CAMECA,https://en.wikipedia.org/wiki/CAMECA
Canal Digitaal,1,Providence Equity Partners,providence-equity,yes,wikipedia,https://en.wikipedia.org/wiki/Canal_Digitaal,https://en.wikipedia.org/wiki/Canal_Digitaal
Candle Media,1,Blackstone,blackstone,yes,wikipedia,https://en.wikipedia.org/wiki/Candle_Media,https://en.wikipedia.org/wiki/Candle_Media
Canesta,1,Carlyle,carlyle,yes,wikipedia,https://en.wikipedia.org/wiki/Canesta,https://en.wikipedia.org/wiki/Canesta
Capillary Technologies,1,Warburg Pincus,warburg-pincus,yes,wikipedia,https://en.wikipedia.org/wiki/Capillary_Technologies,https://en.wikipedia.org/wiki/Capillary_Technologies
Capital First,1,Warburg Pincus,warburg-pincus,yes,wikipedia,https://en.wikipedia.org/wiki/Capital_First_Ltd.,https://en.wikipedia.org/wiki/Capital_First_Ltd.
Capital Safety,1,KKR,kkr,yes,wikipedia,https://en.wikipedia.org/wiki/Capital_Safety,https://en.wikipedia.org/wiki/Capital_Safety
Capsa Healthcare,1,Francisco Partners,francisco-partners,no,official_site,https://www.franciscopartners.com/investments/capsa-healthcare,
Capsilon,1,Francisco Partners,francisco-partners,no,official_site,https://www.franciscopartners.com/investments/capsilon,
Capsugel,1,KKR,kkr,yes,wikipedia,https://en.wikipedia.org/wiki/Capsugel,https://en.wikipedia.org/wiki/Capsugel
Capsule,1,Francisco Partners,francisco-partners,no,official_site,https://www.franciscopartners.com/investments/capsule,
Captify,1,Accel-KKR,accel-kkr,no,official_site,,
Carbon,1,Silver Lake,silver-lake,no,official_site,https://www.silverlake.com/portfolio/carbon/,
Cardenas (supermarket),1,KKR,kkr,yes,wikipedia,https://en.wikipedia.org/wiki/Cardenas_%28supermarket%29,https://en.wikipedia.org/wiki/Cardenas_%28supermarket%29
Cargomatic,1,Warburg Pincus,warburg-pincus,yes,official_site|wikipedia,https://warburgpincus.com/investments/cargomatic/,https://en.wikipedia.org/wiki/Cargomatic
Caris Life Sciences,1,Silver Lake,silver-lake,no,official_site,https://www.silverlake.com/portfolio/caris-life-sciences/,
CarProof Corporation,1,Hellman & Friedman,hellman-friedman,no,official_site,https://hf.com/portfolio/carproof-corporation/,
CarsDirect,1,KKR,kkr,yes,wikipedia,https://en.wikipedia.org/wiki/CarsDirect,https://en.wikipedia.org/wiki/CarsDirect
CarTrade.com,1,Warburg Pincus,warburg-pincus,yes,wikipedia,https://en.wikipedia.org/wiki/CarTrade.com,https://en.wikipedia.org/wiki/CarTrade.com
Caruna,1,KKR,kkr,yes,wikipedia,https://en.wikipedia.org/wiki/Caruna,https://en.wikipedia.org/wiki/Caruna
Casago,1,Silver Lake,silver-lake,no,official_site,https://www.silverlake.com/portfolio/vacasa/,
Casepoint,1,Thoma Bravo,thoma-bravo,no,official_site,,
Caseware,1,Hg,hg,no,official_site,,
Cast & Crew,1,Silver Lake,silver-lake,no,official_site,https://www.silverlake.com/portfolio/cast-crew/,
Catalent Pharma Solutions,1,Genstar Capital,genstar-capital,yes,official_site,,
Catalina Marketing Corporation,1,Hellman & Friedman,hellman-friedman,no,official_site,https://hf.com/portfolio/catalina-marketing-corporation/,
Catawiki,1,Permira,permira,yes,official_site,,
Caterair,1,Carlyle,carlyle,yes,wikipedia,https://en.wikipedia.org/wiki/Caterair,https://en.wikipedia.org/wiki/Caterair
Cato Networks,1,Vitruvian Partners,vitruvian,no,public_reports,,https://en.wikipedia.org/wiki/Vitruvian_Partners
CBX Solutions,1,Platinum Equity,platinum-equity,yes,official_site,,
Cdata,1,Warburg Pincus,warburg-pincus,yes,official_site,https://warburgpincus.com/investments/cdata/,
CDW,1,Silver Lake,silver-lake,no,official_site,https://www.silverlake.com/portfolio/cdw/,
Cegid,1,Silver Lake,silver-lake,no,official_site,https://www.silverlake.com/portfolio/cegid/,
Celonis,1,Silver Lake,silver-lake,no,official_site,https://www.silverlake.com/portfolio/celonis/,
Cendyn,1,Accel-KKR,accel-kkr,no,official_site,,
Centerfield,1,Platinum Equity,platinum-equity,yes,official_site,,
Centerplate,1,KKR,kkr,yes,wikipedia,https://en.wikipedia.org/wiki/Centerplate,https://en.wikipedia.org/wiki/Centerplate
CenterWell Senior Primary Care,1,"Welsh, Carson, Anderson & Stowe",wcas,yes,official_site,,
CentralSquare Technologies,1,Vista Equity Partners,vista-equity,no,official_site,https://www.vistaequitypartners.com/company/centralsquare/,
Ceres,1,Warburg Pincus,warburg-pincus,yes,wikipedia,https://en.wikipedia.org/wiki/Ceres%2C_Inc.,https://en.wikipedia.org/wiki/Ceres%2C_Inc.
Ceridian,1,"Welsh, Carson, Anderson & Stowe",wcas,yes,official_site,,
Certified Group,1,Warburg Pincus,warburg-pincus,yes,official_site,https://warburgpincus.com/investments/certified-group/,
Cetera Financial Group,1,Genstar Capital,genstar-capital,yes,official_site,,
Chaotic Moon Studios,1,Silver Lake,silver-lake,no,wikipedia,https://en.wikipedia.org/wiki/Chaotic_Moon_Studios,https://en.wikipedia.org/wiki/Chaotic_Moon_Studios
Checkmarx,1,Hellman & Friedman,hellman-friedman,no,geig_article|official_site,https://hf.com/portfolio/checkmarx/,
Cherwell Software,1,KKR,kkr,yes,wikipedia,https://en.wikipedia.org/wiki/Cherwell_Software,https://en.wikipedia.org/wiki/Cherwell_Software
Chi-Fou-Mi Productions,1,KKR,kkr,yes,wikipedia,https://en.wikipedia.org/wiki/Chi-Fou-Mi_Productions,https://en.wikipedia.org/wiki/Chi-Fou-Mi_Productions
Chicago and North Western Railway,1,Blackstone,blackstone,yes,wikipedia,https://en.wikipedia.org/wiki/Chicago_and_North_Western_Railway,https://en.wikipedia.org/wiki/Chicago_and_North_Western_Railway
China Recycling Energy Corporation,1,Carlyle,carlyle,yes,wikipedia,https://en.wikipedia.org/wiki/China_Recycling_Energy_Corporation,https://en.wikipedia.org/wiki/China_Recycling_Energy_Corporation
Choice,1,Spectrum Equity,spectrum-equity,no,official_site,,
Cielo,1,Accel-KKR,accel-kkr,no,official_site,,
CINC,1,Spectrum Equity,spectrum-equity,no,official_site,,
CINC Systems,1,Hg,hg,no,official_site,,
Cinemex,1,Carlyle,carlyle,yes,wikipedia,https://en.wikipedia.org/wiki/Cinemex,https://en.wikipedia.org/wiki/Cinemex
Cineworld,1,Blackstone,blackstone,yes,wikipedia,https://en.wikipedia.org/wiki/Cineworld,https://en.wikipedia.org/wiki/Cineworld
Circana,1,Hellman & Friedman,hellman-friedman,no,official_site,https://hf.com/portfolio/circana/,
Circle Cardiovascular Imaging,1,Thoma Bravo,thoma-bravo,no,official_site,,
Circles Life,1,Warburg Pincus,warburg-pincus,yes,official_site,https://warburgpincus.com/investments/circles-life/,
Circles.Life,1,Warburg Pincus,warburg-pincus,yes,wikipedia,https://en.wikipedia.org/wiki/Circles.Life,https://en.wikipedia.org/wiki/Circles.Life
Cisco Videoscape,1,Permira,permira,yes,wikipedia,https://en.wikipedia.org/wiki/Cisco_Videoscape,https://en.wikipedia.org/wiki/Cisco_Videoscape
Cision,1,Platinum Equity,platinum-equity,yes,official_site,,
Citation Group,1,Hg,hg,no,official_site,,
Citrix Systems,1,Vista Equity Partners,vista-equity,no,wikipedia,https://en.wikipedia.org/wiki/Citrix_Systems,https://en.wikipedia.org/wiki/Citrix_Systems
City Football Group,1,Silver Lake,silver-lake,no,official_site|wikipedia,https://www.silverlake.com/portfolio/city-football-group/,https://en.wikipedia.org/wiki/City_Football_Group
CityMD,1,Warburg Pincus,warburg-pincus,yes,wikipedia,https://en.wikipedia.org/wiki/CityMD,https://en.wikipedia.org/wiki/CityMD
Civica (company),1,Blackstone,blackstone,yes,wikipedia,https://en.wikipedia.org/wiki/Civica_%28company%29,https://en.wikipedia.org/wiki/Civica_%28company%29
Civitas Learning,1,Francisco Partners,francisco-partners,no,official_site,https://www.franciscopartners.com/investments/civitas-learning,
Clari + Salesloft,1,Vista Equity Partners,vista-equity,no,official_site,https://www.vistaequitypartners.com/company/clari-salesloft/,
Clari/Salesloft,1,Silver Lake,silver-lake,no,official_site,https://www.silverlake.com/portfolio/clari/,
Clarience Technologies,1,Genstar Capital,genstar-capital,yes,official_site,,
Clarion Events,1,Hg,hg,no,official_site,,
Claritev Corporation,1,Hellman & Friedman,hellman-friedman,no,official_site,https://hf.com/portfolio/claritev/,
Claroty,1,Warburg Pincus,warburg-pincus,yes,official_site,https://warburgpincus.com/investments/claroty/,
Clavis Insight,1,Accel-KKR,accel-kkr,no,official_site,,
Cleanaway,1,KKR,kkr,yes,wikipedia,https://en.wikipedia.org/wiki/Cleanaway,https://en.wikipedia.org/wiki/Cleanaway
Clevest,1,Accel-KKR,accel-kkr,no,official_site,,
ClickDimensions,1,Accel-KKR,accel-kkr,no,official_site,,
Clicksoftware,1,Francisco Partners,francisco-partners,no,official_site,https://www.franciscopartners.com/investments/clicksoftware,
Climeco,1,Warburg Pincus,warburg-pincus,yes,official_site,https://warburgpincus.com/investments/climeco/,
Cloud 9 Software,1,Accel-KKR,accel-kkr,no,official_site,,
Cloud Software Group,1,Vista Equity Partners,vista-equity,no,official_site|wikipedia,https://www.vistaequitypartners.com/company/cloudsoftwaregroup/,https://en.wikipedia.org/wiki/Cloud_Software_Group
Cloudera,1,KKR,kkr,yes,wikipedia,https://en.wikipedia.org/wiki/Cloudera,https://en.wikipedia.org/wiki/Cloudera
Club Car,1,Platinum Equity,platinum-equity,yes,official_site,,
CMD Group,1,Warburg Pincus,warburg-pincus,yes,wikipedia,https://en.wikipedia.org/wiki/CMD_Group,https://en.wikipedia.org/wiki/CMD_Group
Coastal GasLink pipeline,1,KKR,kkr,yes,wikipedia,https://en.wikipedia.org/wiki/Coastal_GasLink_pipeline,https://en.wikipedia.org/wiki/Coastal_GasLink_pipeline
Coates Hire,1,Carlyle,carlyle,yes,wikipedia,https://en.wikipedia.org/wiki/Coates_Hire,https://en.wikipedia.org/wiki/Coates_Hire
Cognis,1,Permira,permira,yes,wikipedia,https://en.wikipedia.org/wiki/Cognis,https://en.wikipedia.org/wiki/Cognis
Cognita,1,KKR,kkr,yes,wikipedia,https://en.wikipedia.org/wiki/Cognita,https://en.wikipedia.org/wiki/Cognita
Colonial First State,1,KKR,kkr,yes,wikipedia,https://en.wikipedia.org/wiki/Colonial_First_State,https://en.wikipedia.org/wiki/Colonial_First_State
Colonial Pipeline,1,KKR,kkr,yes,wikipedia,https://en.wikipedia.org/wiki/Colonial_Pipeline,https://en.wikipedia.org/wiki/Colonial_Pipeline
Colonie Center,1,KKR,kkr,yes,wikipedia,https://en.wikipedia.org/wiki/Colonie_Center,https://en.wikipedia.org/wiki/Colonie_Center
Command Alkon,1,Thoma Bravo,thoma-bravo,no,official_site,,
Commify,1,Hg,hg,no,official_site,,
CommScope,1,Carlyle,carlyle,yes,wikipedia,https://en.wikipedia.org/wiki/CommScope,https://en.wikipedia.org/wiki/CommScope
Community Brands,1,Genstar Capital,genstar-capital,yes,official_site,,
Community Fibre,1,Warburg Pincus,warburg-pincus,yes,official_site,https://warburgpincus.com/investments/community-fibre/,
CommunityOne Bank,1,Carlyle,carlyle,yes,wikipedia,https://en.wikipedia.org/wiki/CommunityOne_Bank,https://en.wikipedia.org/wiki/CommunityOne_Bank
Comply,1,Vista Equity Partners,vista-equity,no,official_site,https://www.vistaequitypartners.com/company/comply/,
CompTIA,1,Thoma Bravo,thoma-bravo,no,official_site,,
Computer Age Management Services,1,Warburg Pincus,warburg-pincus,yes,wikipedia,https://en.wikipedia.org/wiki/Computer_Age_Management_Services,https://en.wikipedia.org/wiki/Computer_Age_Management_Services
ComputerLand,1,Warburg Pincus,warburg-pincus,yes,wikipedia,https://en.wikipedia.org/wiki/ComputerLand,https://en.wikipedia.org/wiki/ComputerLand
Compuware,1,Thoma Bravo,thoma-bravo,no,official_site,,
Con-Pearl,1,Silver Lake,silver-lake,no,official_site,https://www.silverlake.com/portfolio/con-pearl/,
Concentra,1,"Welsh, Carson, Anderson & Stowe",wcas,yes,official_site,,
Condeco,1,Thoma Bravo,thoma-bravo,no,official_site,,
Conexiom,1,Warburg Pincus,warburg-pincus,yes,official_site,https://warburgpincus.com/investments/conexiom/,
Confie Seguros,1,Genstar Capital,genstar-capital,yes,official_site,,
Conga,1,Thoma Bravo,thoma-bravo,no,official_site,,
ConnectiveRx,1,Genstar Capital,genstar-capital,yes,official_site,,
ConnectWise,1,Thoma Bravo,thoma-bravo,no,official_site,,
Consolidated Precision Products,1,Warburg Pincus,warburg-pincus,yes,official_site,https://warburgpincus.com/investments/consolidated-precision-products/,
Constitution Surgery Alliance,1,"Welsh, Carson, Anderson & Stowe",wcas,yes,official_site,,
ConstructConnect,1,Genstar Capital,genstar-capital,yes,official_site,,
Constructionline,1,Warburg Pincus,warburg-pincus,yes,wikipedia,https://en.wikipedia.org/wiki/Constructionline,https://en.wikipedia.org/wiki/Constructionline
Contabilizei,1,Warburg Pincus,warburg-pincus,yes,official_site,https://warburgpincus.com/investments/contabilizei/,
Continuity,1,Accel-KKR,accel-kkr,no,official_site,,
Continuous,1,Thoma Bravo,thoma-bravo,no,official_site,,
Continuum,1,Thoma Bravo,thoma-bravo,no,official_site,,
ContourGlobal,1,KKR,kkr,yes,wikipedia,https://en.wikipedia.org/wiki/ContourGlobal,https://en.wikipedia.org/wiki/ContourGlobal
Contrast Security,1,Warburg Pincus,warburg-pincus,yes,official_site,https://warburgpincus.com/investments/contrast-security/,
Convenience Bee,1,Silver Lake,silver-lake,no,official_site,https://www.silverlake.com/portfolio/convenience-bee/,
Cordis,1,Hellman & Friedman,hellman-friedman,no,official_site,https://hf.com/portfolio/cordis/,
Corel,1,KKR,kkr,yes,wikipedia,https://en.wikipedia.org/wiki/Corel,https://en.wikipedia.org/wiki/Corel
Cority,1,Thoma Bravo,thoma-bravo,no,official_site,,
Cornerstone,1,Silver Lake,silver-lake,no,official_site,https://www.silverlake.com/portfolio/cornerstone/,
Cornerstone OnDemand,1,Silver Lake,silver-lake,no,wikipedia,https://en.wikipedia.org/wiki/Cornerstone_OnDemand,https://en.wikipedia.org/wiki/Cornerstone_OnDemand
Corsair,1,Francisco Partners,francisco-partners,no,official_site,https://www.franciscopartners.com/investments/corsair,
Coupa,1,Thoma Bravo,thoma-bravo,no,official_site|wikipedia,https://en.wikipedia.org/wiki/Coupa,https://en.wikipedia.org/wiki/Coupa
Covermymeds,1,Francisco Partners,francisco-partners,no,official_site,https://www.franciscopartners.com/investments/covermymeds,
Credit Karma,1,Silver Lake,silver-lake,no,official_site|wikipedia,https://www.silverlake.com/portfolio/credit-karma/,https://en.wikipedia.org/wiki/Credit_Karma
Critical Start,1,Vista Equity Partners,vista-equity,no,official_site,https://www.vistaequitypartners.com/company/critical-start/,
Cross Match,1,Francisco Partners,francisco-partners,no,official_site,https://www.franciscopartners.com/investments/cross-match,
Cross River Bank,1,KKR,kkr,yes,wikipedia,https://en.wikipedia.org/wiki/Cross_River_Bank,https://en.wikipedia.org/wiki/Cross_River_Bank
CrowdStrike,1,Warburg Pincus,warburg-pincus,yes,geig_article|wikipedia,https://en.wikipedia.org/wiki/CrowdStrike,https://en.wikipedia.org/wiki/CrowdStrike
Crown Resorts,1,Blackstone,blackstone,yes,wikipedia,https://en.wikipedia.org/wiki/Crown_Resorts,https://en.wikipedia.org/wiki/Crown_Resorts
CRS Retail Systems,1,Accel-KKR,accel-kkr,no,official_site,,
Crystal Decisions / Business Objects,1,Silver Lake,silver-lake,no,official_site,https://www.silverlake.com/portfolio/crystal-decisions-business-objects/,
CSH,1,Hg,hg,no,official_site,,
CTAIMA,1,Hg,hg,no,official_site,,
Ctrip,1,Silver Lake,silver-lake,no,official_site,https://www.silverlake.com/portfolio/ctrip/,
Cube Global,1,Hg,hg,no,official_site,,
Curia (company),1,Carlyle,carlyle,yes,wikipedia,https://en.wikipedia.org/wiki/Curia_%28company%29,https://en.wikipedia.org/wiki/Curia_%28company%29
Curriculum Associates,1,Hellman & Friedman,hellman-friedman,no,official_site,https://hf.com/portfolio/curriculum-associates/,
Custom Truck One Source,1,Platinum Equity,platinum-equity,yes,official_site,,
Customer.io,1,Spectrum Equity,spectrum-equity,no,geig_article|official_site,,
CXT Software,1,Accel-KKR,accel-kkr,no,official_site,,
CyberCube,1,Spectrum Equity,spectrum-equity,no,official_site,,
Cyncly,1,Genstar Capital,genstar-capital,yes,official_site,,
CYREN,1,Warburg Pincus,warburg-pincus,yes,wikipedia,https://en.wikipedia.org/wiki/CYREN,https://en.wikipedia.org/wiki/CYREN
CyrusOne,1,KKR,kkr,yes,wikipedia,https://en.wikipedia.org/wiki/CyrusOne,https://en.wikipedia.org/wiki/CyrusOne
Czarnowski Collective,1,Platinum Equity,platinum-equity,yes,official_site,,
d&b,1,Providence Equity Partners,providence-equity,yes,official_site,,
D+H,1,Vista Equity Partners,vista-equity,no,wikipedia,https://en.wikipedia.org/wiki/D%2BH,https://en.wikipedia.org/wiki/D%2BH
Dainese,1,Carlyle,carlyle,yes,wikipedia,https://en.wikipedia.org/wiki/Dainese,https://en.wikipedia.org/wiki/Dainese
Dalet,1,Accel-KKR,accel-kkr,no,official_site,,
Darktrace,1,Thoma Bravo,thoma-bravo,no,official_site|wikipedia,https://en.wikipedia.org/wiki/Darktrace,https://en.wikipedia.org/wiki/Darktrace
Datacamp,1,Spectrum Equity,spectrum-equity,no,official_site,,
Datapipe,1,Accel-KKR,accel-kkr,no,official_site,,
Datassential,1,Spectrum Equity,spectrum-equity,no,official_site,,
Datek Online / Ameritrade,1,Silver Lake,silver-lake,no,official_site,https://www.silverlake.com/portfolio/datek-online-ameritrade/,
Datto,1,Vista Equity Partners,vista-equity,no,official_site,https://www.vistaequitypartners.com/company/datto/,
Datto (company),1,Vista Equity Partners,vista-equity,no,wikipedia,https://en.wikipedia.org/wiki/Datto_%28company%29,https://en.wikipedia.org/wiki/Datto_%28company%29
Dauch Corporation,1,Blackstone,blackstone,yes,wikipedia,https://en.wikipedia.org/wiki/Dauch_Corporation,https://en.wikipedia.org/wiki/Dauch_Corporation
Daxko,1,Genstar Capital,genstar-capital,yes,official_site,,
Dayforce,1,Thoma Bravo,thoma-bravo,no,official_site|wikipedia,https://en.wikipedia.org/wiki/Dayforce,https://en.wikipedia.org/wiki/Dayforce
DCA Services,1,Platinum Equity,platinum-equity,yes,official_site,,
De Wave Group,1,Platinum Equity,platinum-equity,yes,official_site,,
Dealogic,1,Carlyle,carlyle,yes,wikipedia,https://en.wikipedia.org/wiki/Dealogic,https://en.wikipedia.org/wiki/Dealogic
Debitel,1,Permira,permira,yes,wikipedia,https://en.wikipedia.org/wiki/Debitel,https://en.wikipedia.org/wiki/Debitel
Decision One,1,"Welsh, Carson, Anderson & Stowe",wcas,yes,geig_article,,
DeepIntent,1,Vitruvian Partners,vitruvian,no,public_reports,,https://en.wikipedia.org/wiki/Vitruvian_Partners
Definitive Healthcare,1,Spectrum Equity,spectrum-equity,no,official_site,,
Del Monte Foods,1,KKR,kkr,yes,wikipedia,https://en.wikipedia.org/wiki/Del_Monte_Foods,https://en.wikipedia.org/wiki/Del_Monte_Foods
Delinea,1,Thoma Bravo,thoma-bravo,no,official_site,,
Dell,1,Silver Lake,silver-lake,no,wikipedia,https://en.wikipedia.org/wiki/Dell,https://en.wikipedia.org/wiki/Dell
Dell Technologies,1,Silver Lake,silver-lake,no,geig_article|official_site|wikipedia,https://www.silverlake.com/portfolio/dell-technologies/,https://en.wikipedia.org/wiki/Dell_Technologies
Delta Data,1,Accel-KKR,accel-kkr,no,official_site,,
Deltek,1,Thoma Bravo,thoma-bravo,no,official_site,,
Deluxe,1,Platinum Equity,platinum-equity,yes,official_site,,
Demag,1,KKR,kkr,yes,wikipedia,https://en.wikipedia.org/wiki/Demag,https://en.wikipedia.org/wiki/Demag
Dentira,1,Vista Equity Partners,vista-equity,no,official_site,https://www.vistaequitypartners.com/company/dentira/,
Dex Media,1,Carlyle,carlyle,yes,wikipedia,https://en.wikipedia.org/wiki/Dex_Media,https://en.wikipedia.org/wiki/Dex_Media
Dext,1,Hg,hg,no,official_site,,
Dextrys,1,Francisco Partners,francisco-partners,no,official_site,https://www.franciscopartners.com/investments/dextrys,
Diamant Software,1,Hg,hg,no,official_site,,
Diamond Baseball Holdings,1,Silver Lake,silver-lake,no,official_site|wikipedia,https://www.silverlake.com/portfolio/diamond-baseball-holdings/,https://en.wikipedia.org/wiki/Diamond_Baseball_Holdings
Didi Chuxing,1,Silver Lake,silver-lake,no,official_site,https://www.silverlake.com/portfolio/didi-chuxing/,
DigiCert,1,Thoma Bravo,thoma-bravo,no,official_site,,
Digital Insight,1,Thoma Bravo,thoma-bravo,no,official_site,,
Digital Marketing Institute,1,Spectrum Equity,spectrum-equity,no,official_site,,
Digitas,1,Hellman & Friedman,hellman-friedman,no,official_site,https://hf.com/portfolio/digitas-inc/,
Digiturk,1,Providence Equity Partners,providence-equity,yes,wikipedia,https://en.wikipedia.org/wiki/Digiturk,https://en.wikipedia.org/wiki/Digiturk
DinoSol,1,Permira,permira,yes,wikipedia,https://en.wikipedia.org/wiki/DinoSol,https://en.wikipedia.org/wiki/DinoSol
Discovery Education,1,Francisco Partners,francisco-partners,no,official_site,https://www.franciscopartners.com/investments/discovery-education,
Dispatch,1,Vista Equity Partners,vista-equity,no,official_site,https://www.vistaequitypartners.com/company/dispatch/,
DispatchTrack,1,Spectrum Equity,spectrum-equity,no,official_site,,
DJ China,1,Warburg Pincus,warburg-pincus,yes,official_site,https://warburgpincus.com/investments/dj-china/,
DNE Group,1,Warburg Pincus,warburg-pincus,yes,wikipedia,https://en.wikipedia.org/wiki/DNE_Group,https://en.wikipedia.org/wiki/DNE_Group
Docupace,1,Genstar Capital,genstar-capital,yes,official_site,,
Dojo,1,Vitruvian Partners,vitruvian,no,public_reports,,https://en.wikipedia.org/wiki/Vitruvian_Partners
Dollar General,1,KKR,kkr,yes,wikipedia,https://en.wikipedia.org/wiki/Dollar_General,https://en.wikipedia.org/wiki/Dollar_General
DoubleClick,1,Hellman & Friedman,hellman-friedman,no,official_site,https://hf.com/portfolio/doubleclick-inc/,
Dr Pepper/Seven Up,1,Carlyle,carlyle,yes,wikipedia,https://en.wikipedia.org/wiki/Dr_Pepper/Seven_Up,https://en.wikipedia.org/wiki/Dr_Pepper/Seven_Up
Dr. Martens,1,Permira,permira,yes,wikipedia,https://en.wikipedia.org/wiki/Dr._Martens,https://en.wikipedia.org/wiki/Dr._Martens
Drawbridge,1,Francisco Partners,francisco-partners,no,official_site,https://www.franciscopartners.com/investments/drawbridge,
Drips,1,Accel-KKR,accel-kkr,no,official_site,,
Duck Creek Technologies,1,Vista Equity Partners,vista-equity,no,official_site,https://www.vistaequitypartners.com/company/duck-creek-technologies/,
Duett,1,Accel-KKR,accel-kkr,no,official_site,,
Dunkin' Brands,1,Carlyle,carlyle,yes,wikipedia,https://en.wikipedia.org/wiki/Dunkin%27_Brands,https://en.wikipedia.org/wiki/Dunkin%27_Brands
Duravant,1,Warburg Pincus,warburg-pincus,yes,official_site,https://warburgpincus.com/investments/duravant/,
Dynamo,1,Francisco Partners,francisco-partners,no,official_site,https://www.franciscopartners.com/investments/dynamo,
Dynatrace,1,Thoma Bravo,thoma-bravo,no,official_site,,
E&A Scheer,1,Platinum Equity,platinum-equity,yes,official_site,,
E2open,1,Francisco Partners,francisco-partners,no,official_site,https://www.franciscopartners.com/investments/e2open,
EAB,1,Vista Equity Partners,vista-equity,no,official_site,https://www.vistaequitypartners.com/company/eab/,
EAB (company),1,Vista Equity Partners,vista-equity,no,wikipedia,https://en.wikipedia.org/wiki/EAB_%28company%29,https://en.wikipedia.org/wiki/EAB_%28company%29
EagleView Technologies,1,Vista Equity Partners,vista-equity,no,wikipedia,https://en.wikipedia.org/wiki/EagleView_Technologies,https://en.wikipedia.org/wiki/EagleView_Technologies
Ease,1,Spectrum Equity,spectrum-equity,no,official_site,,
EBay Enterprise,1,Permira,permira,yes,wikipedia,https://en.wikipedia.org/wiki/EBay_Enterprise,https://en.wikipedia.org/wiki/EBay_Enterprise
Ebco,1,Warburg Pincus,warburg-pincus,yes,official_site,https://warburgpincus.com/investments/ebco/,
Eclipse ERP,1,KKR,kkr,yes,wikipedia,https://en.wikipedia.org/wiki/Eclipse_ERP,https://en.wikipedia.org/wiki/Eclipse_ERP
ECM Industries,1,Genstar Capital,genstar-capital,yes,official_site,,
ECN Capital,1,Warburg Pincus,warburg-pincus,yes,official_site,https://warburgpincus.com/investments/ecn-capital/,
eConnections,1,Silver Lake,silver-lake,no,official_site,https://www.silverlake.com/portfolio/econnections/,
Edifecs,1,Francisco Partners,francisco-partners,no,official_site,https://www.franciscopartners.com/investments/edifecs,
Edline,1,Providence Equity Partners,providence-equity,yes,wikipedia,https://en.wikipedia.org/wiki/Edline,https://en.wikipedia.org/wiki/Edline
Edmentum,1,Providence Equity Partners,providence-equity,yes,wikipedia,https://en.wikipedia.org/wiki/Edmentum,https://en.wikipedia.org/wiki/Edmentum
EDreams,1,Permira,permira,yes,wikipedia,https://en.wikipedia.org/wiki/EDreams,https://en.wikipedia.org/wiki/EDreams
EDreams ODIGEO,1,Permira,permira,yes,wikipedia,https://en.wikipedia.org/wiki/EDreams_ODIGEO,https://en.wikipedia.org/wiki/EDreams_ODIGEO
Educomp Solutions,1,Carlyle,carlyle,yes,wikipedia,https://en.wikipedia.org/wiki/Educomp_Solutions,https://en.wikipedia.org/wiki/Educomp_Solutions
EF Johnson,1,Francisco Partners,francisco-partners,no,official_site,https://www.franciscopartners.com/investments/ef-johnson,
Efficientip,1,Francisco Partners,francisco-partners,no,official_site,https://www.franciscopartners.com/investments/efficientip,
Efreightsolutions,1,Accel-KKR,accel-kkr,no,official_site,,
Efront,1,Francisco Partners,francisco-partners,no,official_site,https://www.franciscopartners.com/investments/efront,
EG Software,1,Francisco Partners,francisco-partners,no,official_site,https://www.franciscopartners.com/investments/eg-software,
EG&G,1,Carlyle,carlyle,yes,wikipedia,https://en.wikipedia.org/wiki/EG%26G,https://en.wikipedia.org/wiki/EG%26G
EidosMedia,1,Hg,hg,no,official_site,,
Eka,1,Silver Lake,silver-lake,no,official_site,https://www.silverlake.com/portfolio/eka/,
Ektron,1,Accel-KKR,accel-kkr,no,official_site,,
EL CAR Wash,1,Warburg Pincus,warburg-pincus,yes,official_site,https://warburgpincus.com/investments/el-car-wash/,
Electro Rent,1,Platinum Equity,platinum-equity,yes,official_site,,
Electronic Arts,1,Silver Lake,silver-lake,no,official_site|wikipedia,https://www.silverlake.com/portfolio/electronic-arts/,https://en.wikipedia.org/wiki/Electronic_Arts
Elemica,1,Thoma Bravo,thoma-bravo,no,official_site,,
Eletive,1,Accel-KKR,accel-kkr,no,official_site,,
Elite,1,Francisco Partners,francisco-partners,no,official_site,https://www.franciscopartners.com/investments/elite,
Eller Media,1,Hellman & Friedman,hellman-friedman,no,official_site,https://hf.com/portfolio/eller-media-company-inc/,
Ellie Mae,1,Thoma Bravo,thoma-bravo,no,official_site,,
Embarcadero,1,Thoma Bravo,thoma-bravo,no,official_site,,
Embassy Group,1,Warburg Pincus,warburg-pincus,yes,wikipedia,https://en.wikipedia.org/wiki/Embassy_Group,https://en.wikipedia.org/wiki/Embassy_Group
Emerus,1,"Welsh, Carson, Anderson & Stowe",wcas,yes,official_site,,
Empirix,1,Thoma Bravo,thoma-bravo,no,official_site,,
Employee Navigator,1,Spectrum Equity,spectrum-equity,no,official_site,,
Empyrean,1,Spectrum Equity,spectrum-equity,no,official_site,,
Empyrean Solutions,1,Hg,hg,no,official_site,,
EnableComp,1,"Welsh, Carson, Anderson & Stowe",wcas,yes,official_site,,
Encora,1,Warburg Pincus,warburg-pincus,yes,official_site,https://warburgpincus.com/investments/encora/,
Endalia,1,Accel-KKR,accel-kkr,no,official_site,,
Endeavor Group Holdings,1,Silver Lake,silver-lake,no,official_site,https://www.silverlake.com/portfolio/endeavor/,
Endurance International Group,1,Warburg Pincus,warburg-pincus,yes,wikipedia,https://en.wikipedia.org/wiki/Endurance_International_Group,https://en.wikipedia.org/wiki/Endurance_International_Group
Endurance Intl. Group,1,Accel-KKR,accel-kkr,no,official_site,,
Energy Exemplar,1,Vista Equity Partners,vista-equity,no,official_site,https://www.vistaequitypartners.com/company/energy-exemplar/,
Energy Future Holdings,1,KKR,kkr,yes,wikipedia,https://en.wikipedia.org/wiki/Energy_Future_Holdings,https://en.wikipedia.org/wiki/Energy_Future_Holdings
Engageware,1,Accel-KKR,accel-kkr,no,official_site,,
Enmark,1,Accel-KKR,accel-kkr,no,official_site,,
Ensemble Health Partners,1,Warburg Pincus,warburg-pincus,yes,official_site,https://warburgpincus.com/investments/ensemble-health-partners/,
Enterasys,1,Silver Lake,silver-lake,no,official_site,https://www.silverlake.com/portfolio/enterasys/,
Enterasys Networks,1,Silver Lake,silver-lake,no,wikipedia,https://en.wikipedia.org/wiki/Enterasys_Networks,https://en.wikipedia.org/wiki/Enterasys_Networks
Entersekt,1,Accel-KKR,accel-kkr,no,official_site,,
Entrata,1,Silver Lake,silver-lake,no,official_site,https://www.silverlake.com/portfolio/entrata/,
Entrust,1,Thoma Bravo,thoma-bravo,no,official_site,,
Envision Healthcare,1,KKR,kkr,yes,wikipedia,https://en.wikipedia.org/wiki/Envision_Healthcare,https://en.wikipedia.org/wiki/Envision_Healthcare
Envizi,1,Accel-KKR,accel-kkr,no,official_site,,
Epassi,1,Warburg Pincus,warburg-pincus,yes,official_site,https://warburgpincus.com/investments/epassi/,
Epicor,1,KKR,kkr,yes,wikipedia,https://en.wikipedia.org/wiki/Epicor,https://en.wikipedia.org/wiki/Epicor
Episerver,1,Accel-KKR,accel-kkr,no,official_site,,
Eptura,1,Thoma Bravo,thoma-bravo,no,official_site,,
Epyx,1,Hg,hg,no,official_site,,
EQ Office,1,Blackstone,blackstone,yes,wikipedia,https://en.wikipedia.org/wiki/EQ_Office,https://en.wikipedia.org/wiki/EQ_Office
EQS,1,Thoma Bravo,thoma-bravo,no,official_site,,
EquiLend,1,"Welsh, Carson, Anderson & Stowe",wcas,yes,official_site,,
Equinox Group,1,Silver Lake,silver-lake,no,official_site,https://www.silverlake.com/portfolio/equinox-group/,
eResearch Technologies,1,Genstar Capital,genstar-capital,yes,official_site,,
ERM (consultancy),1,KKR,kkr,yes,wikipedia,https://en.wikipedia.org/wiki/ERM_%28consultancy%29,https://en.wikipedia.org/wiki/ERM_%28consultancy%29
Esentire,1,Warburg Pincus,warburg-pincus,yes,official_site,https://warburgpincus.com/investments/esentire/,
ESG,1,Accel-KKR,accel-kkr,no,official_site,,
Esolutions,1,Francisco Partners,francisco-partners,no,official_site,https://www.franciscopartners.com/investments/esolutions,
ESR,1,Warburg Pincus,warburg-pincus,yes,official_site,https://warburgpincus.com/investments/esr/,
ESR Group,1,Warburg Pincus,warburg-pincus,yes,wikipedia,https://en.wikipedia.org/wiki/ESR_Group,https://en.wikipedia.org/wiki/ESR_Group
Essel Propack,1,Blackstone,blackstone,yes,wikipedia,https://en.wikipedia.org/wiki/Essel_Propack,https://en.wikipedia.org/wiki/Essel_Propack
ESTELA,1,Accel-KKR,accel-kkr,no,official_site,,
Ethoca,1,Spectrum Equity,spectrum-equity,no,official_site,,
Eucon,1,Hg,hg,no,official_site,,
Evaran,1,Accel-KKR,accel-kkr,no,official_site,,
Eventbrite,1,Francisco Partners,francisco-partners,no,official_site,https://www.franciscopartners.com/investments/eventbrite,
Everbank,1,Warburg Pincus,warburg-pincus,yes,official_site|wikipedia,https://warburgpincus.com/investments/everbank/,https://en.wikipedia.org/wiki/EverBank
Everbridge,1,Thoma Bravo,thoma-bravo,no,official_site|wikipedia,https://en.wikipedia.org/wiki/Everbridge,https://en.wikipedia.org/wiki/Everbridge
EverCommerce,1,Silver Lake,silver-lake,no,official_site,https://www.silverlake.com/portfolio/evercommerce/,
Everise,1,Warburg Pincus,warburg-pincus,yes,official_site,https://warburgpincus.com/investments/everise/,
Everlywell,1,Spectrum Equity,spectrum-equity,no,official_site,,
Everway,1,Providence Equity Partners,providence-equity,yes,official_site,,
Evite,1,Francisco Partners,francisco-partners,no,official_site,https://www.franciscopartners.com/investments/evite,
Evolution Data Centres,1,Warburg Pincus,warburg-pincus,yes,official_site,https://warburgpincus.com/investments/evolution-data-centres/,
Evolution1,1,Genstar Capital,genstar-capital,yes,official_site,,
EX Libris,1,Francisco Partners,francisco-partners,no,official_site,https://www.franciscopartners.com/investments/ex-libris,
Exabeam,1,Thoma Bravo,thoma-bravo,no,official_site,,
Exact,1,Silver Lake,silver-lake,no,official_site,https://www.silverlake.com/portfolio/exact/,
Exact (company),1,KKR,kkr,yes,wikipedia,https://en.wikipedia.org/wiki/Exact_%28company%29,https://en.wikipedia.org/wiki/Exact_%28company%29
ExactBid,1,Spectrum Equity,spectrum-equity,no,official_site,,
ExamSoft,1,Spectrum Equity,spectrum-equity,no,official_site,,
Excelitas,1,Warburg Pincus,warburg-pincus,yes,official_site,https://warburgpincus.com/investments/excelitas/,
Exeter,1,Warburg Pincus,warburg-pincus,yes,official_site,https://warburgpincus.com/investments/exeter/,
Exostar,1,Thoma Bravo,thoma-bravo,no,official_site,,
Expedia Group,1,Silver Lake,silver-lake,no,official_site|wikipedia,https://www.silverlake.com/portfolio/expedia-group/,https://en.wikipedia.org/wiki/Expedia_Group
Experity,1,Warburg Pincus,warburg-pincus,yes,official_site,https://warburgpincus.com/investments/experity/,
Expert Institute,1,Spectrum Equity,spectrum-equity,no,official_site,,
Extended Stay America,1,Blackstone,blackstone,yes,wikipedia,https://en.wikipedia.org/wiki/Extended_Stay_America,https://en.wikipedia.org/wiki/Extended_Stay_America
Extreme Reach,1,Spectrum Equity,spectrum-equity,no,official_site,,
Exxat,1,Accel-KKR,accel-kkr,no,official_site,,
F24,1,Hg,hg,no,official_site,,
FABORY,1,Hg,hg,no,official_site,,
Facet,1,Warburg Pincus,warburg-pincus,yes,official_site,https://warburgpincus.com/investments/facet/,
Facile.it,1,Silver Lake,silver-lake,no,official_site|wikipedia,https://www.silverlake.com/portfolio/facile-it/,https://en.wikipedia.org/wiki/Facile.it
Falcon X,1,Thoma Bravo,thoma-bravo,no,official_site,,
FAME (database),1,Warburg Pincus,warburg-pincus,yes,wikipedia,https://en.wikipedia.org/wiki/FAME_%28database%29,https://en.wikipedia.org/wiki/FAME_%28database%29
Fanatics,1,Silver Lake,silver-lake,no,official_site|wikipedia,https://www.silverlake.com/portfolio/fanatics-inc/,https://en.wikipedia.org/wiki/Fanatics%2C_Inc.
Fanatics Collectibles,1,Silver Lake,silver-lake,no,official_site,https://www.silverlake.com/portfolio/fanatics-trading-cards/,
Fantini Group,1,Platinum Equity,platinum-equity,yes,official_site,,
FastSpring,1,Accel-KKR,accel-kkr,no,official_site,,
FATHOM,1,Silver Lake,silver-lake,no,official_site,https://www.silverlake.com/portfolio/fathom/,
FE fundinfo,1,Hg,hg,no,official_site,,
Ferretti Group,1,Permira,permira,yes,wikipedia,https://en.wikipedia.org/wiki/Ferretti_Group,https://en.wikipedia.org/wiki/Ferretti_Group
Fetch,1,Warburg Pincus,warburg-pincus,yes,official_site,https://warburgpincus.com/investments/fetch/,
Fetch Pet Insurance,1,Warburg Pincus,warburg-pincus,yes,wikipedia,https://en.wikipedia.org/wiki/Fetch_Pet_Insurance,https://en.wikipedia.org/wiki/Fetch_Pet_Insurance
FGS Global,1,KKR,kkr,yes,wikipedia,https://en.wikipedia.org/wiki/FGS_Global,https://en.wikipedia.org/wiki/FGS_Global
Figment,1,Thoma Bravo,thoma-bravo,no,official_site,,
Filmways,1,Warburg Pincus,warburg-pincus,yes,wikipedia,https://en.wikipedia.org/wiki/Filmways,https://en.wikipedia.org/wiki/Filmways
FinalSite,1,Spectrum Equity,spectrum-equity,no,official_site,,
Financial Horizons Group,1,Genstar Capital,genstar-capital,yes,official_site,,
Finastra,1,Vista Equity Partners,vista-equity,no,official_site|wikipedia,https://www.vistaequitypartners.com/company/finastra/,https://en.wikipedia.org/wiki/Finastra
First Advantage,1,Silver Lake,silver-lake,no,official_site,https://www.silverlake.com/portfolio/first-advantage/,
First Data,1,KKR,kkr,yes,wikipedia,https://en.wikipedia.org/wiki/First_Data,https://en.wikipedia.org/wiki/First_Data
First Eagle Investments,1,Genstar Capital,genstar-capital,yes,official_site,,
Flash,1,Vista Equity Partners,vista-equity,no,official_site,https://www.vistaequitypartners.com/company/flash/,
Flavorsum,1,Warburg Pincus,warburg-pincus,yes,official_site,https://warburgpincus.com/investments/flavorsum/,
Fleet Farm,1,KKR,kkr,yes,wikipedia,https://en.wikipedia.org/wiki/Fleet_Farm,https://en.wikipedia.org/wiki/Fleet_Farm
Fleur Hotels Limited,1,Warburg Pincus,warburg-pincus,yes,official_site,https://warburgpincus.com/investments/fleur-hotels-limited/,
Flexera,1,Thoma Bravo,thoma-bravo,no,official_site,,
Flextronics,1,Silver Lake,silver-lake,no,official_site,https://www.silverlake.com/portfolio/flextronics/,
Flexxray,1,Warburg Pincus,warburg-pincus,yes,official_site,https://warburgpincus.com/investments/flexxray/,
Flix,1,Silver Lake,silver-lake,no,official_site,https://www.silverlake.com/portfolio/flix/,
Flora Food Group,1,KKR,kkr,yes,wikipedia,https://en.wikipedia.org/wiki/Flora_Food_Group,https://en.wikipedia.org/wiki/Flora_Food_Group
Flourish,1,Genstar Capital,genstar-capital,yes,official_site,,
FM:Systems,1,Accel-KKR,accel-kkr,no,official_site,,
Focus Group,1,Hg,hg,no,official_site,,
Focus Media,1,Carlyle,carlyle,yes,wikipedia,https://en.wikipedia.org/wiki/Focus_Media,https://en.wikipedia.org/wiki/Focus_Media
Follett Software,1,Francisco Partners,francisco-partners,no,official_site,https://www.franciscopartners.com/investments/follett-software,
Forcura,1,Accel-KKR,accel-kkr,no,official_site,,
ForeFlight,1,Silver Lake,silver-lake,no,official_site,https://www.silverlake.com/portfolio/foreflight/,
ForgeRock,1,Thoma Bravo,thoma-bravo,no,official_site|wikipedia,https://en.wikipedia.org/wiki/ForgeRock,https://en.wikipedia.org/wiki/ForgeRock
Formula One,1,Hellman & Friedman,hellman-friedman,no,geig_article,,
Formula One Holdings Limited,1,Hellman & Friedman,hellman-friedman,no,official_site,https://hf.com/portfolio/formula-one-holdings-limited/,
Fort Dearborn,1,Genstar Capital,genstar-capital,yes,official_site,,
Fortegra Group,1,Warburg Pincus,warburg-pincus,yes,wikipedia,https://en.wikipedia.org/wiki/Fortegra_Group,https://en.wikipedia.org/wiki/Fortegra_Group
Foster's Hollywood,1,Permira,permira,yes,wikipedia,https://en.wikipedia.org/wiki/Foster%27s_Hollywood,https://en.wikipedia.org/wiki/Foster%27s_Hollywood
Foundation,1,Thoma Bravo,thoma-bravo,no,official_site,,
Foundation 9,1,Francisco Partners,francisco-partners,no,official_site,https://www.franciscopartners.com/investments/foundation-9,
Foundation Risk Partners,1,Warburg Pincus,warburg-pincus,yes,official_site,https://warburgpincus.com/investments/foundation-risk-partners/,
Foundry,1,Hg,hg,no,official_site,,
Foundry Visionmongers,1,Carlyle,carlyle,yes,wikipedia,https://en.wikipedia.org/wiki/The_Foundry_Visionmongers,https://en.wikipedia.org/wiki/The_Foundry_Visionmongers
Franklin Resources,1,Hellman & Friedman,hellman-friedman,no,official_site,https://hf.com/portfolio/franklin-resources-inc/,
Fred Meyer,1,KKR,kkr,yes,wikipedia,https://en.wikipedia.org/wiki/Fred_Meyer,https://en.wikipedia.org/wiki/Fred_Meyer
Freescale Semiconductor,1,Blackstone,blackstone,yes,wikipedia,https://en.wikipedia.org/wiki/Freescale_Semiconductor,https://en.wikipedia.org/wiki/Freescale_Semiconductor
FRISS,1,Accel-KKR,accel-kkr,no,official_site,,
Frontline,1,Thoma Bravo,thoma-bravo,no,official_site,,
Frontrange Solutions,1,Francisco Partners,francisco-partners,no,official_site,https://www.franciscopartners.com/investments/frontrange-solutions,
Frösunda,1,Hg,hg,no,official_site,,
FTSA,1,Hg,hg,no,official_site,,
FTX,1,Thoma Bravo,thoma-bravo,no,official_site,,
Fullstory,1,Permira,permira,yes,geig_article,,
Fusion,1,Warburg Pincus,warburg-pincus,yes,official_site,https://warburgpincus.com/investments/fusion/,
Fusion Risk Management,1,Vista Equity Partners,vista-equity,no,official_site,https://www.vistaequitypartners.com/company/fusion-risk-management/,
G42,1,Silver Lake,silver-lake,no,official_site,https://www.silverlake.com/portfolio/group-42/,
Gabe's,1,Warburg Pincus,warburg-pincus,yes,wikipedia,https://en.wikipedia.org/wiki/Gabe%27s,https://en.wikipedia.org/wiki/Gabe%27s
Gainsight,1,Vista Equity Partners,vista-equity,no,official_site,https://www.vistaequitypartners.com/company/gainsight/,
Gainsystems,1,Francisco Partners,francisco-partners,no,official_site,https://www.franciscopartners.com/investments/gainsystems,
Gala Bingo,1,Permira,permira,yes,wikipedia,https://en.wikipedia.org/wiki/Gala_Bingo,https://en.wikipedia.org/wiki/Gala_Bingo
Gartmore Investment Management Limited,1,Hellman & Friedman,hellman-friedman,no,official_site,https://hf.com/portfolio/gartmore-investment-mgmt-limited/,
Gartner,1,Silver Lake,silver-lake,no,official_site,https://www.silverlake.com/portfolio/gartner/,
Gatekeeper,1,Vista Equity Partners,vista-equity,no,official_site,https://www.vistaequitypartners.com/company/gatekeeper/,
Gateway Television,1,Blackstone,blackstone,yes,wikipedia,https://en.wikipedia.org/wiki/Gateway_Television,https://en.wikipedia.org/wiki/Gateway_Television
Gaztransport & Technigaz S.A.S.,1,Hellman & Friedman,hellman-friedman,no,official_site,https://hf.com/portfolio/gaztransport-technigaz-s-a-s/,
Gcash,1,Warburg Pincus,warburg-pincus,yes,official_site,https://warburgpincus.com/investments/gcash/,
Geek,1,Warburg Pincus,warburg-pincus,yes,official_site,https://warburgpincus.com/investments/geek/,
Gemini Air Cargo,1,Carlyle,carlyle,yes,wikipedia,https://en.wikipedia.org/wiki/Gemini_Air_Cargo,https://en.wikipedia.org/wiki/Gemini_Air_Cargo
Gen Digital,1,Silver Lake,silver-lake,no,wikipedia,https://en.wikipedia.org/wiki/Gen_Digital,https://en.wikipedia.org/wiki/Gen_Digital
Gen II,1,Hg,hg,no,official_site,,
Genesys (company),1,Permira,permira,yes,wikipedia,https://en.wikipedia.org/wiki/Genesys_%28company%29,https://en.wikipedia.org/wiki/Genesys_%28company%29
Genies,1,Silver Lake,silver-lake,no,official_site,https://www.silverlake.com/portfolio/genies/,
Genius Sports,1,Vista Equity Partners,vista-equity,no,wikipedia,https://en.wikipedia.org/wiki/Genius_Sports,https://en.wikipedia.org/wiki/Genius_Sports
Genki Forest,1,Warburg Pincus,warburg-pincus,yes,official_site,https://warburgpincus.com/investments/genki-forest/,
Geomatikk,1,Hg,hg,no,official_site,,
GeoVera Insurance Group Holdings,1,Hellman & Friedman,hellman-friedman,no,official_site,https://hf.com/portfolio/geovera-insurance-group-holdings-ltd/,
Gerson Lehrman Group,1,Silver Lake,silver-lake,no,official_site,https://www.silverlake.com/portfolio/gerson-lehrman-group/,
Getir,1,Silver Lake,silver-lake,no,official_site,https://www.silverlake.com/portfolio/getir/,
Getty Images,1,Hellman & Friedman,hellman-friedman,no,official_site,https://hf.com/portfolio/getty-images-inc/,
GGW Group,1,Hg,hg,no,official_site,,
GHX,1,Thoma Bravo,thoma-bravo,no,official_site,,
Gibson (guitar company),1,KKR,kkr,yes,wikipedia,https://en.wikipedia.org/wiki/Gibson_%28guitar_company%29,https://en.wikipedia.org/wiki/Gibson_%28guitar_company%29
Global Blue,1,Silver Lake,silver-lake,no,official_site|wikipedia,https://www.silverlake.com/portfolio/global-blue/,https://en.wikipedia.org/wiki/Global_Blue
Global Eggs,1,Warburg Pincus,warburg-pincus,yes,official_site,https://warburgpincus.com/investments/global-eggs/,
Global Healthcare Exchange,1,Warburg Pincus,warburg-pincus,yes,official_site,https://warburgpincus.com/investments/global-healthcare-exchange/,
Global Music Rights,1,Hellman & Friedman,hellman-friedman,no,official_site,https://hf.com/portfolio/global-music-rights/,
Global Payments,1,Silver Lake,silver-lake,no,official_site,https://www.silverlake.com/portfolio/global-payments/,
GlobalCollect,1,"Welsh, Carson, Anderson & Stowe",wcas,yes,official_site,,
GlobalFoundries,1,Silver Lake,silver-lake,no,official_site,https://www.silverlake.com/portfolio/globalfoundries/,
GlobalSpec,1,Warburg Pincus,warburg-pincus,yes,wikipedia,https://en.wikipedia.org/wiki/GlobalSpec,https://en.wikipedia.org/wiki/GlobalSpec
Glorious,1,Francisco Partners,francisco-partners,no,official_site,https://www.franciscopartners.com/investments/glorious,
Gnosis Freight,1,Vista Equity Partners,vista-equity,no,official_site,https://www.vistaequitypartners.com/company/gnosis-freight/,
GO JEK,1,Warburg Pincus,warburg-pincus,yes,official_site,https://warburgpincus.com/investments/go-jek/,
GoCardless,1,Permira,permira,yes,geig_article,,
Goldbelly,1,Spectrum Equity,spectrum-equity,no,official_site,,
Good Glamm Group,1,Warburg Pincus,warburg-pincus,yes,wikipedia,https://en.wikipedia.org/wiki/Good_Glamm_Group,https://en.wikipedia.org/wiki/Good_Glamm_Group
Good Hair Day,1,KKR,kkr,yes,wikipedia,https://en.wikipedia.org/wiki/Good_Hair_Day,https://en.wikipedia.org/wiki/Good_Hair_Day
Goodman Global,1,Hellman & Friedman,hellman-friedman,no,official_site,https://hf.com/portfolio/goodman-global-inc/,
Goto,1,Francisco Partners,francisco-partners,no,official_site,https://www.franciscopartners.com/investments/goto,
GovCIO,1,"Welsh, Carson, Anderson & Stowe",wcas,yes,official_site,,
GPS Insight,1,Accel-KKR,accel-kkr,no,official_site,,
Gradiant Corporation,1,Warburg Pincus,warburg-pincus,yes,official_site,https://warburgpincus.com/investments/gradiant-corporation/,
Granicus,1,Vista Equity Partners,vista-equity,no,official_site,https://www.vistaequitypartners.com/company/granicus/,
Grass Valley,1,Francisco Partners,francisco-partners,no,official_site,https://www.franciscopartners.com/investments/grass-valley,
Grayshift,1,Thoma Bravo,thoma-bravo,no,official_site,,
Graze (company),1,Carlyle,carlyle,yes,wikipedia,https://en.wikipedia.org/wiki/Graze_%28company%29,https://en.wikipedia.org/wiki/Graze_%28company%29
Green Mountain Technology,1,Accel-KKR,accel-kkr,no,official_site,,
Green Street,1,"Welsh, Carson, Anderson & Stowe",wcas,yes,official_site,,
Greenphire,1,Thoma Bravo,thoma-bravo,no,official_site,,
Greenshades,1,Accel-KKR,accel-kkr,no,official_site,,
GreenSky,1,KKR,kkr,yes,wikipedia,https://en.wikipedia.org/wiki/GreenSky,https://en.wikipedia.org/wiki/GreenSky
Greenslate,1,Francisco Partners,francisco-partners,no,official_site,https://www.franciscopartners.com/investments/greenslate,
Greenway Health,1,Vista Equity Partners,vista-equity,no,official_site,https://www.vistaequitypartners.com/company/greenway-health/,
Grocery Outlet,1,Hellman & Friedman,hellman-friedman,no,official_site,https://hf.com/portfolio/grocery-outlet-inc/,
Grosvenor Capital Management,1,Hellman & Friedman,hellman-friedman,no,official_site,https://hf.com/portfolio/grosvenor-capital-management/,
Group Induver,1,Hg,hg,no,official_site,,
Groupe Meilleurtaux,1,Silver Lake,silver-lake,no,official_site,https://www.silverlake.com/portfolio/groupe-meilleurtaux/,
Groupon,1,Silver Lake,silver-lake,no,official_site,https://www.silverlake.com/portfolio/groupon/,
Grubhub,1,Spectrum Equity,spectrum-equity,no,official_site,,
Grupo BC,1,Silver Lake,silver-lake,no,official_site,https://www.silverlake.com/portfolio/grupo-bc/,
GTreasury,1,Hg,hg,no,official_site,,
GXS,1,Francisco Partners,francisco-partners,no,official_site,https://www.franciscopartners.com/investments/gxs,
Hack the Box,1,Carlyle,carlyle,yes,geig_article,,
Haier India,1,Warburg Pincus,warburg-pincus,yes,official_site,https://warburgpincus.com/investments/haier-india/,
Haihe Pharmaceutical,1,Warburg Pincus,warburg-pincus,yes,official_site,https://warburgpincus.com/investments/haihe-pharmaceutical/,
Hawaiian Telcom,1,Carlyle,carlyle,yes,wikipedia,https://en.wikipedia.org/wiki/Hawaiian_Telcom,https://en.wikipedia.org/wiki/Hawaiian_Telcom
HCA Healthcare,1,KKR,kkr,yes,wikipedia,https://en.wikipedia.org/wiki/HCA_Healthcare,https://en.wikipedia.org/wiki/HCA_Healthcare
HCSS,1,Thoma Bravo,thoma-bravo,no,official_site,,
HD Supply,1,Carlyle,carlyle,yes,wikipedia,https://en.wikipedia.org/wiki/HD_Supply,https://en.wikipedia.org/wiki/HD_Supply
Headspace,1,Spectrum Equity,spectrum-equity,no,official_site,,
Headstrong,1,"Welsh, Carson, Anderson & Stowe",wcas,yes,geig_article|official_site,,
Health Partners,1,Warburg Pincus,warburg-pincus,yes,official_site,https://warburgpincus.com/investments/health-partners/,
Healthcaresource,1,Francisco Partners,francisco-partners,no,official_site,https://www.franciscopartners.com/investments/healthcaresource,
HealthCentral,1,Carlyle,carlyle,yes,wikipedia,https://en.wikipedia.org/wiki/HealthCentral,https://en.wikipedia.org/wiki/HealthCentral
Healthland,1,Francisco Partners,francisco-partners,no,official_site,https://www.franciscopartners.com/investments/healthland,
HealthMarkets,1,Blackstone,blackstone,yes,wikipedia,https://en.wikipedia.org/wiki/HealthMarkets,https://en.wikipedia.org/wiki/HealthMarkets
HealthMEDX,1,Spectrum Equity,spectrum-equity,no,official_site,,
Healthscope,1,Carlyle,carlyle,yes,wikipedia,https://en.wikipedia.org/wiki/Healthscope,https://en.wikipedia.org/wiki/Healthscope
Helix,1,Warburg Pincus,warburg-pincus,yes,official_site,https://warburgpincus.com/investments/helix/,
Hensoldt,1,KKR,kkr,yes,wikipedia,https://en.wikipedia.org/wiki/Hensoldt,https://en.wikipedia.org/wiki/Hensoldt
Hertz Car Sales,1,Carlyle,carlyle,yes,wikipedia,https://en.wikipedia.org/wiki/Hertz_Car_Sales,https://en.wikipedia.org/wiki/Hertz_Car_Sales
Hertz Global Holdings,1,Carlyle,carlyle,yes,wikipedia,https://en.wikipedia.org/wiki/Hertz_Global_Holdings,https://en.wikipedia.org/wiki/Hertz_Global_Holdings
HHAeXchange,1,Hg,hg,no,official_site,,
HighJump,1,Accel-KKR,accel-kkr,no,official_site,,
HighWire,1,Accel-KKR,accel-kkr,no,official_site,,
Hillstone Networks,1,Silver Lake,silver-lake,no,official_site,https://www.silverlake.com/portfolio/hillstone-networks/,
Hilton Grand Vacations,1,Blackstone,blackstone,yes,wikipedia,https://en.wikipedia.org/wiki/Hilton_Grand_Vacations,https://en.wikipedia.org/wiki/Hilton_Grand_Vacations
Hinge Health,1,Vitruvian Partners,vitruvian,no,public_reports,,https://en.wikipedia.org/wiki/Vitruvian_Partners
Hirschmann,1,Hg,hg,no,official_site,,
Hofmann,1,Hg,hg,no,official_site,,
Hogg Robinson Group,1,Permira,permira,yes,wikipedia,https://en.wikipedia.org/wiki/Hogg_Robinson_Group,https://en.wikipedia.org/wiki/Hogg_Robinson_Group
Holland & Barrett,1,Carlyle,carlyle,yes,wikipedia,https://en.wikipedia.org/wiki/Holland_%26_Barrett,https://en.wikipedia.org/wiki/Holland_%26_Barrett
Home First Finance,1,Warburg Pincus,warburg-pincus,yes,wikipedia,https://en.wikipedia.org/wiki/Home_First_Finance,https://en.wikipedia.org/wiki/Home_First_Finance
Houdaille Industries,1,KKR,kkr,yes,wikipedia,https://en.wikipedia.org/wiki/Houdaille_Industries,https://en.wikipedia.org/wiki/Houdaille_Industries
Houghton Mifflin Harcourt,1,Blackstone,blackstone,yes,wikipedia,https://en.wikipedia.org/wiki/Houghton_Mifflin_Harcourt,https://en.wikipedia.org/wiki/Houghton_Mifflin_Harcourt
Houseful (company),1,Silver Lake,silver-lake,no,wikipedia,https://en.wikipedia.org/wiki/Houseful_%28company%29,https://en.wikipedia.org/wiki/Houseful_%28company%29
Howden Group Holdings,1,Hg,hg,no,official_site,,
Howmet Aerospace,1,Carlyle,carlyle,yes,wikipedia,https://en.wikipedia.org/wiki/Howmet_Aerospace,https://en.wikipedia.org/wiki/Howmet_Aerospace
Htdk,1,Warburg Pincus,warburg-pincus,yes,official_site,https://warburgpincus.com/investments/htdk/,
HUB International Limited,1,Hellman & Friedman,hellman-friedman,no,official_site,https://hf.com/portfolio/hub-international-limited/,
HubSync,1,Thoma Bravo,thoma-bravo,no,official_site,,
Hugo Boss,1,Permira,permira,yes,wikipedia,https://en.wikipedia.org/wiki/Hugo_Boss,https://en.wikipedia.org/wiki/Hugo_Boss
Huiyuan Juice,1,Warburg Pincus,warburg-pincus,yes,wikipedia,https://en.wikipedia.org/wiki/Huiyuan_Juice,https://en.wikipedia.org/wiki/Huiyuan_Juice
Humanforce,1,Accel-KKR,accel-kkr,no,official_site,,
Hunkemöller,1,Carlyle,carlyle,yes,wikipedia,https://en.wikipedia.org/wiki/Hunkem%C3%B6ller,https://en.wikipedia.org/wiki/Hunkem%C3%B6ller
Hwabao WP Fund Management,1,Warburg Pincus,warburg-pincus,yes,official_site,https://warburgpincus.com/investments/hwabao-wp-fund-management/,
Hyla Mobile,1,Silver Lake,silver-lake,no,official_site,https://www.silverlake.com/portfolio/hyla-mobile/,
Hyland,1,Thoma Bravo,thoma-bravo,no,official_site,,
Hypercom,1,Francisco Partners,francisco-partners,no,official_site,https://www.franciscopartners.com/investments/hypercom,
Hypergene,1,Thoma Bravo,thoma-bravo,no,official_site,,
Hyperoptic,1,KKR,kkr,yes,wikipedia,https://en.wikipedia.org/wiki/Hyperoptic,https://en.wikipedia.org/wiki/Hyperoptic
Hyve,1,Providence Equity Partners,providence-equity,yes,official_site,,
i2,1,Silver Lake,silver-lake,no,official_site,https://www.silverlake.com/portfolio/i2/,
IBfx,1,Spectrum Equity,spectrum-equity,no,official_site,,
Iboss,1,Francisco Partners,francisco-partners,no,official_site,https://www.franciscopartners.com/investments/iboss,
Ichor,1,Francisco Partners,francisco-partners,no,official_site,https://www.franciscopartners.com/investments/ichor,
ICIMS,1,Vista Equity Partners,vista-equity,no,official_site|wikipedia,https://www.vistaequitypartners.com/company/icims/,https://en.wikipedia.org/wiki/ICIMS
ICON,1,KKR,kkr,yes,wikipedia,https://en.wikipedia.org/wiki/ICON_PLC,https://en.wikipedia.org/wiki/ICON_PLC
Idaptive,1,Thoma Bravo,thoma-bravo,no,official_site,,
Idea Cellular,1,Providence Equity Partners,providence-equity,yes,wikipedia,https://en.wikipedia.org/wiki/Idea_Cellular,https://en.wikipedia.org/wiki/Idea_Cellular
Ideagen,1,Hg,hg,no,official_site,,
Identifix,1,"Welsh, Carson, Anderson & Stowe",wcas,yes,official_site,,
Idfc First Bank,1,Warburg Pincus,warburg-pincus,yes,official_site|wikipedia,https://warburgpincus.com/investments/idfc-first-bank/,https://en.wikipedia.org/wiki/IDFC_First_Bank
IFS,1,Hg,hg,no,official_site,,
Iglo,1,Permira,permira,yes,wikipedia,https://en.wikipedia.org/wiki/Iglo,https://en.wikipedia.org/wiki/Iglo
ImageTrend,1,"Welsh, Carson, Anderson & Stowe",wcas,yes,official_site,,
Imagine Learning,1,Silver Lake,silver-lake,no,official_site,https://www.silverlake.com/portfolio/weld-north-education/,
imed,1,Accel-KKR,accel-kkr,no,official_site,,
IMG (company),1,Silver Lake,silver-lake,no,wikipedia,https://en.wikipedia.org/wiki/IMG_%28company%29,https://en.wikipedia.org/wiki/IMG_%28company%29
Imperial Auto,1,Warburg Pincus,warburg-pincus,yes,official_site,https://warburgpincus.com/investments/imperial-auto/,
Imperva,1,Thoma Bravo,thoma-bravo,no,official_site|wikipedia,https://en.wikipedia.org/wiki/Imperva,https://en.wikipedia.org/wiki/Imperva
Imply,1,Thoma Bravo,thoma-bravo,no,official_site,,
Imprivata,1,Thoma Bravo,thoma-bravo,no,official_site,,
Indegene,1,Carlyle,carlyle,yes,wikipedia,https://en.wikipedia.org/wiki/Indegene,https://en.wikipedia.org/wiki/Indegene
Indiafirst Life Insurance,1,Warburg Pincus,warburg-pincus,yes,official_site,https://warburgpincus.com/investments/indiafirst-life-insurance/,
IndiGrid,1,KKR,kkr,yes,wikipedia,https://en.wikipedia.org/wiki/IndiGrid,https://en.wikipedia.org/wiki/IndiGrid
Infogix,1,Thoma Bravo,thoma-bravo,no,official_site,,
InfoMC,1,Accel-KKR,accel-kkr,no,official_site,,
Infoniqa,1,Warburg Pincus,warburg-pincus,yes,official_site,https://warburgpincus.com/investments/infoniqa/,
Infovista,1,Thoma Bravo,thoma-bravo,no,official_site,,
Ingersoll Rand,1,KKR,kkr,yes,wikipedia,https://en.wikipedia.org/wiki/Ingersoll_Rand,https://en.wikipedia.org/wiki/Ingersoll_Rand
InnovAge,1,"Welsh, Carson, Anderson & Stowe",wcas,yes,official_site,,
Innovapptive,1,Vista Equity Partners,vista-equity,no,official_site,https://www.vistaequitypartners.com/company/innovapptive/,
Innovative Aftermarket Systems,1,Genstar Capital,genstar-capital,yes,official_site,,
Inrcore,1,Warburg Pincus,warburg-pincus,yes,official_site,https://warburgpincus.com/investments/inrcore/,
Inside Real Estate,1,Genstar Capital,genstar-capital,yes,official_site,,
Insilico Medicine,1,Warburg Pincus,warburg-pincus,yes,official_site|wikipedia,https://warburgpincus.com/investments/insilico-medicine/,https://en.wikipedia.org/wiki/Insilico_Medicine
Inspired Education,1,Warburg Pincus,warburg-pincus,yes,official_site,https://warburgpincus.com/investments/inspired-education/,
Instinet,1,Silver Lake,silver-lake,no,official_site,https://www.silverlake.com/portfolio/instinet/,
Institutional Shareholder Services,1,Genstar Capital,genstar-capital,yes,official_site,,
Insurity,1,Genstar Capital,genstar-capital,yes,official_site,,
InTandem,1,Spectrum Equity,spectrum-equity,no,official_site,,
Integral Ad Science,1,Vista Equity Partners,vista-equity,no,official_site,https://www.vistaequitypartners.com/company/integral-ad-science/,
IntegriChain,1,Accel-KKR,accel-kkr,no,official_site,,
Integrity Marketing Group,1,Silver Lake,silver-lake,no,official_site,https://www.silverlake.com/portfolio/integrity-marketing-group/,
Intel 471,1,Thoma Bravo,thoma-bravo,no,official_site,,
IntelePeer,1,Accel-KKR,accel-kkr,no,official_site,,
Intelerad,1,Hg,hg,no,official_site,,
intelliflo,1,Hg,hg,no,official_site,,
Intelligrated,1,Permira,permira,yes,wikipedia,https://en.wikipedia.org/wiki/Intelligrated,https://en.wikipedia.org/wiki/Intelligrated
Intelsat,1,Silver Lake,silver-lake,no,official_site|wikipedia,https://www.silverlake.com/portfolio/intelsat/,https://en.wikipedia.org/wiki/Intelsat
Intergraph Corporation,1,Hellman & Friedman,hellman-friedman,no,official_site,https://hf.com/portfolio/intergraph-corporation/,
International Data Corporation,1,Blackstone,blackstone,yes,wikipedia,https://en.wikipedia.org/wiki/International_Data_Corporation,https://en.wikipedia.org/wiki/International_Data_Corporation
Intrafi Network,1,Warburg Pincus,warburg-pincus,yes,official_site,https://warburgpincus.com/investments/intrafi-network/,
IntrinsiQ,1,Accel-KKR,accel-kkr,no,official_site,,
InvoiceCloud,1,Vista Equity Partners,vista-equity,no,official_site,https://www.vistaequitypartners.com/company/invoicecloud/,
iOffice,1,Thoma Bravo,thoma-bravo,no,official_site,,
IonQ,1,Silver Lake,silver-lake,no,official_site,https://www.silverlake.com/portfolio/ionq/,
iPay Technologies,1,Spectrum Equity,spectrum-equity,no,official_site,,
IPC,1,Silver Lake,silver-lake,no,official_site,https://www.silverlake.com/portfolio/ipc/,
iPipeline,1,Thoma Bravo,thoma-bravo,no,official_site,,
IQ Student Accommodation,1,Blackstone,blackstone,yes,wikipedia,https://en.wikipedia.org/wiki/IQ_Student_Accommodation,https://en.wikipedia.org/wiki/IQ_Student_Accommodation
IRIS,1,Hg,hg,no,official_site,,
IRIS Software Group Limited,1,Hellman & Friedman,hellman-friedman,no,official_site,https://hf.com/portfolio/iris-software-group-limited/,
iSelect,1,Spectrum Equity,spectrum-equity,no,official_site,,
Island / Instinet Group,1,Silver Lake,silver-lake,no,official_site,https://www.silverlake.com/portfolio/island-instinet-group/,
isolved HCM,1,Accel-KKR,accel-kkr,no,official_site,,
ITA,1,Spectrum Equity,spectrum-equity,no,official_site,,
ITC,1,Accel-KKR,accel-kkr,no,official_site,,
Iterable,1,Silver Lake,silver-lake,no,official_site,https://www.silverlake.com/portfolio/iterable/,
iTradeNetwork,1,Accel-KKR,accel-kkr,no,official_site,,
Ivalua,1,Hg,hg,no,official_site,,
IVC Evidensia,1,Silver Lake,silver-lake,no,official_site,https://www.silverlake.com/portfolio/ivc-evidensia/,
J.D. Power,1,Thoma Bravo,thoma-bravo,no,wikipedia,https://en.wikipedia.org/wiki/J.D._Power,https://en.wikipedia.org/wiki/J.D._Power
Jama Software,1,Francisco Partners,francisco-partners,no,official_site,https://www.franciscopartners.com/investments/jama-software,
JD Power,1,Thoma Bravo,thoma-bravo,no,official_site,,
JD Property Group Corporation,1,Warburg Pincus,warburg-pincus,yes,official_site,https://warburgpincus.com/investments/jd-property-group-corporation/,
Jeppesen ForeFlight,1,Thoma Bravo,thoma-bravo,no,official_site,,
Jersey Mike's Subs,1,Blackstone,blackstone,yes,wikipedia,https://en.wikipedia.org/wiki/Jersey_Mike%27s_Subs,https://en.wikipedia.org/wiki/Jersey_Mike%27s_Subs
Jet Aviation,1,Permira,permira,yes,wikipedia,https://en.wikipedia.org/wiki/Jet_Aviation,https://en.wikipedia.org/wiki/Jet_Aviation
Jet Support Services,1,Genstar Capital,genstar-capital,yes,official_site,,
JIMDO,1,Spectrum Equity,spectrum-equity,no,official_site,,
Jio,1,Vista Equity Partners,vista-equity,no,official_site,https://www.vistaequitypartners.com/company/jio/,
Joblogic,1,Vista Equity Partners,vista-equity,no,official_site,https://www.vistaequitypartners.com/company/joblogic/,
John Laing Group,1,KKR,kkr,yes,wikipedia,https://en.wikipedia.org/wiki/John_Laing_Group,https://en.wikipedia.org/wiki/John_Laing_Group
JTL,1,Hg,hg,no,official_site,,
Jusbrasil,1,Warburg Pincus,warburg-pincus,yes,official_site,https://warburgpincus.com/investments/jusbrasil/,
Just Group,1,Permira,permira,yes,wikipedia,https://en.wikipedia.org/wiki/Just_Group_plc,https://en.wikipedia.org/wiki/Just_Group_plc
JV With Vlinker,1,Warburg Pincus,warburg-pincus,yes,official_site,https://warburgpincus.com/investments/jv-with-vlinker/,
K2,1,Francisco Partners,francisco-partners,no,official_site,https://www.franciscopartners.com/investments/k2,
K2 Insurance Services,1,Warburg Pincus,warburg-pincus,yes,official_site,https://warburgpincus.com/investments/k2-insurance-services/,
Kajabi,1,Spectrum Equity,spectrum-equity,no,official_site,,
Kaleris,1,Accel-KKR,accel-kkr,no,official_site,,
KANA,1,Accel-KKR,accel-kkr,no,official_site,,
Kanopy,1,KKR,kkr,yes,wikipedia,https://en.wikipedia.org/wiki/Kanopy,https://en.wikipedia.org/wiki/Kanopy
Kantata,1,Accel-KKR,accel-kkr,no,official_site,,
KCS,1,Accel-KKR,accel-kkr,no,official_site,,
Kerasotes Theatres,1,Providence Equity Partners,providence-equity,yes,wikipedia,https://en.wikipedia.org/wiki/Kerasotes_Theatres,https://en.wikipedia.org/wiki/Kerasotes_Theatres
Keyloop,1,Francisco Partners,francisco-partners,no,official_site,https://www.franciscopartners.com/investments/keyloop,
Keystone Agency Partners,1,Warburg Pincus,warburg-pincus,yes,official_site,https://warburgpincus.com/investments/keystone-agency-partners/,
KFC in Japan,1,Carlyle,carlyle,yes,wikipedia,https://en.wikipedia.org/wiki/KFC_in_Japan,https://en.wikipedia.org/wiki/KFC_in_Japan
Khazna Data Centers,1,Silver Lake,silver-lake,no,official_site,https://www.silverlake.com/portfolio/khazna-data-centers/,
Khoros,1,Vista Equity Partners,vista-equity,no,official_site|wikipedia,https://www.vistaequitypartners.com/company/khoros/,https://en.wikipedia.org/wiki/Khoros%2C_LLC
KIBO,1,Vista Equity Partners,vista-equity,no,official_site,https://www.vistaequitypartners.com/company/kibo/,
KinderCare Learning Centers,1,KKR,kkr,yes,wikipedia,https://en.wikipedia.org/wiki/KinderCare_Learning_Centers,https://en.wikipedia.org/wiki/KinderCare_Learning_Centers
Kindred at Home,1,"Welsh, Carson, Anderson & Stowe",wcas,yes,official_site,,
Kiniciti,1,"Welsh, Carson, Anderson & Stowe",wcas,yes,official_site,,
KIO JV,1,Warburg Pincus,warburg-pincus,yes,official_site,https://warburgpincus.com/investments/kio-jv/,
KION Group,1,KKR,kkr,yes,wikipedia,https://en.wikipedia.org/wiki/KION_Group,https://en.wikipedia.org/wiki/KION_Group
KKR &,1,KKR,kkr,yes,wikipedia,https://en.wikipedia.org/wiki/KKR_%26_Co.,https://en.wikipedia.org/wiki/KKR_%26_Co.
Klook,1,Vitruvian Partners,vitruvian,no,public_reports,,https://en.wikipedia.org/wiki/Vitruvian_Partners
Kneat,1,Thoma Bravo,thoma-bravo,no,official_site,,
Knot World Wide,1,Spectrum Equity,spectrum-equity,no,official_site,,
KnowBe4,1,Vista Equity Partners,vista-equity,no,official_site,https://www.vistaequitypartners.com/company/knowbe4/,
Kobalt,1,Francisco Partners,francisco-partners,no,official_site,https://www.franciscopartners.com/investments/kobalt,
Kofax,1,Thoma Bravo,thoma-bravo,no,official_site,,
Koubei,1,Silver Lake,silver-lake,no,official_site,https://www.silverlake.com/portfolio/koubei/,
Kyruus,1,Francisco Partners,francisco-partners,no,official_site,https://www.franciscopartners.com/investments/kyruus,
La Centrale,1,Providence Equity Partners,providence-equity,yes,official_site,,
La Quinta Inns & Suites,1,Blackstone,blackstone,yes,wikipedia,https://en.wikipedia.org/wiki/La_Quinta_Inns_%26_Suites,https://en.wikipedia.org/wiki/La_Quinta_Inns_%26_Suites
La Trobe Financial,1,Blackstone,blackstone,yes,wikipedia,https://en.wikipedia.org/wiki/La_Trobe_Financial,https://en.wikipedia.org/wiki/La_Trobe_Financial
LANDESK,1,Thoma Bravo,thoma-bravo,no,official_site,,
Landis+Gyr,1,KKR,kkr,yes,wikipedia,https://en.wikipedia.org/wiki/Landis%2BGyr,https://en.wikipedia.org/wiki/Landis%2BGyr
Landmark,1,Francisco Partners,francisco-partners,no,official_site,https://www.franciscopartners.com/investments/landmark,
Landmark Aviation,1,Carlyle,carlyle,yes,wikipedia,https://en.wikipedia.org/wiki/Landmark_Aviation,https://en.wikipedia.org/wiki/Landmark_Aviation
Lanyon Solutions,1,Vista Equity Partners,vista-equity,no,wikipedia,https://en.wikipedia.org/wiki/Lanyon_Solutions,https://en.wikipedia.org/wiki/Lanyon_Solutions
Latitude Financial Services,1,KKR,kkr,yes,wikipedia,https://en.wikipedia.org/wiki/Latitude_Financial_Services,https://en.wikipedia.org/wiki/Latitude_Financial_Services
Layered Technologies,1,Accel-KKR,accel-kkr,no,official_site,,
Le Figaro,1,Carlyle,carlyle,yes,wikipedia,https://en.wikipedia.org/wiki/Le_Figaro,https://en.wikipedia.org/wiki/Le_Figaro
Leaf Group,1,Spectrum Equity,spectrum-equity,no,official_site,,
LeagueApps,1,Accel-KKR,accel-kkr,no,official_site,,
LeanDNA,1,Accel-KKR,accel-kkr,no,official_site,,
LEARFIELD,1,Silver Lake,silver-lake,no,official_site,https://www.silverlake.com/portfolio/learfield-img-college/,
Legend Natural Gas,1,Carlyle,carlyle,yes,wikipedia,https://en.wikipedia.org/wiki/Legend_Natural_Gas,https://en.wikipedia.org/wiki/Legend_Natural_Gas
Legerity,1,Francisco Partners,francisco-partners,no,official_site,https://www.franciscopartners.com/investments/legerity,
Legoland,1,Blackstone,blackstone,yes,wikipedia,https://en.wikipedia.org/wiki/Legoland,https://en.wikipedia.org/wiki/Legoland
Legrand (company),1,KKR,kkr,yes,wikipedia,https://en.wikipedia.org/wiki/Legrand_%28company%29,https://en.wikipedia.org/wiki/Legrand_%28company%29
Leica Camera,1,Blackstone,blackstone,yes,wikipedia,https://en.wikipedia.org/wiki/Leica_Camera,https://en.wikipedia.org/wiki/Leica_Camera
Leiters,1,"Welsh, Carson, Anderson & Stowe",wcas,yes,official_site,,
Lemontech,1,Accel-KKR,accel-kkr,no,official_site,,
Lendingpoint,1,Warburg Pincus,warburg-pincus,yes,official_site|wikipedia,https://warburgpincus.com/investments/lendingpoint/,https://en.wikipedia.org/wiki/LendingPoint
Lenskart,1,KKR,kkr,yes,wikipedia,https://en.wikipedia.org/wiki/Lenskart,https://en.wikipedia.org/wiki/Lenskart
Leonine Holding,1,KKR,kkr,yes,wikipedia,https://en.wikipedia.org/wiki/Leonine_Holding,https://en.wikipedia.org/wiki/Leonine_Holding
LGC,1,KKR,kkr,yes,wikipedia,https://en.wikipedia.org/wiki/LGC_Ltd,https://en.wikipedia.org/wiki/LGC_Ltd
Liberty Dental Plan,1,"Welsh, Carson, Anderson & Stowe",wcas,yes,official_site,,
LifeLoop,1,Vista Equity Partners,vista-equity,no,official_site,https://www.vistaequitypartners.com/company/lifeloop/,
LightBox,1,Silver Lake,silver-lake,no,official_site,https://www.silverlake.com/portfolio/lightbox/,
Lighthouse,1,Spectrum Equity,spectrum-equity,no,official_site,,
Lighthouse Learning,1,KKR,kkr,yes,wikipedia,https://en.wikipedia.org/wiki/Lighthouse_Learning,https://en.wikipedia.org/wiki/Lighthouse_Learning
Lightspeed Systems,1,Genstar Capital,genstar-capital,yes,official_site,,
Likewize,1,Genstar Capital,genstar-capital,yes,official_site,,
LINQ,1,"Welsh, Carson, Anderson & Stowe",wcas,yes,geig_article|official_site,,
Linxup,1,Spectrum Equity,spectrum-equity,no,official_site,,
Litera,1,Hg,hg,no,official_site,,
Litmos,1,Francisco Partners,francisco-partners,no,official_site,https://www.franciscopartners.com/investments/litmos,
Litmus,1,Spectrum Equity,spectrum-equity,no,official_site,,
Little Chef,1,Permira,permira,yes,wikipedia,https://en.wikipedia.org/wiki/Little_Chef,https://en.wikipedia.org/wiki/Little_Chef
Liveu,1,Francisco Partners,francisco-partners,no,official_site,https://www.franciscopartners.com/investments/liveu,
Livspace,1,KKR,kkr,yes,wikipedia,https://en.wikipedia.org/wiki/Livspace,https://en.wikipedia.org/wiki/Livspace
Local Media,1,Thoma Bravo,thoma-bravo,no,official_site,,
Locaweb,1,Silver Lake,silver-lake,no,official_site,https://www.silverlake.com/portfolio/locaweb/,
Lodgis,1,Warburg Pincus,warburg-pincus,yes,official_site,https://warburgpincus.com/investments/lodgis/,
Loews Cineplex Entertainment,1,Carlyle,carlyle,yes,wikipedia,https://en.wikipedia.org/wiki/Loews_Cineplex_Entertainment,https://en.wikipedia.org/wiki/Loews_Cineplex_Entertainment
Loftware,1,Accel-KKR,accel-kkr,no,official_site,,
Logex,1,Thoma Bravo,thoma-bravo,no,official_site,,
LogicMonitor,1,Vista Equity Partners,vista-equity,no,official_site,https://www.vistaequitypartners.com/company/logicmonitor/,
Logicor,1,Blackstone,blackstone,yes,wikipedia,https://en.wikipedia.org/wiki/Logicor,https://en.wikipedia.org/wiki/Logicor
LogRhythm,1,Thoma Bravo,thoma-bravo,no,official_site,,
Lone Wolf Real Estate Technologies,1,Vista Equity Partners,vista-equity,no,official_site,https://www.vistaequitypartners.com/company/lone-wolf/,
Longview Power Plant,1,KKR,kkr,yes,wikipedia,https://en.wikipedia.org/wiki/Longview_Power_Plant,https://en.wikipedia.org/wiki/Longview_Power_Plant
LPL Financial Holdings,1,Hellman & Friedman,hellman-friedman,no,official_site,https://hf.com/portfolio/lpl-financial-holdings-inc/,
Lucanet,1,Hg,hg,no,official_site,,
Lucidworks,1,Francisco Partners,francisco-partners,no,official_site,https://www.franciscopartners.com/investments/lucidworks,
Luxema Imaging,1,"Welsh, Carson, Anderson & Stowe",wcas,yes,official_site,,
Lynda.com,1,Spectrum Equity,spectrum-equity,no,official_site,,
Lynx Medical Systems,1,Francisco Partners,francisco-partners,no,official_site,https://www.franciscopartners.com/investments/lynx-medical-systems,
Lytx,1,Permira,permira,yes,wikipedia,https://en.wikipedia.org/wiki/Lytx,https://en.wikipedia.org/wiki/Lytx
mabl,1,Vista Equity Partners,vista-equity,no,official_site,https://www.vistaequitypartners.com/company/mabl/,
Macrobond,1,Francisco Partners,francisco-partners,no,official_site,https://www.franciscopartners.com/investments/macrobond,
Madison International Realty,1,Warburg Pincus,warburg-pincus,yes,official_site,https://warburgpincus.com/investments/madison-international-realty/,
Madison Square Garden Sports,1,Silver Lake,silver-lake,no,official_site,https://www.silverlake.com/portfolio/the-madison-square-garden-company/,
Magento,1,Permira,permira,yes,wikipedia,https://en.wikipedia.org/wiki/Magento,https://en.wikipedia.org/wiki/Magento
Magnet Forensics,1,Thoma Bravo,thoma-bravo,no,official_site,,
Main Street Hub,1,Vista Equity Partners,vista-equity,no,official_site,https://www.vistaequitypartners.com/company/main-street-hub/,
Majesco,1,Thoma Bravo,thoma-bravo,no,official_site,,
Manatron,1,Thoma Bravo,thoma-bravo,no,official_site,,
ManTech International,1,Carlyle,carlyle,yes,wikipedia,https://en.wikipedia.org/wiki/ManTech_International,https://en.wikipedia.org/wiki/ManTech_International
Marelli Europe,1,KKR,kkr,yes,wikipedia,https://en.wikipedia.org/wiki/Marelli_Europe,https://en.wikipedia.org/wiki/Marelli_Europe
Marelli Holdings,1,KKR,kkr,yes,wikipedia,https://en.wikipedia.org/wiki/Marelli_Holdings,https://en.wikipedia.org/wiki/Marelli_Holdings
Mariner Finance,1,Warburg Pincus,warburg-pincus,yes,official_site,https://warburgpincus.com/investments/mariner-finance/,
MarketFactory,1,Accel-KKR,accel-kkr,no,official_site,,
Marketo,1,Vista Equity Partners,vista-equity,no,geig_article|official_site,https://www.vistaequitypartners.com/company/marketo/,
Marlink,1,Providence Equity Partners,providence-equity,yes,official_site,,
Marqeta,1,Vitruvian Partners,vitruvian,no,public_reports,,https://en.wikipedia.org/wiki/Vitruvian_Partners
Marshall Wace,1,KKR,kkr,yes,wikipedia,https://en.wikipedia.org/wiki/Marshall_Wace,https://en.wikipedia.org/wiki/Marshall_Wace
MASA Global,1,Genstar Capital,genstar-capital,yes,official_site,,
Masabi,1,Accel-KKR,accel-kkr,no,official_site,,
Masan Group,1,KKR,kkr,yes,wikipedia,https://en.wikipedia.org/wiki/Masan_Group,https://en.wikipedia.org/wiki/Masan_Group
Masternaut,1,Francisco Partners,francisco-partners,no,official_site,https://www.franciscopartners.com/investments/masternaut,
Matera,1,Warburg Pincus,warburg-pincus,yes,official_site,https://warburgpincus.com/investments/matera/,
Matrixx Software,1,Francisco Partners,francisco-partners,no,official_site,https://www.franciscopartners.com/investments/matrixx-software,
Mattel,1,Warburg Pincus,warburg-pincus,yes,wikipedia,https://en.wikipedia.org/wiki/Mattel,https://en.wikipedia.org/wiki/Mattel
Maxeda,1,KKR,kkr,yes,wikipedia,https://en.wikipedia.org/wiki/Maxeda,https://en.wikipedia.org/wiki/Maxeda
Mb2 Dental,1,Warburg Pincus,warburg-pincus,yes,official_site,https://warburgpincus.com/investments/mb2-dental/,
Mcgill and Partners,1,Warburg Pincus,warburg-pincus,yes,official_site,https://warburgpincus.com/investments/mcgill-and-partners/,
McGraw Hill,1,Platinum Equity,platinum-equity,yes,geig_article,,
MCI,1,Silver Lake,silver-lake,no,official_site,https://www.silverlake.com/portfolio/mci/,
Mcmtech,1,Accel-KKR,accel-kkr,no,official_site,,
Medallia,1,Thoma Bravo,thoma-bravo,no,official_site|wikipedia,https://en.wikipedia.org/wiki/Medallia,https://en.wikipedia.org/wiki/Medallia
Medanta,1,Carlyle,carlyle,yes,wikipedia,https://en.wikipedia.org/wiki/Medanta,https://en.wikipedia.org/wiki/Medanta
MedeAnalytics,1,Thoma Bravo,thoma-bravo,no,official_site,,
MedHOK,1,Spectrum Equity,spectrum-equity,no,official_site,,
Mediaocean,1,Vista Equity Partners,vista-equity,no,official_site|wikipedia,https://www.vistaequitypartners.com/company/mediaocean/,https://en.wikipedia.org/wiki/Mediaocean
Mediawan,1,Providence Equity Partners,providence-equity,yes,official_site,,
Medical Park,1,Carlyle,carlyle,yes,wikipedia,https://en.wikipedia.org/wiki/Medical_Park,https://en.wikipedia.org/wiki/Medical_Park
Mediware,1,Thoma Bravo,thoma-bravo,no,official_site,,
Medline,1,Hellman & Friedman,hellman-friedman,no,official_site,https://hf.com/portfolio/medline/,
MedTrainer,1,Vista Equity Partners,vista-equity,no,official_site,https://www.vistaequitypartners.com/company/medtrainer/,
Membersy,1,Spectrum Equity,spectrum-equity,no,official_site,,
Memsource,1,Carlyle,carlyle,yes,wikipedia,https://en.wikipedia.org/wiki/Memsource,https://en.wikipedia.org/wiki/Memsource
Menlo Security,1,Vista Equity Partners,vista-equity,no,official_site,https://www.vistaequitypartners.com/company/menlo-security/,
Merative,1,Francisco Partners,francisco-partners,no,official_site,https://www.franciscopartners.com/investments/merative,
Mercell,1,Thoma Bravo,thoma-bravo,no,official_site,,
Mercer Advisors,1,Genstar Capital,genstar-capital,yes,official_site,,
Mercury Healthcare,1,Silver Lake,silver-lake,no,official_site,https://www.silverlake.com/portfolio/healthgrades/,
Mercury Payment Systems,1,Silver Lake,silver-lake,no,official_site,https://www.silverlake.com/portfolio/mercury-payment-solutions/,
MeridianLink,1,Thoma Bravo,thoma-bravo,no,official_site,,
Meril,1,Warburg Pincus,warburg-pincus,yes,official_site,https://warburgpincus.com/investments/meril/,
Merlin Entertainments,1,Blackstone,blackstone,yes,wikipedia,https://en.wikipedia.org/wiki/Merlin_Entertainments,https://en.wikipedia.org/wiki/Merlin_Entertainments
Metabo,1,KKR,kkr,yes,wikipedia,https://en.wikipedia.org/wiki/Metabo,https://en.wikipedia.org/wiki/Metabo
Metaswitch,1,Francisco Partners,francisco-partners,no,official_site,https://www.franciscopartners.com/investments/metaswitch,
Metavante,1,Warburg Pincus,warburg-pincus,yes,wikipedia,https://en.wikipedia.org/wiki/Metavante,https://en.wikipedia.org/wiki/Metavante
Metrologic,1,Francisco Partners,francisco-partners,no,official_site,https://www.franciscopartners.com/investments/metrologic,
Mi Pueblo Food Center,1,KKR,kkr,yes,wikipedia,https://en.wikipedia.org/wiki/Mi_Pueblo_Food_Center,https://en.wikipedia.org/wiki/Mi_Pueblo_Food_Center
Michaels,1,Blackstone,blackstone,yes,wikipedia,https://en.wikipedia.org/wiki/Michaels,https://en.wikipedia.org/wiki/Michaels
MicroEdge,1,Vista Equity Partners,vista-equity,no,official_site,https://www.vistaequitypartners.com/company/microedge/,
MidCap Financial,1,Genstar Capital,genstar-capital,yes,official_site,,
Mill (company),1,Carlyle,carlyle,yes,wikipedia,https://en.wikipedia.org/wiki/The_Mill_%28company%29,https://en.wikipedia.org/wiki/The_Mill_%28company%29
Mimecast,1,Permira,permira,yes,wikipedia,https://en.wikipedia.org/wiki/Mimecast,https://en.wikipedia.org/wiki/Mimecast
Mincom,1,Francisco Partners,francisco-partners,no,official_site,https://www.franciscopartners.com/investments/mincom,
Mindbody,1,Vista Equity Partners,vista-equity,no,wikipedia,https://en.wikipedia.org/wiki/Mindbody_Inc.,https://en.wikipedia.org/wiki/Mindbody_Inc.
Minesoft,1,Warburg Pincus,warburg-pincus,yes,official_site,https://warburgpincus.com/investments/minesoft/,
Ministry Brands,1,Accel-KKR,accel-kkr,no,official_site,,
Minted,1,Permira,permira,yes,wikipedia,https://en.wikipedia.org/wiki/Minted,https://en.wikipedia.org/wiki/Minted
Mirakl,1,Silver Lake,silver-lake,no,official_site,https://www.silverlake.com/portfolio/mirakl/,
Mission Motors,1,Warburg Pincus,warburg-pincus,yes,wikipedia,https://en.wikipedia.org/wiki/Mission_Motors,https://en.wikipedia.org/wiki/Mission_Motors
Mission Pet Health,1,Silver Lake,silver-lake,no,official_site,https://www.silverlake.com/portfolio/mission-pet-health/,
Mitchell International Holdings,1,Hellman & Friedman,hellman-friedman,no,official_site,https://hf.com/portfolio/mitchell-international-holdings-inc/,
Mitel Networks,1,Francisco Partners,francisco-partners,no,official_site,https://www.franciscopartners.com/investments/mitel-networks,
MNRK Music Group,1,Blackstone,blackstone,yes,wikipedia,https://en.wikipedia.org/wiki/MNRK_Music_Group,https://en.wikipedia.org/wiki/MNRK_Music_Group
Mobile Health,1,Accel-KKR,accel-kkr,no,official_site,,
Model N (company),1,Vista Equity Partners,vista-equity,no,wikipedia,https://en.wikipedia.org/wiki/Model_N_%28company%29,https://en.wikipedia.org/wiki/Model_N_%28company%29
Modern Campus,1,Providence Equity Partners,providence-equity,yes,official_site,,
Modern Dairy,1,KKR,kkr,yes,wikipedia,https://en.wikipedia.org/wiki/Modern_Dairy,https://en.wikipedia.org/wiki/Modern_Dairy
Modernizing Medicine,1,Warburg Pincus,warburg-pincus,yes,wikipedia,https://en.wikipedia.org/wiki/Modernizing_Medicine,https://en.wikipedia.org/wiki/Modernizing_Medicine
Mofang,1,Warburg Pincus,warburg-pincus,yes,official_site,https://warburgpincus.com/investments/mofang/,
Momo,1,Warburg Pincus,warburg-pincus,yes,official_site,https://warburgpincus.com/investments/momo/,
Momo (company),1,Carlyle,carlyle,yes,wikipedia,https://en.wikipedia.org/wiki/Momo_%28company%29,https://en.wikipedia.org/wiki/Momo_%28company%29
Mondrian,1,Hellman & Friedman,hellman-friedman,no,geig_article,,
Mondrian Investment Partners,1,Hellman & Friedman,hellman-friedman,no,official_site,https://hf.com/portfolio/mondrian-investment-partners-ltd/,
Monolith Materials,1,Warburg Pincus,warburg-pincus,yes,official_site,https://warburgpincus.com/investments/monolith-materials/,
Montana Renewables,1,Warburg Pincus,warburg-pincus,yes,official_site,https://warburgpincus.com/investments/montana-renewables/,
Moonfare,1,Vitruvian Partners,vitruvian,no,public_reports,,https://en.wikipedia.org/wiki/Vitruvian_Partners
Mortgagebot,1,Spectrum Equity,spectrum-equity,no,official_site,,
Mosaic,1,Warburg Pincus,warburg-pincus,yes,wikipedia,https://en.wikipedia.org/wiki/Mosaic_Inc.,https://en.wikipedia.org/wiki/Mosaic_Inc.
Motorola Solutions,1,Silver Lake,silver-lake,no,official_site|wikipedia,https://www.silverlake.com/portfolio/motorola-solutions/,https://en.wikipedia.org/wiki/Motorola_Solutions
Motus,1,Thoma Bravo,thoma-bravo,no,official_site,,
Movella,1,Francisco Partners,francisco-partners,no,official_site,https://www.franciscopartners.com/investments/movella,
Mphasis,1,Blackstone,blackstone,yes,wikipedia,https://en.wikipedia.org/wiki/Mphasis,https://en.wikipedia.org/wiki/Mphasis
MRI Software,1,Vista Equity Partners,vista-equity,no,official_site|wikipedia,https://www.vistaequitypartners.com/company/mri-software/,https://en.wikipedia.org/wiki/MRI_Software
mSupply,1,Genstar Capital,genstar-capital,yes,official_site,,
MTU Aero Engines,1,KKR,kkr,yes,wikipedia,https://en.wikipedia.org/wiki/MTU_Aero_Engines,https://en.wikipedia.org/wiki/MTU_Aero_Engines
MultiPlan,1,Silver Lake,silver-lake,no,official_site,https://www.silverlake.com/portfolio/multiplan/,
Muse Group,1,Francisco Partners,francisco-partners,no,official_site,https://www.franciscopartners.com/investments/muse-group,
MW Industries,1,Genstar Capital,genstar-capital,yes,official_site,,
MyComplianceOffice,1,Accel-KKR,accel-kkr,no,official_site,,
Mydentist,1,Carlyle,carlyle,yes,wikipedia,https://en.wikipedia.org/wiki/Mydentist,https://en.wikipedia.org/wiki/Mydentist
Myfitnesspal,1,Francisco Partners,francisco-partners,no,official_site,https://www.franciscopartners.com/investments/myfitnesspal,
Myheritage,1,Francisco Partners,francisco-partners,no,official_site,https://www.franciscopartners.com/investments/myheritage,
Mykaarma,1,Warburg Pincus,warburg-pincus,yes,official_site,https://warburgpincus.com/investments/mykaarma/,
MYOB (company),1,KKR,kkr,yes,wikipedia,https://en.wikipedia.org/wiki/MYOB_%28company%29,https://en.wikipedia.org/wiki/MYOB_%28company%29
Myon,1,Francisco Partners,francisco-partners,no,official_site,https://www.franciscopartners.com/investments/myon,
MyUnisoft,1,Hg,hg,no,official_site,,
Nasdaq Stock Market,1,Hellman & Friedman,hellman-friedman,no,official_site,https://hf.com/portfolio/nasdaq-stock-market-llc/,
Nasuni,1,Vista Equity Partners,vista-equity,no,official_site,https://www.vistaequitypartners.com/company/nasuni/,
NAVEX,1,Vista Equity Partners,vista-equity,no,official_site,https://www.vistaequitypartners.com/company/navex/,
Naviga,1,Vista Equity Partners,vista-equity,no,official_site,https://www.vistaequitypartners.com/company/naviga/,
naviHealth,1,"Welsh, Carson, Anderson & Stowe",wcas,yes,official_site,,
NAVTOR,1,Accel-KKR,accel-kkr,no,official_site,,
Ncontracts,1,Hg,hg,no,official_site,,
Nearmap,1,Thoma Bravo,thoma-bravo,no,official_site|wikipedia,https://en.wikipedia.org/wiki/Nearmap,https://en.wikipedia.org/wiki/Nearmap
NEC Group,1,Blackstone,blackstone,yes,wikipedia,https://en.wikipedia.org/wiki/NEC_Group,https://en.wikipedia.org/wiki/NEC_Group
NEC Software Solutions,1,KKR,kkr,yes,wikipedia,https://en.wikipedia.org/wiki/NEC_Software_Solutions,https://en.wikipedia.org/wiki/NEC_Software_Solutions
NEP Group,1,Carlyle,carlyle,yes,wikipedia,https://en.wikipedia.org/wiki/NEP_Group,https://en.wikipedia.org/wiki/NEP_Group
Ness Digital Engineering,1,KKR,kkr,yes,wikipedia,https://en.wikipedia.org/wiki/Ness_Digital_Engineering,https://en.wikipedia.org/wiki/Ness_Digital_Engineering
Net Health,1,Spectrum Equity,spectrum-equity,no,official_site,,
Net Quote,1,Spectrum Equity,spectrum-equity,no,official_site,,
Netafim,1,Permira,permira,yes,wikipedia,https://en.wikipedia.org/wiki/Netafim,https://en.wikipedia.org/wiki/Netafim
Netcraft,1,Spectrum Equity,spectrum-equity,no,official_site,,
Netdocuments,1,Warburg Pincus,warburg-pincus,yes,official_site,https://warburgpincus.com/investments/netdocuments/,
NetMotion Software,1,Carlyle,carlyle,yes,wikipedia,https://en.wikipedia.org/wiki/NetMotion_Software,https://en.wikipedia.org/wiki/NetMotion_Software
Nets A/S,1,Hellman & Friedman,hellman-friedman,no,official_site,https://hf.com/portfolio/nets-a-s/,
Netscreen,1,Spectrum Equity,spectrum-equity,no,official_site,,
Netsmart Technologies,1,Genstar Capital,genstar-capital,yes,official_site,,
Network General / NetScout,1,Silver Lake,silver-lake,no,official_site,https://www.silverlake.com/portfolio/network-general-netscout/,
Network Instruments,1,Thoma Bravo,thoma-bravo,no,official_site,,
Network International,1,Warburg Pincus,warburg-pincus,yes,wikipedia,https://en.wikipedia.org/wiki/Network_International,https://en.wikipedia.org/wiki/Network_International
Neustar,1,Warburg Pincus,warburg-pincus,yes,geig_article,,
New Look (company),1,Permira,permira,yes,wikipedia,https://en.wikipedia.org/wiki/New_Look_%28company%29,https://en.wikipedia.org/wiki/New_Look_%28company%29
NEW Relic,1,Francisco Partners,francisco-partners,no,official_site,https://www.franciscopartners.com/investments/new-relic,
New Zealand Rugby,1,Silver Lake,silver-lake,no,official_site,https://www.silverlake.com/portfolio/new-zealand-rugby/,
Newport Television,1,Providence Equity Partners,providence-equity,yes,wikipedia,https://en.wikipedia.org/wiki/Newport_Television,https://en.wikipedia.org/wiki/Newport_Television
News & Perspectives,1,"Welsh, Carson, Anderson & Stowe",wcas,yes,official_site,,
News Break,1,Francisco Partners,francisco-partners,no,official_site,https://www.franciscopartners.com/investments/news-break,
Nexi,1,Hellman & Friedman,hellman-friedman,no,official_site,https://hf.com/portfolio/nexi/,
Nexon,1,KKR,kkr,yes,wikipedia,https://en.wikipedia.org/wiki/Nexon,https://en.wikipedia.org/wiki/Nexon
NexTag,1,Providence Equity Partners,providence-equity,yes,wikipedia,https://en.wikipedia.org/wiki/NexTag,https://en.wikipedia.org/wiki/NexTag
Nextcapital,1,Francisco Partners,francisco-partners,no,official_site,https://www.franciscopartners.com/investments/nextcapital,
Nextech,1,Francisco Partners,francisco-partners,no,official_site,https://www.franciscopartners.com/investments/nextech,
NextGen,1,Thoma Bravo,thoma-bravo,no,official_site,,
NextGen Healthcare,1,Thoma Bravo,thoma-bravo,no,wikipedia,https://en.wikipedia.org/wiki/NextGen_Healthcare,https://en.wikipedia.org/wiki/NextGen_Healthcare
Nexthink,1,Vista Equity Partners,vista-equity,no,official_site,https://www.vistaequitypartners.com/company/nexthink/,
Nextraq,1,Francisco Partners,francisco-partners,no,official_site,https://www.franciscopartners.com/investments/nextraq,
Nielsen Holdings,1,KKR,kkr,yes,wikipedia,https://en.wikipedia.org/wiki/Nielsen_Holdings,https://en.wikipedia.org/wiki/Nielsen_Holdings
Nielsen Media Research,1,KKR,kkr,yes,wikipedia,https://en.wikipedia.org/wiki/Nielsen_Media_Research,https://en.wikipedia.org/wiki/Nielsen_Media_Research
Nielsen N.V.,1,Hellman & Friedman,hellman-friedman,no,official_site,https://hf.com/portfolio/nielsen-n-v/,
Nintex,1,Thoma Bravo,thoma-bravo,no,official_site,,
Nitrogen,1,Hg,hg,no,official_site,,
NMI,1,Francisco Partners,francisco-partners,no,official_site,https://www.franciscopartners.com/investments/nmi,
Nobao Renewable Energy,1,Silver Lake,silver-lake,no,official_site,https://www.silverlake.com/portfolio/nobao-renewable-energy/,
Node4,1,Providence Equity Partners,providence-equity,yes,official_site,,
Nomad Foods,1,Permira,permira,yes,wikipedia,https://en.wikipedia.org/wiki/Nomad_Foods,https://en.wikipedia.org/wiki/Nomad_Foods
Nomadia,1,Hg,hg,no,official_site,,
Noom,1,Silver Lake,silver-lake,no,official_site,https://www.silverlake.com/portfolio/noom/,
Nordam,1,Carlyle,carlyle,yes,wikipedia,https://en.wikipedia.org/wiki/Nordam,https://en.wikipedia.org/wiki/Nordam
North Plains,1,Accel-KKR,accel-kkr,no,official_site,,
NorthPoint Communications,1,Carlyle,carlyle,yes,wikipedia,https://en.wikipedia.org/wiki/NorthPoint_Communications,https://en.wikipedia.org/wiki/NorthPoint_Communications
NortonLifeLock,1,Silver Lake,silver-lake,no,official_site,https://www.silverlake.com/portfolio/nortonlifelock/,
Novaland Group,1,Warburg Pincus,warburg-pincus,yes,official_site,https://warburgpincus.com/investments/novaland-group/,
NovoPath,1,Accel-KKR,accel-kkr,no,official_site,,
Nptest Credence,1,Francisco Partners,francisco-partners,no,official_site,https://www.franciscopartners.com/investments/nptest-credence,
Nshift Consignor,1,Francisco Partners,francisco-partners,no,official_site,https://www.franciscopartners.com/investments/nshift-consignor,
Ntracts,1,Accel-KKR,accel-kkr,no,official_site,,
Numerator,1,Vista Equity Partners,vista-equity,no,official_site,https://www.vistaequitypartners.com/company/numerator/,
Numerix,1,Genstar Capital,genstar-capital,yes,official_site,,
Numonyx,1,Francisco Partners,francisco-partners,no,official_site,https://www.franciscopartners.com/investments/numonyx,
Nutrislice,1,Accel-KKR,accel-kkr,no,official_site,,
NWP,1,Warburg Pincus,warburg-pincus,yes,official_site,https://warburgpincus.com/investments/nwp/,
NXP,1,Silver Lake,silver-lake,no,official_site,https://www.silverlake.com/portfolio/nxp/,
Nzxt,1,Francisco Partners,francisco-partners,no,official_site,https://www.franciscopartners.com/investments/nzxt,
N­-able Technologies,1,Accel-KKR,accel-kkr,no,official_site,,
OAG,1,Vitruvian Partners,vitruvian,no,public_reports,,https://en.wikipedia.org/wiki/Vitruvian_Partners
Oak View Group,1,Silver Lake,silver-lake,no,official_site,https://www.silverlake.com/portfolio/oak-view-group/,
Oasis Shopping Centre,1,KKR,kkr,yes,wikipedia,https://en.wikipedia.org/wiki/Oasis_Shopping_Centre,https://en.wikipedia.org/wiki/Oasis_Shopping_Centre
Obsidian,1,Genstar Capital,genstar-capital,yes,official_site,,
Oceanfirst,1,Warburg Pincus,warburg-pincus,yes,official_site,https://warburgpincus.com/investments/oceanfirst/,
Ocuco,1,Accel-KKR,accel-kkr,no,official_site,,
Odido,1,Warburg Pincus,warburg-pincus,yes,official_site|wikipedia,https://warburgpincus.com/investments/odido/,https://en.wikipedia.org/wiki/Odido
Offerup,1,Warburg Pincus,warburg-pincus,yes,official_site,https://warburgpincus.com/investments/offerup/,
Office Ally,1,Francisco Partners,francisco-partners,no,official_site,https://www.franciscopartners.com/investments/office-ally,
Office Timeline,1,Accel-KKR,accel-kkr,no,official_site,,
OFFICES,1,"Welsh, Carson, Anderson & Stowe",wcas,yes,official_site,,
OfficeSpace,1,Vista Equity Partners,vista-equity,no,official_site,https://www.vistaequitypartners.com/company/officespace/,
Officetiger,1,Francisco Partners,francisco-partners,no,official_site,https://www.franciscopartners.com/investments/officetiger,
OffSec,1,Spectrum Equity,spectrum-equity,no,official_site,,
OFX (company),1,Carlyle,carlyle,yes,wikipedia,https://en.wikipedia.org/wiki/OFX_%28company%29,https://en.wikipedia.org/wiki/OFX_%28company%29
Oildex,1,Accel-KKR,accel-kkr,no,official_site,,
OLA Cabs,1,Warburg Pincus,warburg-pincus,yes,official_site,https://warburgpincus.com/investments/ola-cabs/,
Olive.AI,1,Vista Equity Partners,vista-equity,no,official_site,https://www.vistaequitypartners.com/company/olive-ai/,
Olo,1,Thoma Bravo,thoma-bravo,no,official_site,,
Olo (online ordering),1,Thoma Bravo,thoma-bravo,no,wikipedia,https://en.wikipedia.org/wiki/Olo_%28online_ordering%29,https://en.wikipedia.org/wiki/Olo_%28online_ordering%29
Omio,1,Silver Lake,silver-lake,no,official_site,https://www.silverlake.com/portfolio/omio/,
ON AMI Semiconductor,1,Francisco Partners,francisco-partners,no,official_site,https://www.franciscopartners.com/investments/on-ami-semiconductor,
On Center Software,1,Accel-KKR,accel-kkr,no,official_site,,
One Medical,1,Carlyle,carlyle,yes,wikipedia,https://en.wikipedia.org/wiki/One_Medical,https://en.wikipedia.org/wiki/One_Medical
One.com,1,Accel-KKR,accel-kkr,no,official_site,,
OneAdvanced,1,Vista Equity Partners,vista-equity,no,official_site,https://www.vistaequitypartners.com/company/oneadvanced/,
OneShield,1,Accel-KKR,accel-kkr,no,official_site,,
OneStream,1,Hg,hg,no,official_site,,
Oona Insurance,1,Warburg Pincus,warburg-pincus,yes,official_site,https://warburgpincus.com/investments/oona-insurance/,
OpenLink International Holdings,1,Hellman & Friedman,hellman-friedman,no,official_site,https://hf.com/portfolio/openlink-international-holdings-inc/,
Opentech,1,Francisco Partners,francisco-partners,no,official_site,https://www.franciscopartners.com/investments/opentech,
Operative Sintecmedia,1,Francisco Partners,francisco-partners,no,official_site,https://www.franciscopartners.com/investments/operative-sintecmedia,
Optanix,1,Francisco Partners,francisco-partners,no,official_site,https://www.franciscopartners.com/investments/optanix,
Options Technology,1,Vitruvian Partners,vitruvian,no,public_reports,,https://en.wikipedia.org/wiki/Vitruvian_Partners
Optiv,1,KKR,kkr,yes,wikipedia,https://en.wikipedia.org/wiki/Optiv,https://en.wikipedia.org/wiki/Optiv
Optro,1,Hg,hg,no,official_site,,
Orchard,1,Francisco Partners,francisco-partners,no,official_site,https://www.franciscopartners.com/investments/orchard,
OrderMyGear,1,Accel-KKR,accel-kkr,no,official_site,,
Oriental Brewery,1,KKR,kkr,yes,wikipedia,https://en.wikipedia.org/wiki/Oriental_Brewery,https://en.wikipedia.org/wiki/Oriental_Brewery
Oriental Trading,1,Carlyle,carlyle,yes,wikipedia,https://en.wikipedia.org/wiki/Oriental_Trading_Company,https://en.wikipedia.org/wiki/Oriental_Trading_Company
Origami Risk,1,Spectrum Equity,spectrum-equity,no,official_site,,
Orion Advisor Solutions,1,Genstar Capital,genstar-capital,yes,official_site,,
Orisha,1,Francisco Partners,francisco-partners,no,official_site,https://www.franciscopartners.com/investments/orisha,
Ortho Clinical Diagnostics,1,Carlyle,carlyle,yes,wikipedia,https://en.wikipedia.org/wiki/Ortho_Clinical_Diagnostics,https://en.wikipedia.org/wiki/Ortho_Clinical_Diagnostics
OrthoFi,1,Accel-KKR,accel-kkr,no,official_site,,
OTC Industrial Technologies,1,Genstar Capital,genstar-capital,yes,official_site,,
Otter.ai,1,Spectrum Equity,spectrum-equity,no,official_site,,
Outfront Media,1,Providence Equity Partners,providence-equity,yes,official_site,,
Outspoken,1,Silver Lake,silver-lake,no,official_site,https://www.silverlake.com/portfolio/outspoken/,
OutSystems,1,KKR,kkr,yes,wikipedia,https://en.wikipedia.org/wiki/OutSystems,https://en.wikipedia.org/wiki/OutSystems
OverDrive,1,KKR,kkr,yes,wikipedia,https://en.wikipedia.org/wiki/OverDrive%2C_Inc.,https://en.wikipedia.org/wiki/OverDrive%2C_Inc.
OVHcloud,1,KKR,kkr,yes,wikipedia,https://en.wikipedia.org/wiki/OVHcloud,https://en.wikipedia.org/wiki/OVHcloud
Owl Practice Suite,1,"Welsh, Carson, Anderson & Stowe",wcas,yes,official_site,,
Oyora,1,Warburg Pincus,warburg-pincus,yes,official_site,https://warburgpincus.com/investments/oyora/,
P&I,1,Hg,hg,no,official_site,,
P2 Energy Solutions,1,Vista Equity Partners,vista-equity,no,official_site|wikipedia,https://www.vistaequitypartners.com/company/p2-energy-solutions/,https://en.wikipedia.org/wiki/P2_Energy_Solutions
PA Consulting Group,1,Carlyle,carlyle,yes,wikipedia,https://en.wikipedia.org/wiki/PA_Consulting_Group,https://en.wikipedia.org/wiki/PA_Consulting_Group
Pace Airlines,1,Carlyle,carlyle,yes,wikipedia,https://en.wikipedia.org/wiki/Pace_Airlines,https://en.wikipedia.org/wiki/Pace_Airlines
Pacera,1,Accel-KKR,accel-kkr,no,official_site,,
PacWest Bancorp,1,Warburg Pincus,warburg-pincus,yes,wikipedia,https://en.wikipedia.org/wiki/PacWest_Bancorp,https://en.wikipedia.org/wiki/PacWest_Bancorp
PageUp People,1,Accel-KKR,accel-kkr,no,official_site,,
Palacios Alimentación,1,Carlyle,carlyle,yes,wikipedia,https://en.wikipedia.org/wiki/Palacios_Alimentaci%C3%B3n,https://en.wikipedia.org/wiki/Palacios_Alimentaci%C3%B3n
Palomar Specialty Insurance,1,Genstar Capital,genstar-capital,yes,official_site,,
Panavision,1,Warburg Pincus,warburg-pincus,yes,wikipedia,https://en.wikipedia.org/wiki/Panavision,https://en.wikipedia.org/wiki/Panavision
Paradigm,1,Francisco Partners,francisco-partners,no,official_site,https://www.franciscopartners.com/investments/paradigm,
Paradox,1,Thoma Bravo,thoma-bravo,no,official_site,,
Paramount Skydance,1,KKR,kkr,yes,wikipedia,https://en.wikipedia.org/wiki/Paramount_Skydance,https://en.wikipedia.org/wiki/Paramount_Skydance
Paretohealth,1,Warburg Pincus,warburg-pincus,yes,official_site,https://warburgpincus.com/investments/paretohealth/,
PARIS RE Holdings Limited,1,Hellman & Friedman,hellman-friedman,no,official_site,https://hf.com/portfolio/paris-re-holdings-limited/,
Park Place Technologies,1,Warburg Pincus,warburg-pincus,yes,official_site,https://warburgpincus.com/investments/park-place-technologies/,
Parksons Packaging Limited,1,Warburg Pincus,warburg-pincus,yes,official_site,https://warburgpincus.com/investments/parksons-packaging-limited/,
Parte,1,Hg,hg,no,official_site,,
Partnerize,1,Accel-KKR,accel-kkr,no,official_site,,
Parts Alliance,1,Hg,hg,no,official_site,,
Passport Health,1,Spectrum Equity,spectrum-equity,no,official_site,,
Past Investments and Exits,1,"Welsh, Carson, Anderson & Stowe",wcas,yes,official_site,,
Pathwire,1,Thoma Bravo,thoma-bravo,no,official_site,,
Patientco,1,Accel-KKR,accel-kkr,no,official_site,,
PayerCompass,1,Spectrum Equity,spectrum-equity,no,official_site,,
Paylease Zego,1,Francisco Partners,francisco-partners,no,official_site,https://www.franciscopartners.com/investments/paylease-zego,
Paymentus (NYSE: PAY),1,Accel-KKR,accel-kkr,no,official_site,,
Paymetric,1,Francisco Partners,francisco-partners,no,official_site,https://www.franciscopartners.com/investments/paymetric,
Payscale,1,Francisco Partners,francisco-partners,no,official_site,https://www.franciscopartners.com/investments/payscale,
Payscale (company),1,Warburg Pincus,warburg-pincus,yes,wikipedia,https://en.wikipedia.org/wiki/Payscale_%28company%29,https://en.wikipedia.org/wiki/Payscale_%28company%29
Payworks,1,Hg,hg,no,official_site,,
PCMI,1,Thoma Bravo,thoma-bravo,no,official_site,,
PDI,1,Genstar Capital,genstar-capital,yes,official_site,,
Pegasus,1,Accel-KKR,accel-kkr,no,geig_article,,
Pegasus Management,1,Accel-KKR,accel-kkr,no,official_site,,
Peloton,1,Silver Lake,silver-lake,no,official_site,https://www.silverlake.com/portfolio/peloton/,
Pendo,1,Thoma Bravo,thoma-bravo,no,official_site,,
Pepper Money,1,KKR,kkr,yes,wikipedia,https://en.wikipedia.org/wiki/Pepper_Money,https://en.wikipedia.org/wiki/Pepper_Money
Peppermint Technology,1,Accel-KKR,accel-kkr,no,official_site,,
Perfios Software Solutions,1,Warburg Pincus,warburg-pincus,yes,official_site,https://warburgpincus.com/investments/perfios-software-solutions/,
Perforce,1,Francisco Partners,francisco-partners,no,official_site,https://www.franciscopartners.com/investments/perforce,
PET Circle,1,Francisco Partners,francisco-partners,no,official_site,https://www.franciscopartners.com/investments/pet-circle,
Peterborough Software,1,Warburg Pincus,warburg-pincus,yes,wikipedia,https://en.wikipedia.org/wiki/Peterborough_Software,https://en.wikipedia.org/wiki/Peterborough_Software
Pets at Home,1,KKR,kkr,yes,wikipedia,https://en.wikipedia.org/wiki/Pets_at_Home,https://en.wikipedia.org/wiki/Pets_at_Home
PGP Glass,1,Blackstone,blackstone,yes,wikipedia,https://en.wikipedia.org/wiki/PGP_Glass,https://en.wikipedia.org/wiki/PGP_Glass
Pharmaceutical Product Development,1,Hellman & Friedman,hellman-friedman,no,official_site,https://hf.com/portfolio/pharmaceutical-product-development-llc/,
PharMerica,1,KKR,kkr,yes,wikipedia,https://en.wikipedia.org/wiki/PharMerica,https://en.wikipedia.org/wiki/PharMerica
Phil,1,Warburg Pincus,warburg-pincus,yes,official_site,https://warburgpincus.com/investments/phil/,
Philosophy (brand),1,Carlyle,carlyle,yes,wikipedia,https://en.wikipedia.org/wiki/Philosophy_%28brand%29,https://en.wikipedia.org/wiki/Philosophy_%28brand%29
Phocas Software,1,Accel-KKR,accel-kkr,no,official_site,,
PicMonkey,1,Spectrum Equity,spectrum-equity,no,official_site,,
Pine Labs,1,Vitruvian Partners,vitruvian,no,public_reports,,https://en.wikipedia.org/wiki/Vitruvian_Partners
Ping,1,Thoma Bravo,thoma-bravo,no,official_site,,
Pioneer DJ,1,KKR,kkr,yes,wikipedia,https://en.wikipedia.org/wiki/Pioneer_DJ,https://en.wikipedia.org/wiki/Pioneer_DJ
Pipedrive,1,Vista Equity Partners,vista-equity,no,official_site|wikipedia,https://www.vistaequitypartners.com/company/pipedrive/,https://en.wikipedia.org/wiki/Pipedrive
Piramal Group,1,Warburg Pincus,warburg-pincus,yes,wikipedia,https://en.wikipedia.org/wiki/Piramal_Group,https://en.wikipedia.org/wiki/Piramal_Group
Piramal Realty,1,Warburg Pincus,warburg-pincus,yes,wikipedia,https://en.wikipedia.org/wiki/Piramal_Realty,https://en.wikipedia.org/wiki/Piramal_Realty
Pirum,1,Hg,hg,no,official_site,,
Plaid,1,Silver Lake,silver-lake,no,official_site,https://www.silverlake.com/portfolio/plaid/,
PlanSource,1,Vista Equity Partners,vista-equity,no,official_site,https://www.vistaequitypartners.com/company/plansource/,
Planview,1,Thoma Bravo,thoma-bravo,no,official_site,,
Playlist,1,Vista Equity Partners,vista-equity,no,official_site,https://www.vistaequitypartners.com/company/playlist/,
PlayMetrics,1,Genstar Capital,genstar-capital,yes,official_site,,
Plex Systems,1,Francisco Partners,francisco-partners,no,official_site,https://www.franciscopartners.com/investments/plex-systems,
Pluralsight,1,Vista Equity Partners,vista-equity,no,official_site|wikipedia,https://www.vistaequitypartners.com/company/pluralsight/,https://en.wikipedia.org/wiki/Pluralsight
PNB Housing Finance,1,Carlyle,carlyle,yes,wikipedia,https://en.wikipedia.org/wiki/PNB_Housing_Finance,https://en.wikipedia.org/wiki/PNB_Housing_Finance
PointClickCare,1,Hellman & Friedman,hellman-friedman,no,official_site,https://hf.com/portfolio/pointclickcare/,
PointRight,1,Accel-KKR,accel-kkr,no,official_site,,
Poppulo,1,Vista Equity Partners,vista-equity,no,official_site,https://www.vistaequitypartners.com/company/poppulo/,
Populous,1,Providence Equity Partners,providence-equity,yes,official_site,,
PortAventura World,1,KKR,kkr,yes,wikipedia,https://en.wikipedia.org/wiki/PortAventura_World,https://en.wikipedia.org/wiki/PortAventura_World
Portside,1,Vista Equity Partners,vista-equity,no,official_site,https://www.vistaequitypartners.com/company/portside/,
Poundland,1,Warburg Pincus,warburg-pincus,yes,wikipedia,https://en.wikipedia.org/wiki/Poundland,https://en.wikipedia.org/wiki/Poundland
Power Factors,1,Vista Equity Partners,vista-equity,no,official_site,https://www.vistaequitypartners.com/company/power-factors/,
Power Products,1,Genstar Capital,genstar-capital,yes,official_site,,
Power-One,1,Silver Lake,silver-lake,no,official_site,https://www.silverlake.com/portfolio/power-one/,
PowerPlan,1,Thoma Bravo,thoma-bravo,no,official_site,,
PowerSchool,1,Vista Equity Partners,vista-equity,no,official_site,https://www.vistaequitypartners.com/company/powerschool/,
PPD,1,Carlyle,carlyle,yes,wikipedia,https://en.wikipedia.org/wiki/PPD%2C_Inc.,https://en.wikipedia.org/wiki/PPD%2C_Inc.
PRA International,1,Genstar Capital,genstar-capital,yes,official_site,,
Pregis,1,Warburg Pincus,warburg-pincus,yes,official_site,https://warburgpincus.com/investments/pregis/,
Presence,1,Spectrum Equity,spectrum-equity,no,official_site,,
Pretium Packaging,1,Genstar Capital,genstar-capital,yes,official_site,,
Prezi,1,Spectrum Equity,spectrum-equity,no,official_site,,
Primal Pictures,1,Warburg Pincus,warburg-pincus,yes,wikipedia,https://en.wikipedia.org/wiki/Primal_Pictures,https://en.wikipedia.org/wiki/Primal_Pictures
Primavera,1,Francisco Partners,francisco-partners,no,official_site,https://www.franciscopartners.com/investments/primavera,
Primerica,1,Warburg Pincus,warburg-pincus,yes,wikipedia,https://en.wikipedia.org/wiki/Primerica,https://en.wikipedia.org/wiki/Primerica
PrimeSense,1,Silver Lake,silver-lake,no,official_site,https://www.silverlake.com/portfolio/primesense/,
Princeton Digital Group,1,Warburg Pincus,warburg-pincus,yes,official_site,https://warburgpincus.com/investments/princeton-digital-group/,
Principal Hotel,1,Permira,permira,yes,wikipedia,https://en.wikipedia.org/wiki/Principal_Hotel_Company,https://en.wikipedia.org/wiki/Principal_Hotel_Company
PrismHR,1,Accel-KKR,accel-kkr,no,official_site,,
ProcessMAP,1,Hg,hg,no,official_site,,
Procure Analytics,1,Genstar Capital,genstar-capital,yes,official_site,,
Prometheus,1,Francisco Partners,francisco-partners,no,official_site,https://www.franciscopartners.com/investments/prometheus,
Prometheus Group,1,Genstar Capital,genstar-capital,yes,official_site,,
Proofpoint,1,Thoma Bravo,thoma-bravo,no,official_site|wikipedia,https://en.wikipedia.org/wiki/Proofpoint,https://en.wikipedia.org/wiki/Proofpoint
Property Finder,1,Francisco Partners,francisco-partners,no,official_site,https://www.franciscopartners.com/investments/property-finder,
Prophix,1,Hg,hg,no,official_site,,
PropLogix,1,Accel-KKR,accel-kkr,no,official_site,,
PROS,1,Thoma Bravo,thoma-bravo,no,official_site,,
ProService,1,Silver Lake,silver-lake,no,official_site,https://www.silverlake.com/portfolio/proservice/,
ProSiebenSat.1 Media AG,1,Hellman & Friedman,hellman-friedman,no,official_site,https://hf.com/portfolio/prosiebensat-1-media-ag/,
Prosper,1,Francisco Partners,francisco-partners,no,official_site,https://www.franciscopartners.com/investments/prosper,
Provimi,1,Permira,permira,yes,wikipedia,https://en.wikipedia.org/wiki/Provimi,https://en.wikipedia.org/wiki/Provimi
Ptsg,1,Warburg Pincus,warburg-pincus,yes,official_site,https://warburgpincus.com/investments/ptsg/,
PVR INOX,1,Warburg Pincus,warburg-pincus,yes,wikipedia,https://en.wikipedia.org/wiki/PVR_INOX,https://en.wikipedia.org/wiki/PVR_INOX
PWN Health,1,Spectrum Equity,spectrum-equity,no,official_site,,
QAD,1,Thoma Bravo,thoma-bravo,no,official_site,,
QAD Redzone,1,Thoma Bravo,thoma-bravo,no,wikipedia,https://en.wikipedia.org/wiki/QAD_Redzone,https://en.wikipedia.org/wiki/QAD_Redzone
Qgenda,1,Francisco Partners,francisco-partners,no,official_site,https://www.franciscopartners.com/investments/qgenda,
Qinetiq,1,Carlyle,carlyle,yes,wikipedia,https://en.wikipedia.org/wiki/Qinetiq,https://en.wikipedia.org/wiki/Qinetiq
Qlik,1,Thoma Bravo,thoma-bravo,no,official_site|wikipedia,https://en.wikipedia.org/wiki/Qlik,https://en.wikipedia.org/wiki/Qlik
QTC Medical Services,1,Spectrum Equity,spectrum-equity,no,official_site,,
Quadramed,1,Francisco Partners,francisco-partners,no,official_site,https://www.franciscopartners.com/investments/quadramed,
Qualifacts,1,Warburg Pincus,warburg-pincus,yes,official_site,https://warburgpincus.com/investments/qualifacts/,
Qualtrics,1,Silver Lake,silver-lake,no,official_site,https://www.silverlake.com/portfolio/qualtrics/,
Quantexa,1,Warburg Pincus,warburg-pincus,yes,official_site,https://warburgpincus.com/investments/quantexa/,
Quantile,1,Spectrum Equity,spectrum-equity,no,official_site,,
Quantios,1,Hg,hg,no,official_site,,
Quantum Health,1,Warburg Pincus,warburg-pincus,yes,official_site,https://warburgpincus.com/investments/quantum-health/,
Quartex,1,Accel-KKR,accel-kkr,no,official_site,,
Qube Industrial,1,Warburg Pincus,warburg-pincus,yes,official_site,https://warburgpincus.com/investments/qube-industrial/,
Queensland Airports,1,KKR,kkr,yes,wikipedia,https://en.wikipedia.org/wiki/Queensland_Airports,https://en.wikipedia.org/wiki/Queensland_Airports
Quest,1,Francisco Partners,francisco-partners,no,official_site,https://www.franciscopartners.com/investments/quest,
Quikr,1,Warburg Pincus,warburg-pincus,yes,wikipedia,https://en.wikipedia.org/wiki/Quikr,https://en.wikipedia.org/wiki/Quikr
Quorum,1,Thoma Bravo,thoma-bravo,no,official_site,,
R2net,1,Francisco Partners,francisco-partners,no,official_site,https://www.franciscopartners.com/investments/r2net,
RAC,1,Silver Lake,silver-lake,no,official_site,https://www.silverlake.com/portfolio/rac/,
RAC Limited,1,Carlyle,carlyle,yes,wikipedia,https://en.wikipedia.org/wiki/RAC_Limited,https://en.wikipedia.org/wiki/RAC_Limited
Rackspace,1,Accel-KKR,accel-kkr,no,official_site,,
RadarFirst,1,Vista Equity Partners,vista-equity,no,official_site,https://www.vistaequitypartners.com/company/radarfirst/,
Railcar Management,1,Carlyle,carlyle,yes,wikipedia,https://en.wikipedia.org/wiki/Railcar_Management_LLC,https://en.wikipedia.org/wiki/Railcar_Management_LLC
RainKing,1,Spectrum Equity,spectrum-equity,no,official_site,,
Randalls,1,KKR,kkr,yes,wikipedia,https://en.wikipedia.org/wiki/Randalls,https://en.wikipedia.org/wiki/Randalls
RapidRatings,1,Spectrum Equity,spectrum-equity,no,official_site,,
Raptor Technologies,1,Thoma Bravo,thoma-bravo,no,official_site,,
Rbmedia,1,Francisco Partners,francisco-partners,no,official_site,https://www.franciscopartners.com/investments/rbmedia,
RCN,1,Spectrum Equity,spectrum-equity,no,official_site,,
RealPage,1,Thoma Bravo,thoma-bravo,no,official_site,,
Reapit,1,Accel-KKR,accel-kkr,no,official_site,,
Recognition Music Group,1,Blackstone,blackstone,yes,wikipedia,https://en.wikipedia.org/wiki/Recognition_Music_Group,https://en.wikipedia.org/wiki/Recognition_Music_Group
Recurly,1,Accel-KKR,accel-kkr,no,geig_article|official_site,,
Red Ventures,1,Silver Lake,silver-lake,no,official_site|wikipedia,https://www.silverlake.com/portfolio/red-ventures/,https://en.wikipedia.org/wiki/Red_Ventures
Redis Labs,1,Francisco Partners,francisco-partners,no,official_site,https://www.franciscopartners.com/investments/redis-labs,
Redprairie,1,Francisco Partners,francisco-partners,no,official_site,https://www.franciscopartners.com/investments/redprairie,
Redsail Technologies,1,Francisco Partners,francisco-partners,no,official_site,https://www.franciscopartners.com/investments/redsail-technologies,
Redwood,1,Warburg Pincus,warburg-pincus,yes,official_site,https://warburgpincus.com/investments/redwood/,
Redwood Software,1,Vista Equity Partners,vista-equity,no,official_site,https://www.vistaequitypartners.com/company/redwood-software/,
REG Technologies,1,Accel-KKR,accel-kkr,no,official_site,,
Regulatory DataCorp,1,Vista Equity Partners,vista-equity,no,official_site,https://www.vistaequitypartners.com/company/rdc/,
Reiss (brand),1,Warburg Pincus,warburg-pincus,yes,wikipedia,https://en.wikipedia.org/wiki/Reiss_%28brand%29,https://en.wikipedia.org/wiki/Reiss_%28brand%29
Relativity,1,Silver Lake,silver-lake,no,official_site,https://www.silverlake.com/portfolio/relativity/,
Relay,1,Hg,hg,no,official_site,,
Relias Learning,1,Vista Equity Partners,vista-equity,no,official_site,https://www.vistaequitypartners.com/company/relias-learning-llc/,
Renaissance,1,Francisco Partners,francisco-partners,no,official_site,https://www.franciscopartners.com/investments/renaissance,
Renovate America,1,Silver Lake,silver-lake,no,official_site,https://www.silverlake.com/portfolio/renovate-america/,
Rent Group,1,KKR,kkr,yes,wikipedia,https://en.wikipedia.org/wiki/Rent_Group,https://en.wikipedia.org/wiki/Rent_Group
RentPath,1,Providence Equity Partners,providence-equity,yes,geig_article,,
Residex,1,Accel-KKR,accel-kkr,no,official_site,,
Resilinc,1,Vista Equity Partners,vista-equity,no,official_site,https://www.vistaequitypartners.com/company/resilinc/,
Return Path,1,Vista Equity Partners,vista-equity,no,official_site,https://www.vistaequitypartners.com/company/return-path/,
Revalize,1,Hg,hg,no,official_site,,
Revel Systems,1,"Welsh, Carson, Anderson & Stowe",wcas,yes,official_site,,
Reynolds & Reynolds,1,Vista Equity Partners,vista-equity,no,official_site,https://www.vistaequitypartners.com/company/reynoldsandreynolds/,
Rhapsody,1,Hg,hg,no,official_site,,
Ri Happy,1,Carlyle,carlyle,yes,wikipedia,https://en.wikipedia.org/wiki/Ri_Happy,https://en.wikipedia.org/wiki/Ri_Happy
Rigaku,1,Carlyle,carlyle,yes,wikipedia,https://en.wikipedia.org/wiki/Rigaku,https://en.wikipedia.org/wiki/Rigaku
RightSide,1,Spectrum Equity,spectrum-equity,no,official_site,,
Rightsline,1,Hg,hg,no,official_site,,
Riot-E,1,Carlyle,carlyle,yes,wikipedia,https://en.wikipedia.org/wiki/Riot-E,https://en.wikipedia.org/wiki/Riot-E
RiseSmart,1,Accel-KKR,accel-kkr,no,official_site,,
RiskExec,1,Vista Equity Partners,vista-equity,no,official_site,https://www.vistaequitypartners.com/company/riskexec/,
RiskMetrics,1,Spectrum Equity,spectrum-equity,no,official_site,,
Riskonnect,1,Thoma Bravo,thoma-bravo,no,official_site,,
Ritchies Transport,1,KKR,kkr,yes,wikipedia,https://en.wikipedia.org/wiki/Ritchies_Transport,https://en.wikipedia.org/wiki/Ritchies_Transport
Riverbed,1,Thoma Bravo,thoma-bravo,no,official_site,,
Riverbed Technology,1,Thoma Bravo,thoma-bravo,no,wikipedia,https://en.wikipedia.org/wiki/Riverbed_Technology,https://en.wikipedia.org/wiki/Riverbed_Technology
Riverstone Networks,1,Silver Lake,silver-lake,no,official_site,https://www.silverlake.com/portfolio/riverstone/,
RJR Nabisco,1,KKR,kkr,yes,wikipedia,https://en.wikipedia.org/wiki/RJR_Nabisco,https://en.wikipedia.org/wiki/RJR_Nabisco
Roadnet,1,Thoma Bravo,thoma-bravo,no,official_site,,
Rock-It,1,Providence Equity Partners,providence-equity,yes,official_site,,
Rodenstock GmbH,1,Permira,permira,yes,wikipedia,https://en.wikipedia.org/wiki/Rodenstock_GmbH,https://en.wikipedia.org/wiki/Rodenstock_GmbH
Rolfe & Nolan,1,Hg,hg,no,official_site,,
RollKall,1,Vista Equity Partners,vista-equity,no,official_site,https://www.vistaequitypartners.com/company/rollkall/,
Root,1,Silver Lake,silver-lake,no,official_site,https://www.silverlake.com/portfolio/root/,
Rover,1,Spectrum Equity,spectrum-equity,no,official_site,,
Rover (American company),1,Blackstone,blackstone,yes,wikipedia,https://en.wikipedia.org/wiki/Rover_%28American_company%29,https://en.wikipedia.org/wiki/Rover_%28American_company%29
Rural Metro,1,Warburg Pincus,warburg-pincus,yes,wikipedia,https://en.wikipedia.org/wiki/Rural_Metro,https://en.wikipedia.org/wiki/Rural_Metro
RxVantage,1,Spectrum Equity,spectrum-equity,no,official_site,,
Saber,1,Accel-KKR,accel-kkr,no,official_site,,
Sabre,1,Silver Lake,silver-lake,no,official_site,https://www.silverlake.com/portfolio/sabre/,
Safe-Guard,1,Hellman & Friedman,hellman-friedman,no,official_site,https://hf.com/portfolio/safe-guard/,
Safeguard Global,1,Accel-KKR,accel-kkr,no,official_site,,
Safeway,1,KKR,kkr,yes,wikipedia,https://en.wikipedia.org/wiki/Safeway,https://en.wikipedia.org/wiki/Safeway
Sagent Lending Technologies,1,Warburg Pincus,warburg-pincus,yes,official_site,https://warburgpincus.com/investments/sagent-lending-technologies/,
SailPoint,1,Thoma Bravo,thoma-bravo,no,official_site,,
Salary.com,1,Accel-KKR,accel-kkr,no,geig_article|official_site,,
Salsa Labs,1,Accel-KKR,accel-kkr,no,official_site,,
Salsify,1,Warburg Pincus,warburg-pincus,yes,official_site,https://warburgpincus.com/investments/salsify/,
Sandata Technologies,1,Accel-KKR,accel-kkr,no,official_site,,
Sandler O'Neill and Partners,1,Carlyle,carlyle,yes,wikipedia,https://en.wikipedia.org/wiki/Sandler_O%27Neill_and_Partners,https://en.wikipedia.org/wiki/Sandler_O%27Neill_and_Partners
Satixfy,1,Francisco Partners,francisco-partners,no,official_site,https://www.franciscopartners.com/investments/satixfy,
Savista,1,Accel-KKR,accel-kkr,no,official_site,,
Savvymoney,1,Spectrum Equity,spectrum-equity,no,official_site,,
SBI General Insurance,1,Warburg Pincus,warburg-pincus,yes,wikipedia,https://en.wikipedia.org/wiki/SBI_General_Insurance,https://en.wikipedia.org/wiki/SBI_General_Insurance
Scandit,1,Warburg Pincus,warburg-pincus,yes,official_site,https://warburgpincus.com/investments/scandit/,
Scanntech,1,Warburg Pincus,warburg-pincus,yes,official_site,https://warburgpincus.com/investments/scanntech/,
SCG,1,Providence Equity Partners,providence-equity,yes,official_site,,
Schenck MPT,1,Hg,hg,no,official_site,,
Schoox,1,Vista Equity Partners,vista-equity,no,official_site,https://www.vistaequitypartners.com/company/schoox/,
SCM Insurance Services,1,Warburg Pincus,warburg-pincus,yes,official_site,https://warburgpincus.com/investments/scm-insurance-services/,
Scopevisio,1,Hg,hg,no,official_site,,
Scout24,1,Hellman & Friedman,hellman-friedman,no,geig_article,,
Scout24 Holding GmbH,1,Hellman & Friedman,hellman-friedman,no,official_site,https://hf.com/portfolio/scout24-holding-gmbh/,
Scribd,1,Spectrum Equity,spectrum-equity,no,official_site,,
Seagate,1,Silver Lake,silver-lake,no,official_site,https://www.silverlake.com/portfolio/seagate/,
Seagate Technology,1,Silver Lake,silver-lake,no,wikipedia,https://en.wikipedia.org/wiki/Seagate_Technology,https://en.wikipedia.org/wiki/Seagate_Technology
Sebia,1,Warburg Pincus,warburg-pincus,yes,official_site,https://warburgpincus.com/investments/sebia/,
Sectigo Comodo,1,Francisco Partners,francisco-partners,no,official_site,https://www.franciscopartners.com/investments/sectigo-comodo,
SecureLink,1,Vista Equity Partners,vista-equity,no,official_site,https://www.vistaequitypartners.com/company/securelink/,
Securonix,1,Vista Equity Partners,vista-equity,no,official_site,https://www.vistaequitypartners.com/company/securonix/,
Sedgwick CMS,1,Hellman & Friedman,hellman-friedman,no,official_site,https://hf.com/portfolio/sedgwick-cms/,
Seequent,1,Accel-KKR,accel-kkr,no,official_site,,
SEER,1,Genstar Capital,genstar-capital,yes,official_site,,
Seesaw,1,Providence Equity Partners,providence-equity,yes,geig_article|official_site,,
Segall Bryant Hamill,1,Thoma Bravo,thoma-bravo,no,official_site,,
Seisint,1,Spectrum Equity,spectrum-equity,no,official_site,,
Seiyu Group,1,KKR,kkr,yes,wikipedia,https://en.wikipedia.org/wiki/Seiyu_Group,https://en.wikipedia.org/wiki/Seiyu_Group
Select Medical,1,"Welsh, Carson, Anderson & Stowe",wcas,yes,official_site,,
Selecta (company),1,KKR,kkr,yes,wikipedia,https://en.wikipedia.org/wiki/Selecta_%28company%29,https://en.wikipedia.org/wiki/Selecta_%28company%29
Sensata Technologies,1,Silver Lake,silver-lake,no,official_site,https://www.silverlake.com/portfolio/sensata-technologies/,
SenseTime,1,Silver Lake,silver-lake,no,official_site,https://www.silverlake.com/portfolio/sensetime/,
Sensor Tower,1,Accel-KKR,accel-kkr,no,official_site,,
Septeo,1,Hg,hg,no,official_site,,
Sequel,1,Hg,hg,no,official_site,,
SER Solutions,1,Vista Equity Partners,vista-equity,no,official_site,https://www.vistaequitypartners.com/company/ser/,
Serena,1,Silver Lake,silver-lake,no,official_site,https://www.silverlake.com/portfolio/serena/,
Serrala,1,Hg,hg,no,official_site,,
Service Compression,1,Warburg Pincus,warburg-pincus,yes,official_site,https://warburgpincus.com/investments/service-compression/,
ServiceMax,1,Silver Lake,silver-lake,no,official_site|wikipedia,https://www.silverlake.com/portfolio/servicemax/,https://en.wikipedia.org/wiki/ServiceMax
ServiceTitan,1,Thoma Bravo,thoma-bravo,no,official_site,,
Servpro,1,Blackstone,blackstone,yes,wikipedia,https://en.wikipedia.org/wiki/Servpro,https://en.wikipedia.org/wiki/Servpro
SESAC,1,Blackstone,blackstone,yes,wikipedia,https://en.wikipedia.org/wiki/SESAC,https://en.wikipedia.org/wiki/SESAC
SFC KOENIG,1,Hg,hg,no,official_site,,
Shadowbox Studios,1,Silver Lake,silver-lake,no,official_site,https://www.silverlake.com/portfolio/shadowbox/,
Shepperton Studios,1,Warburg Pincus,warburg-pincus,yes,wikipedia,https://en.wikipedia.org/wiki/Shepperton_Studios,https://en.wikipedia.org/wiki/Shepperton_Studios
Sheridan Holdings,1,Hellman & Friedman,hellman-friedman,no,official_site,https://hf.com/portfolio/sheridan-holdings-inc/,
Shields,1,"Welsh, Carson, Anderson & Stowe",wcas,yes,official_site,,
ShipStation Global,1,Thoma Bravo,thoma-bravo,no,official_site,,
SHL,1,Hg,hg,no,official_site,,
Shoppers Drug Mart,1,KKR,kkr,yes,wikipedia,https://en.wikipedia.org/wiki/Shoppers_Drug_Mart,https://en.wikipedia.org/wiki/Shoppers_Drug_Mart
Shoregroup,1,Francisco Partners,francisco-partners,no,official_site,https://www.franciscopartners.com/investments/shoregroup,
ShowingTime,1,Accel-KKR,accel-kkr,no,official_site,,
Signant Health,1,Genstar Capital,genstar-capital,yes,official_site,,
Siigo,1,Accel-KKR,accel-kkr,no,official_site,,
Silae,1,Silver Lake,silver-lake,no,official_site,https://www.silverlake.com/portfolio/silae/,
Silverfin,1,Hg,hg,no,official_site,,
Simeio,1,"Welsh, Carson, Anderson & Stowe",wcas,yes,official_site,,
Simon & Schuster,1,KKR,kkr,yes,wikipedia,https://en.wikipedia.org/wiki/Simon_%26_Schuster,https://en.wikipedia.org/wiki/Simon_%26_Schuster
SimonsVoss,1,Hg,hg,no,official_site,,
SimplePractice,1,Vista Equity Partners,vista-equity,no,official_site,https://www.vistaequitypartners.com/company/simplepractice/,
SimpliSafe,1,Hellman & Friedman,hellman-friedman,no,official_site,https://hf.com/portfolio/simplisafe/,
Simtra Biopharma Solutions,1,Warburg Pincus,warburg-pincus,yes,official_site,https://warburgpincus.com/investments/simtra-biopharma-solutions/,
Singletrack,1,Accel-KKR,accel-kkr,no,official_site,,
Singular Bank,1,Warburg Pincus,warburg-pincus,yes,official_site,https://warburgpincus.com/investments/singular-bank/,
Sirius,1,Thoma Bravo,thoma-bravo,no,official_site,,
SirsiDynix,1,Vista Equity Partners,vista-equity,no,official_site|wikipedia,https://www.vistaequitypartners.com/company/sirsidynix/,https://en.wikipedia.org/wiki/SirsiDynix
SIS,1,Accel-KKR,accel-kkr,no,official_site,,
SiTel,1,Hg,hg,no,official_site,,
SK DD Senior Housing,1,Warburg Pincus,warburg-pincus,yes,official_site,https://warburgpincus.com/investments/sk-dd-senior-housing/,
Sky Deutschland,1,Permira,permira,yes,wikipedia,https://en.wikipedia.org/wiki/Sky_Deutschland,https://en.wikipedia.org/wiki/Sky_Deutschland
Skydance Media,1,KKR,kkr,yes,wikipedia,https://en.wikipedia.org/wiki/Skydance_Media,https://en.wikipedia.org/wiki/Skydance_Media
Skype,1,Silver Lake,silver-lake,no,official_site|wikipedia,https://www.silverlake.com/portfolio/skype/,https://en.wikipedia.org/wiki/Skype
Skyscanner,1,Vitruvian Partners,vitruvian,no,public_reports,,https://en.wikipedia.org/wiki/Vitruvian_Partners
Slickdeals,1,Warburg Pincus,warburg-pincus,yes,wikipedia,https://en.wikipedia.org/wiki/Slickdeals,https://en.wikipedia.org/wiki/Slickdeals
SLV,1,Hg,hg,no,official_site,,
Smart Communications,1,Accel-KKR,accel-kkr,no,official_site,,
Smart Focus,1,Francisco Partners,francisco-partners,no,official_site,https://www.franciscopartners.com/investments/smart-focus,
SMART Global Holdings,1,Silver Lake,silver-lake,no,official_site,https://www.silverlake.com/portfolio/smart-global-holdings/,
Smart Metering Systems,1,KKR,kkr,yes,wikipedia,https://en.wikipedia.org/wiki/Smart_Metering_Systems,https://en.wikipedia.org/wiki/Smart_Metering_Systems
Smart Modular,1,Francisco Partners,francisco-partners,no,official_site,https://www.franciscopartners.com/investments/smart-modular,
SMART Storage Systems,1,Silver Lake,silver-lake,no,official_site,https://www.silverlake.com/portfolio/smart-storage-systems/,
Smartly,1,Providence Equity Partners,providence-equity,yes,official_site,,
Smartly.io,1,Providence Equity Partners,providence-equity,yes,geig_article,,
smartTrade Technologies,1,Hg,hg,no,official_site,,
Snap One,1,Hellman & Friedman,hellman-friedman,no,official_site,https://hf.com/portfolio/snapone/,
SoFi,1,Silver Lake,silver-lake,no,official_site,https://www.silverlake.com/portfolio/sofi/,
Sofitel Sydney Wentworth,1,KKR,kkr,yes,wikipedia,https://en.wikipedia.org/wiki/Sofitel_Sydney_Wentworth,https://en.wikipedia.org/wiki/Sofitel_Sydney_Wentworth
Software AG,1,Silver Lake,silver-lake,no,official_site|wikipedia,https://www.silverlake.com/portfolio/software-ag/,https://en.wikipedia.org/wiki/Software_AG
SolarCity,1,Silver Lake,silver-lake,no,official_site,https://www.silverlake.com/portfolio/solarcity/,
Solenis,1,Platinum Equity,platinum-equity,yes,geig_article,,
Solera,1,Vista Equity Partners,vista-equity,no,official_site,https://www.vistaequitypartners.com/company/solera/,
Solera Holdings,1,Vista Equity Partners,vista-equity,no,geig_article|wikipedia,https://en.wikipedia.org/wiki/Solera_Holdings,https://en.wikipedia.org/wiki/Solera_Holdings
Solides,1,Warburg Pincus,warburg-pincus,yes,official_site,https://warburgpincus.com/investments/solides/,
Solifi,1,Thoma Bravo,thoma-bravo,no,official_site,,
Sonatype,1,Vista Equity Partners,vista-equity,no,official_site,https://www.vistaequitypartners.com/company/sonatype/,
Sonny’s Enterprises,1,Genstar Capital,genstar-capital,yes,official_site,,
Sonos,1,KKR,kkr,yes,wikipedia,https://en.wikipedia.org/wiki/Sonos,https://en.wikipedia.org/wiki/Sonos
Sophos,1,Thoma Bravo,thoma-bravo,no,official_site|wikipedia,https://en.wikipedia.org/wiki/Sophos,https://en.wikipedia.org/wiki/Sophos
Source Photonics,1,Francisco Partners,francisco-partners,no,official_site,https://www.franciscopartners.com/investments/source-photonics,
SourceNet Solutions,1,Vista Equity Partners,vista-equity,no,official_site,https://www.vistaequitypartners.com/company/sourcenet-solutions/,
Sourcescrub,1,Francisco Partners,francisco-partners,no,official_site,https://www.franciscopartners.com/investments/sourcescrub,
South Staffordshire Water,1,KKR,kkr,yes,wikipedia,https://en.wikipedia.org/wiki/South_Staffordshire_Water,https://en.wikipedia.org/wiki/South_Staffordshire_Water
Southern Cross Healthcare (United Kingdom),1,Blackstone,blackstone,yes,wikipedia,https://en.wikipedia.org/wiki/Southern_Cross_Healthcare_%28United_Kingdom%29,https://en.wikipedia.org/wiki/Southern_Cross_Healthcare_%28United_Kingdom%29
Sovos,1,Hg,hg,no,official_site,,
Sovos Compliance,1,Vista Equity Partners,vista-equity,no,official_site,https://www.vistaequitypartners.com/company/sovos-compliance/,
Spalding (company),1,KKR,kkr,yes,wikipedia,https://en.wikipedia.org/wiki/Spalding_%28company%29,https://en.wikipedia.org/wiki/Spalding_%28company%29
Spansion,1,Silver Lake,silver-lake,no,official_site,https://www.silverlake.com/portfolio/spansion/,
Spanx,1,Blackstone,blackstone,yes,wikipedia,https://en.wikipedia.org/wiki/Spanx,https://en.wikipedia.org/wiki/Spanx
Spark Infrastructure,1,KKR,kkr,yes,wikipedia,https://en.wikipedia.org/wiki/Spark_Infrastructure,https://en.wikipedia.org/wiki/Spark_Infrastructure
Sparta Systems,1,Thoma Bravo,thoma-bravo,no,official_site,,
Specialist Risk Group,1,Warburg Pincus,warburg-pincus,yes,official_site,https://warburgpincus.com/investments/specialist-risk-group/,
Specific Media,1,Francisco Partners,francisco-partners,no,official_site,https://www.franciscopartners.com/investments/specific-media,
Spectris,1,KKR,kkr,yes,wikipedia,https://en.wikipedia.org/wiki/Spectris,https://en.wikipedia.org/wiki/Spectris
Sphera,1,Genstar Capital,genstar-capital,yes,official_site,,
Spins,1,Warburg Pincus,warburg-pincus,yes,official_site,https://warburgpincus.com/investments/spins/,
Spire,1,Francisco Partners,francisco-partners,no,official_site,https://www.franciscopartners.com/investments/spire,
splose,1,Spectrum Equity,spectrum-equity,no,official_site,,
Sponsor United,1,Spectrum Equity,spectrum-equity,no,official_site,,
Spreadtrum,1,Silver Lake,silver-lake,no,official_site,https://www.silverlake.com/portfolio/spreadtrum/,
Spreedly,1,Spectrum Equity,spectrum-equity,no,official_site,,
Springbrook Software,1,Accel-KKR,accel-kkr,no,official_site,,
Sprinklr,1,Hellman & Friedman,hellman-friedman,no,official_site,https://hf.com/portfolio/sprinklr/,
Squarespace,1,Permira,permira,yes,wikipedia,https://en.wikipedia.org/wiki/Squarespace,https://en.wikipedia.org/wiki/Squarespace
SRC Software,1,Vista Equity Partners,vista-equity,no,official_site,https://www.vistaequitypartners.com/company/src-software/,
SRS Health,1,Thoma Bravo,thoma-bravo,no,official_site,,
SS&C Technologies,1,Carlyle,carlyle,yes,wikipedia,https://en.wikipedia.org/wiki/SS%26C_Technologies,https://en.wikipedia.org/wiki/SS%26C_Technologies
SSP Holdings,1,Hellman & Friedman,hellman-friedman,no,official_site,https://hf.com/portfolio/ssp-holdings-plc/,
ST Math,1,Francisco Partners,francisco-partners,no,official_site,https://www.franciscopartners.com/investments/st-math,
Stack Sports,1,Genstar Capital,genstar-capital,yes,official_site,,
Stamps.com,1,Thoma Bravo,thoma-bravo,no,wikipedia,https://en.wikipedia.org/wiki/Stamps.com,https://en.wikipedia.org/wiki/Stamps.com
StandardAero,1,Carlyle,carlyle,yes,wikipedia,https://en.wikipedia.org/wiki/StandardAero,https://en.wikipedia.org/wiki/StandardAero
Starburst,1,Thoma Bravo,thoma-bravo,no,official_site,,
Staritas,1,Accel-KKR,accel-kkr,no,official_site,,
Starlims,1,Francisco Partners,francisco-partners,no,official_site,https://www.franciscopartners.com/investments/starlims,
Starling,1,Warburg Pincus,warburg-pincus,yes,official_site,https://warburgpincus.com/investments/starling/,
StarRez,1,Vista Equity Partners,vista-equity,no,official_site,https://www.vistaequitypartners.com/company/starrez/,
Start Center for Cancer Research,1,Warburg Pincus,warburg-pincus,yes,official_site,https://warburgpincus.com/investments/start-center-for-cancer-research/,
Stats Perform,1,Vista Equity Partners,vista-equity,no,official_site|wikipedia,https://www.vistaequitypartners.com/company/stats-perform/,https://en.wikipedia.org/wiki/Stats_Perform
Stearns Lending,1,Blackstone,blackstone,yes,wikipedia,https://en.wikipedia.org/wiki/Stearns_Lending,https://en.wikipedia.org/wiki/Stearns_Lending
Sterling Financial Corporation,1,Warburg Pincus,warburg-pincus,yes,wikipedia,https://en.wikipedia.org/wiki/Sterling_Financial_Corporation,https://en.wikipedia.org/wiki/Sterling_Financial_Corporation
StoreForce,1,Accel-KKR,accel-kkr,no,official_site,,
Storer Communications,1,KKR,kkr,yes,wikipedia,https://en.wikipedia.org/wiki/Storer_Communications,https://en.wikipedia.org/wiki/Storer_Communications
Storhub Group,1,Warburg Pincus,warburg-pincus,yes,official_site,https://warburgpincus.com/investments/storhub-group/,
STP software,1,Hg,hg,no,official_site,,
Strategic Insight,1,Genstar Capital,genstar-capital,yes,official_site,,
Strategy&,1,Carlyle,carlyle,yes,wikipedia,https://en.wikipedia.org/wiki/Strategy%26,https://en.wikipedia.org/wiki/Strategy%26
Stripe,1,Silver Lake,silver-lake,no,official_site,https://www.silverlake.com/portfolio/stripe/,
SubmitOrder,1,Silver Lake,silver-lake,no,official_site,https://www.silverlake.com/portfolio/submitorder/,
Submittable,1,Accel-KKR,accel-kkr,no,official_site,,
SugarAI,1,Accel-KKR,accel-kkr,no,official_site,,
Sumo Logic,1,Francisco Partners,francisco-partners,no,official_site,https://www.franciscopartners.com/investments/sumo-logic,
SumTotal,1,Vista Equity Partners,vista-equity,no,official_site,https://www.vistaequitypartners.com/company/sumtotal-systems/,
Sun Microsystems,1,KKR,kkr,yes,wikipedia,https://en.wikipedia.org/wiki/Sun_Microsystems,https://en.wikipedia.org/wiki/Sun_Microsystems
Sungard Availability Services,1,KKR,kkr,yes,wikipedia,https://en.wikipedia.org/wiki/Sungard_Availability_Services,https://en.wikipedia.org/wiki/Sungard_Availability_Services
Sunquest Information Systems,1,Vista Equity Partners,vista-equity,no,official_site|wikipedia,https://www.vistaequitypartners.com/company/sunquest-information-systems/,https://en.wikipedia.org/wiki/Sunquest_Information_Systems
Sunsea Parking,1,Warburg Pincus,warburg-pincus,yes,official_site,https://warburgpincus.com/investments/sunsea-parking/,
SuperCircuits,1,Carlyle,carlyle,yes,wikipedia,https://en.wikipedia.org/wiki/SuperCircuits,https://en.wikipedia.org/wiki/SuperCircuits
Superlogica Tecnologias,1,Warburg Pincus,warburg-pincus,yes,official_site,https://warburgpincus.com/investments/superlogica-tecnologias/,
Supreme (brand),1,Carlyle,carlyle,yes,wikipedia,https://en.wikipedia.org/wiki/Supreme_%28brand%29,https://en.wikipedia.org/wiki/Supreme_%28brand%29
Surgical Information Systems,1,Vista Equity Partners,vista-equity,no,official_site,https://www.vistaequitypartners.com/company/surgical-information-systems/,
Surplex,1,Carlyle,carlyle,yes,wikipedia,https://en.wikipedia.org/wiki/Surplex,https://en.wikipedia.org/wiki/Surplex
Survey Monkey,1,Spectrum Equity,spectrum-equity,no,official_site,,
Survitec Group,1,Warburg Pincus,warburg-pincus,yes,wikipedia,https://en.wikipedia.org/wiki/Survitec_Group,https://en.wikipedia.org/wiki/Survitec_Group
Suvoda,1,Thoma Bravo,thoma-bravo,no,official_site,,
SVP Worldwide,1,KKR,kkr,yes,wikipedia,https://en.wikipedia.org/wiki/SVP_Worldwide,https://en.wikipedia.org/wiki/SVP_Worldwide
Sweeping Corporation of America SCA,1,Warburg Pincus,warburg-pincus,yes,official_site,https://warburgpincus.com/investments/sweeping-corporation-of-america-sca/,
Sweetwater,1,Providence Equity Partners,providence-equity,yes,official_site,,
Sycurio,1,Accel-KKR,accel-kkr,no,official_site,,
Symfonia,1,Accel-KKR,accel-kkr,no,official_site,,
Symplr,1,Francisco Partners,francisco-partners,no,official_site,https://www.franciscopartners.com/investments/symplr,
Synamedia,1,Permira,permira,yes,wikipedia,https://en.wikipedia.org/wiki/Synamedia,https://en.wikipedia.org/wiki/Synamedia
Syniverse,1,Carlyle,carlyle,yes,wikipedia,https://en.wikipedia.org/wiki/Syniverse,https://en.wikipedia.org/wiki/Syniverse
Syntellis,1,Thoma Bravo,thoma-bravo,no,official_site,,
Systems & Software,1,Accel-KKR,accel-kkr,no,official_site,,
T System,1,Francisco Partners,francisco-partners,no,official_site,https://www.franciscopartners.com/investments/t-system,
T2 Systems,1,Thoma Bravo,thoma-bravo,no,official_site,,
Tactiq,1,Accel-KKR,accel-kkr,no,official_site,,
Tai Software,1,Accel-KKR,accel-kkr,no,official_site,,
TAL Education Group,1,Silver Lake,silver-lake,no,official_site,https://www.silverlake.com/portfolio/tal-education-group/,
Talentsoft,1,Francisco Partners,francisco-partners,no,official_site,https://www.franciscopartners.com/investments/talentsoft,
Tall City Exploration III,1,Warburg Pincus,warburg-pincus,yes,official_site,https://warburgpincus.com/investments/tall-city-exploration-iii/,
Tandberg,1,Silver Lake,silver-lake,no,official_site,https://www.silverlake.com/portfolio/tandberg/,
TapClicks,1,Accel-KKR,accel-kkr,no,official_site,,
Targus (company),1,Carlyle,carlyle,yes,wikipedia,https://en.wikipedia.org/wiki/Targus_%28company%29,https://en.wikipedia.org/wiki/Targus_%28company%29
Tarkett,1,KKR,kkr,yes,wikipedia,https://en.wikipedia.org/wiki/Tarkett,https://en.wikipedia.org/wiki/Tarkett
TASC,1,KKR,kkr,yes,wikipedia,https://en.wikipedia.org/wiki/TASC%2C_Inc.,https://en.wikipedia.org/wiki/TASC%2C_Inc.
TaxDome,1,Accel-KKR,accel-kkr,no,official_site,,
Taxware,1,Vista Equity Partners,vista-equity,no,wikipedia,https://en.wikipedia.org/wiki/Taxware,https://en.wikipedia.org/wiki/Taxware
TCW Group,1,Carlyle,carlyle,yes,wikipedia,https://en.wikipedia.org/wiki/TCW_Group,https://en.wikipedia.org/wiki/TCW_Group
Teachers Curriculum Institute TCI,1,Francisco Partners,francisco-partners,no,official_site,https://www.franciscopartners.com/investments/teachers-curriculum-institute-tci,
Teachers Pay Teachers,1,Spectrum Equity,spectrum-equity,no,official_site,,
TEAM Software,1,Accel-KKR,accel-kkr,no,official_site,,
team.blue,1,Hg,hg,no,official_site,,
Teamcore,1,Accel-KKR,accel-kkr,no,official_site,,
TeamHealth,1,Blackstone,blackstone,yes,wikipedia,https://en.wikipedia.org/wiki/TeamHealth,https://en.wikipedia.org/wiki/TeamHealth
TeamViewer (company),1,Permira,permira,yes,wikipedia,https://en.wikipedia.org/wiki/TeamViewer_%28company%29,https://en.wikipedia.org/wiki/TeamViewer_%28company%29
Teamworks,1,Hg,hg,no,official_site,,
Techcombank,1,Warburg Pincus,warburg-pincus,yes,official_site|wikipedia,https://warburgpincus.com/investments/techcombank/,https://en.wikipedia.org/wiki/Techcombank
Tecomet,1,Genstar Capital,genstar-capital,yes,official_site,,
TEG,1,Silver Lake,silver-lake,no,official_site,https://www.silverlake.com/portfolio/teg/,
Tekni-Plex,1,Genstar Capital,genstar-capital,yes,official_site,,
TELCOR,1,Accel-KKR,accel-kkr,no,official_site,,
Telepizza,1,Permira,permira,yes,wikipedia,https://en.wikipedia.org/wiki/Telepizza,https://en.wikipedia.org/wiki/Telepizza
Telxius,1,KKR,kkr,yes,wikipedia,https://en.wikipedia.org/wiki/Telxius,https://en.wikipedia.org/wiki/Telxius
Tendam,1,Permira,permira,yes,wikipedia,https://en.wikipedia.org/wiki/Tendam,https://en.wikipedia.org/wiki/Tendam
Teraco Data Environments,1,Permira,permira,yes,wikipedia,https://en.wikipedia.org/wiki/Teraco_Data_Environments,https://en.wikipedia.org/wiki/Teraco_Data_Environments
Terran Orbital,1,Francisco Partners,francisco-partners,no,official_site,https://www.franciscopartners.com/investments/terran-orbital,
Terremark,1,Silver Lake,silver-lake,no,official_site,https://www.silverlake.com/portfolio/terremark/,
TERREPOWER,1,Genstar Capital,genstar-capital,yes,official_site,,
Tesla,1,Silver Lake,silver-lake,no,official_site,https://www.silverlake.com/portfolio/tesla/,
Texas Genco,1,Hellman & Friedman,hellman-friedman,no,official_site,https://hf.com/portfolio/texas-genco-llc/,
Theguarantors,1,Warburg Pincus,warburg-pincus,yes,official_site,https://warburgpincus.com/investments/theguarantors/,
THE·TEAM,1,Providence Equity Partners,providence-equity,yes,official_site,,
Thinventory Bybox,1,Francisco Partners,francisco-partners,no,official_site,https://www.franciscopartners.com/investments/thinventory-bybox,
Thomson,1,Silver Lake,silver-lake,no,official_site,https://www.silverlake.com/portfolio/thomson/,
Thrasio,1,Silver Lake,silver-lake,no,official_site,https://www.silverlake.com/portfolio/thrasio/,
Thunes,1,Vitruvian Partners,vitruvian,no,public_reports,,https://en.wikipedia.org/wiki/Vitruvian_Partners
Ticketek,1,Silver Lake,silver-lake,no,wikipedia,https://en.wikipedia.org/wiki/Ticketek,https://en.wikipedia.org/wiki/Ticketek
Ticketron,1,Carlyle,carlyle,yes,wikipedia,https://en.wikipedia.org/wiki/Ticketron,https://en.wikipedia.org/wiki/Ticketron
TigerConnect,1,Vista Equity Partners,vista-equity,no,official_site,https://www.vistaequitypartners.com/company/tigerconnect/,
TikTok USDS JV,1,Silver Lake,silver-lake,no,official_site,https://www.silverlake.com/portfolio/tiktok-usds-jv/,
Tile,1,Francisco Partners,francisco-partners,no,official_site,https://www.franciscopartners.com/investments/tile,
Tintri,1,Silver Lake,silver-lake,no,official_site,https://www.silverlake.com/portfolio/tintri/,
Tipalti,1,Accel-KKR,accel-kkr,no,official_site,,
Tithe.ly,1,Accel-KKR,accel-kkr,no,official_site,,
Tokyo Beta,1,Warburg Pincus,warburg-pincus,yes,official_site,https://warburgpincus.com/investments/tokyo-beta/,
Tomia,1,Vista Equity Partners,vista-equity,no,official_site,https://www.vistaequitypartners.com/company/tomia/,
ToolsGroup,1,Accel-KKR,accel-kkr,no,official_site,,
Top Ryde City,1,Blackstone,blackstone,yes,wikipedia,https://en.wikipedia.org/wiki/Top_Ryde_City,https://en.wikipedia.org/wiki/Top_Ryde_City
Topcast,1,Warburg Pincus,warburg-pincus,yes,official_site,https://warburgpincus.com/investments/topcast/,
Topcon,1,KKR,kkr,yes,wikipedia,https://en.wikipedia.org/wiki/Topcon,https://en.wikipedia.org/wiki/Topcon
Touchbistro,1,Francisco Partners,francisco-partners,no,official_site,https://www.franciscopartners.com/investments/touchbistro,
"Toys ""R"" Us",1,KKR,kkr,yes,wikipedia,https://en.wikipedia.org/wiki/Toys_%22R%22_Us,https://en.wikipedia.org/wiki/Toys_%22R%22_Us
Trackunit,1,Hg,hg,no,official_site,,
TradeCard,1,Warburg Pincus,warburg-pincus,yes,wikipedia,https://en.wikipedia.org/wiki/TradeCard,https://en.wikipedia.org/wiki/TradeCard
Trader,1,Thoma Bravo,thoma-bravo,no,official_site,,
Trading Technologies,1,Thoma Bravo,thoma-bravo,no,official_site,,
Trainline,1,KKR,kkr,yes,wikipedia,https://en.wikipedia.org/wiki/Trainline,https://en.wikipedia.org/wiki/Trainline
Trainline EU,1,KKR,kkr,yes,wikipedia,https://en.wikipedia.org/wiki/Trainline_EU,https://en.wikipedia.org/wiki/Trainline_EU
Trans World Corporation,1,KKR,kkr,yes,wikipedia,https://en.wikipedia.org/wiki/Trans_World_Corporation,https://en.wikipedia.org/wiki/Trans_World_Corporation
TransDigm Group,1,Warburg Pincus,warburg-pincus,yes,wikipedia,https://en.wikipedia.org/wiki/TransDigm_Group,https://en.wikipedia.org/wiki/TransDigm_Group
Transphorm,1,KKR,kkr,yes,wikipedia,https://en.wikipedia.org/wiki/Transphorm,https://en.wikipedia.org/wiki/Transphorm
Travelodge (British company),1,Permira,permira,yes,wikipedia,https://en.wikipedia.org/wiki/Travelodge_%28British_company%29,https://en.wikipedia.org/wiki/Travelodge_%28British_company%29
Travelport,1,Blackstone,blackstone,yes,wikipedia,https://en.wikipedia.org/wiki/Travelport,https://en.wikipedia.org/wiki/Travelport
Trax Technologies,1,Accel-KKR,accel-kkr,no,official_site,,
TRC Healthcare,1,Francisco Partners,francisco-partners,no,official_site,https://www.franciscopartners.com/investments/trc-healthcare,
Tredair,1,Permira,permira,yes,wikipedia,https://en.wikipedia.org/wiki/Tredair,https://en.wikipedia.org/wiki/Tredair
Trellis RX,1,Francisco Partners,francisco-partners,no,official_site,https://www.franciscopartners.com/investments/trellis-rx,
TREND Health Partners,1,Accel-KKR,accel-kkr,no,official_site,,
TRG Screen,1,Vista Equity Partners,vista-equity,no,official_site,https://www.vistaequitypartners.com/company/trg-screen/,
Tribute Technology,1,Vista Equity Partners,vista-equity,no,official_site,https://www.vistaequitypartners.com/company/tribute-technology/,
Trident Energy,1,Warburg Pincus,warburg-pincus,yes,official_site,https://warburgpincus.com/investments/trident-energy/,
Trip.com Group,1,Silver Lake,silver-lake,no,wikipedia,https://en.wikipedia.org/wiki/Trip.com_Group,https://en.wikipedia.org/wiki/Trip.com_Group
Triple Point Technology,1,"Welsh, Carson, Anderson & Stowe",wcas,yes,official_site,,
TripleLift,1,Vista Equity Partners,vista-equity,no,official_site,https://www.vistaequitypartners.com/company/triplelift/,
Tripleseat,1,Vista Equity Partners,vista-equity,no,official_site,https://www.vistaequitypartners.com/company/tripleseat/,
Tripwire,1,Thoma Bravo,thoma-bravo,no,official_site,,
Triumph,1,Warburg Pincus,warburg-pincus,yes,official_site,https://warburgpincus.com/investments/triumph/,
Trizec Properties,1,Blackstone,blackstone,yes,wikipedia,https://en.wikipedia.org/wiki/Trizec_Properties,https://en.wikipedia.org/wiki/Trizec_Properties
TRM Labs,1,Thoma Bravo,thoma-bravo,no,official_site,,
Truhome Finance Limited,1,Warburg Pincus,warburg-pincus,yes,official_site,https://warburgpincus.com/investments/truhome-finance-limited/,
TS Imagine,1,Francisco Partners,francisco-partners,no,official_site,https://www.franciscopartners.com/investments/ts-imagine,
Tungsten Automation,1,Thoma Bravo,thoma-bravo,no,wikipedia,https://en.wikipedia.org/wiki/Tungsten_Automation,https://en.wikipedia.org/wiki/Tungsten_Automation
Tussauds Group,1,Blackstone,blackstone,yes,wikipedia,https://en.wikipedia.org/wiki/The_Tussauds_Group,https://en.wikipedia.org/wiki/The_Tussauds_Group
Twinkl,1,Vitruvian Partners,vitruvian,no,public_reports,,https://en.wikipedia.org/wiki/Vitruvian_Partners
Twitter,1,Silver Lake,silver-lake,no,official_site,https://www.silverlake.com/portfolio/twitter/,
TXU Energy,1,KKR,kkr,yes,wikipedia,https://en.wikipedia.org/wiki/TXU_Energy,https://en.wikipedia.org/wiki/TXU_Energy
TYO,1,Carlyle,carlyle,yes,wikipedia,https://en.wikipedia.org/wiki/TYO_Inc.,https://en.wikipedia.org/wiki/TYO_Inc.
Télésat,1,Providence Equity Partners,providence-equity,yes,wikipedia,https://en.wikipedia.org/wiki/T%C3%A9l%C3%A9sat,https://en.wikipedia.org/wiki/T%C3%A9l%C3%A9sat
UCT,1,Francisco Partners,francisco-partners,no,official_site,https://www.franciscopartners.com/investments/uct,
UFC,1,Silver Lake,silver-lake,no,official_site,https://www.silverlake.com/portfolio/ufc/,
UGS,1,Silver Lake,silver-lake,no,official_site,https://www.silverlake.com/portfolio/ugs/,
UiPath,1,Silver Lake,silver-lake,no,official_site,https://www.silverlake.com/portfolio/uipath/,
UKG (Ultimate Kronos Group),1,Hellman & Friedman,hellman-friedman,no,official_site,https://hf.com/portfolio/ukg-ultimate-kronos-group/,
Ullink,1,Hg,hg,no,official_site,,
Ultimate Fighting Championship,1,KKR,kkr,yes,wikipedia,https://en.wikipedia.org/wiki/Ultimate_Fighting_Championship,https://en.wikipedia.org/wiki/Ultimate_Fighting_Championship
Unifiedpost,1,Francisco Partners,francisco-partners,no,official_site,https://www.franciscopartners.com/investments/unifiedpost,
Unimarket,1,Accel-KKR,accel-kkr,no,official_site,,
United Defense,1,Carlyle,carlyle,yes,wikipedia,https://en.wikipedia.org/wiki/United_Defense,https://en.wikipedia.org/wiki/United_Defense
United Envirotech,1,KKR,kkr,yes,wikipedia,https://en.wikipedia.org/wiki/United_Envirotech,https://en.wikipedia.org/wiki/United_Envirotech
United Family Healthcare,1,Warburg Pincus,warburg-pincus,yes,official_site,https://warburgpincus.com/investments/united-family-healthcare/,
United Group,1,KKR,kkr,yes,wikipedia,https://en.wikipedia.org/wiki/United_Group,https://en.wikipedia.org/wiki/United_Group
United Musculoskeletal Partners,1,"Welsh, Carson, Anderson & Stowe",wcas,yes,official_site,,
United Parks & Resorts,1,Blackstone,blackstone,yes,wikipedia,https://en.wikipedia.org/wiki/United_Parks_%26_Resorts,https://en.wikipedia.org/wiki/United_Parks_%26_Resorts
United Trust Bank,1,Warburg Pincus,warburg-pincus,yes,official_site,https://warburgpincus.com/investments/united-trust-bank/,
Unity,1,Silver Lake,silver-lake,no,official_site,https://www.silverlake.com/portfolio/unity/,
Unity Advisory,1,Warburg Pincus,warburg-pincus,yes,official_site,https://warburgpincus.com/investments/unity-advisory/,
Unity Technologies,1,Silver Lake,silver-lake,no,wikipedia,https://en.wikipedia.org/wiki/Unity_Technologies,https://en.wikipedia.org/wiki/Unity_Technologies
Unitymedia,1,Silver Lake,silver-lake,no,official_site,https://www.silverlake.com/portfolio/unitymedia/,
Universal Protection Service,1,Warburg Pincus,warburg-pincus,yes,wikipedia,https://en.wikipedia.org/wiki/Universal_Protection_Service,https://en.wikipedia.org/wiki/Universal_Protection_Service
UpKeep,1,Accel-KKR,accel-kkr,no,official_site,,
Upserve,1,Vista Equity Partners,vista-equity,no,official_site,https://www.vistaequitypartners.com/company/upserve/,
Upside,1,Vista Equity Partners,vista-equity,no,official_site,https://www.vistaequitypartners.com/company/upside/,
Uptick,1,Accel-KKR,accel-kkr,no,official_site,,
Urbaser,1,Platinum Equity,platinum-equity,yes,geig_article,,
US Anesthesia Partners,1,"Welsh, Carson, Anderson & Stowe",wcas,yes,official_site,,
US eDirect,1,Accel-KKR,accel-kkr,no,official_site,,
US Foods,1,KKR,kkr,yes,wikipedia,https://en.wikipedia.org/wiki/US_Foods,https://en.wikipedia.org/wiki/US_Foods
UserTesting,1,Thoma Bravo,thoma-bravo,no,official_site,,
UserZoom,1,Thoma Bravo,thoma-bravo,no,official_site,,
USIS (company),1,Carlyle,carlyle,yes,wikipedia,https://en.wikipedia.org/wiki/USIS_%28company%29,https://en.wikipedia.org/wiki/USIS_%28company%29
USU,1,Thoma Bravo,thoma-bravo,no,official_site,,
Uvex,1,Warburg Pincus,warburg-pincus,yes,official_site,https://warburgpincus.com/investments/uvex/,
Valentino (fashion house),1,Permira,permira,yes,wikipedia,https://en.wikipedia.org/wiki/Valentino_%28fashion_house%29,https://en.wikipedia.org/wiki/Valentino_%28fashion_house%29
Valentino Fashion Group,1,Permira,permira,yes,wikipedia,https://en.wikipedia.org/wiki/Valentino_Fashion_Group,https://en.wikipedia.org/wiki/Valentino_Fashion_Group
Valtruis,1,"Welsh, Carson, Anderson & Stowe",wcas,yes,official_site,,
Vantage Data Centers,1,Silver Lake,silver-lake,no,official_site,https://www.silverlake.com/portfolio/vantage-data-centers/,
Vantage Group Holdings,1,Hellman & Friedman,hellman-friedman,no,official_site,https://hf.com/portfolio/vantage-group-holdings-ltd/,
Varo Money,1,Warburg Pincus,warburg-pincus,yes,official_site,https://warburgpincus.com/investments/varo-money/,
VAROPreem,1,Carlyle,carlyle,yes,wikipedia,https://en.wikipedia.org/wiki/VAROPreem,https://en.wikipedia.org/wiki/VAROPreem
Varsity Brands,1,KKR,kkr,yes,wikipedia,https://en.wikipedia.org/wiki/Varsity_Brands,https://en.wikipedia.org/wiki/Varsity_Brands
VBA,1,Spectrum Equity,spectrum-equity,no,official_site,,
Vector Solutions,1,Genstar Capital,genstar-capital,yes,official_site,,
Velocity Technology Solutions,1,Silver Lake,silver-lake,no,official_site,https://www.silverlake.com/portfolio/velocity-technology-solutions/,
Vena Solutions,1,Vista Equity Partners,vista-equity,no,official_site,https://www.vistaequitypartners.com/company/vena-solutions/,
Venafi,1,Thoma Bravo,thoma-bravo,no,official_site,,
Ventyx,1,Vista Equity Partners,vista-equity,no,official_site,https://www.vistaequitypartners.com/company/ventyx/,
Veoci,1,Accel-KKR,accel-kkr,no,official_site,,
Veracode,1,Thoma Bravo,thoma-bravo,no,official_site,,
Veradigm,1,Francisco Partners,francisco-partners,no,official_site,https://www.franciscopartners.com/investments/veradigm,
Verafin,1,Spectrum Equity,spectrum-equity,no,official_site,,
Verifone,1,Francisco Partners,francisco-partners,no,official_site,https://www.franciscopartners.com/investments/verifone,
Veriforce,1,Thoma Bravo,thoma-bravo,no,official_site,,
Verily,1,Silver Lake,silver-lake,no,official_site|wikipedia,https://www.silverlake.com/portfolio/verily/,https://en.wikipedia.org/wiki/Verily
Verint,1,Thoma Bravo,thoma-bravo,no,official_site,,
Verint Systems,1,Thoma Bravo,thoma-bravo,no,wikipedia,https://en.wikipedia.org/wiki/Verint_Systems,https://en.wikipedia.org/wiki/Verint_Systems
Verisure,1,Hellman & Friedman,hellman-friedman,no,official_site,https://hf.com/portfolio/verisure/,
Verisys,1,Spectrum Equity,spectrum-equity,no,official_site,,
Veritas Technologies,1,Carlyle,carlyle,yes,wikipedia,https://en.wikipedia.org/wiki/Veritas_Technologies,https://en.wikipedia.org/wiki/Veritas_Technologies
Vero,1,Warburg Pincus,warburg-pincus,yes,official_site,https://warburgpincus.com/investments/vero/,
Very Group,1,Carlyle,carlyle,yes,wikipedia,https://en.wikipedia.org/wiki/The_Very_Group,https://en.wikipedia.org/wiki/The_Very_Group
Veryon,1,Accel-KKR,accel-kkr,no,official_site,,
Veson Nautical,1,Francisco Partners,francisco-partners,no,official_site,https://www.franciscopartners.com/investments/veson-nautical,
Vinarchy,1,Carlyle,carlyle,yes,wikipedia,https://en.wikipedia.org/wiki/Vinarchy,https://en.wikipedia.org/wiki/Vinarchy
Vinhomes,1,KKR,kkr,yes,wikipedia,https://en.wikipedia.org/wiki/Vinhomes,https://en.wikipedia.org/wiki/Vinhomes
Vinnell,1,Carlyle,carlyle,yes,wikipedia,https://en.wikipedia.org/wiki/Vinnell,https://en.wikipedia.org/wiki/Vinnell
VIP,1,Warburg Pincus,warburg-pincus,yes,official_site,https://warburgpincus.com/investments/vip/,
Viridor,1,KKR,kkr,yes,wikipedia,https://en.wikipedia.org/wiki/Viridor,https://en.wikipedia.org/wiki/Viridor
Virtu Financial,1,Silver Lake,silver-lake,no,official_site,https://www.silverlake.com/portfolio/virtu-financial/,
Vision Solutions,1,Thoma Bravo,thoma-bravo,no,official_site,,
VisiQuate,1,Accel-KKR,accel-kkr,no,official_site,,
Vistaar,1,Warburg Pincus,warburg-pincus,yes,official_site,https://warburgpincus.com/investments/vistaar/,
Vistex,1,Accel-KKR,accel-kkr,no,official_site,,
Visual Lease,1,Spectrum Equity,spectrum-equity,no,official_site,,
Vita Partners,1,Warburg Pincus,warburg-pincus,yes,official_site,https://warburgpincus.com/investments/vita-partners/,
Vitalsource,1,Francisco Partners,francisco-partners,no,official_site,https://www.franciscopartners.com/investments/vitalsource,
Vitu,1,Accel-KKR,accel-kkr,no,official_site,,
VivaGym,1,Providence Equity Partners,providence-equity,yes,official_site,,
Vivian,1,Thoma Bravo,thoma-bravo,no,official_site,,
Vivid Seats,1,Vista Equity Partners,vista-equity,no,official_site,https://www.vistaequitypartners.com/company/vivid-seats/,
Vivint,1,Blackstone,blackstone,yes,wikipedia,https://en.wikipedia.org/wiki/Vivint,https://en.wikipedia.org/wiki/Vivint
Vivtera Holdings,1,Warburg Pincus,warburg-pincus,yes,official_site,https://warburgpincus.com/investments/vivtera-holdings/,
VMware,1,Silver Lake,silver-lake,no,official_site,https://www.silverlake.com/portfolio/vmware/,
Vobile Group,1,Accel-KKR,accel-kkr,no,official_site,,
Vodafone Deutschland,1,Providence Equity Partners,providence-equity,yes,wikipedia,https://en.wikipedia.org/wiki/Vodafone_Deutschland,https://en.wikipedia.org/wiki/Vodafone_Deutschland
Vodafone Idea,1,Providence Equity Partners,providence-equity,yes,wikipedia,https://en.wikipedia.org/wiki/Vodafone_Idea,https://en.wikipedia.org/wiki/Vodafone_Idea
Voll,1,Warburg Pincus,warburg-pincus,yes,official_site,https://warburgpincus.com/investments/voll/,
Vought,1,Carlyle,carlyle,yes,wikipedia,https://en.wikipedia.org/wiki/Vought,https://en.wikipedia.org/wiki/Vought
Vringo,1,Warburg Pincus,warburg-pincus,yes,wikipedia,https://en.wikipedia.org/wiki/Vringo,https://en.wikipedia.org/wiki/Vringo
Vroom & Dreesmann,1,KKR,kkr,yes,wikipedia,https://en.wikipedia.org/wiki/Vroom_%26_Dreesmann,https://en.wikipedia.org/wiki/Vroom_%26_Dreesmann
Vubiquity,1,Carlyle,carlyle,yes,wikipedia,https://en.wikipedia.org/wiki/Vubiquity,https://en.wikipedia.org/wiki/Vubiquity
VYNE,1,Accel-KKR,accel-kkr,no,official_site,,
Warburg Pincus,1,Warburg Pincus,warburg-pincus,yes,wikipedia,https://en.wikipedia.org/wiki/Warburg_Pincus,https://en.wikipedia.org/wiki/Warburg_Pincus
Warner Music Group,1,Providence Equity Partners,providence-equity,yes,geig_article|wikipedia,https://en.wikipedia.org/wiki/Warner_Music_Group,https://en.wikipedia.org/wiki/Warner_Music_Group
Watchguard,1,Francisco Partners,francisco-partners,no,official_site,https://www.franciscopartners.com/investments/watchguard,
Water Pik,1,Carlyle,carlyle,yes,wikipedia,https://en.wikipedia.org/wiki/Water_Pik,https://en.wikipedia.org/wiki/Water_Pik
Watertec,1,Warburg Pincus,warburg-pincus,yes,official_site,https://warburgpincus.com/investments/watertec/,
Waymo,1,Silver Lake,silver-lake,no,official_site|wikipedia,https://www.silverlake.com/portfolio/waymo/,https://en.wikipedia.org/wiki/Waymo
Waystar,1,Francisco Partners,francisco-partners,no,official_site,https://www.franciscopartners.com/investments/waystar,
Waystone,1,Hg,hg,no,official_site,,
Weather,1,Francisco Partners,francisco-partners,no,official_site,https://www.franciscopartners.com/investments/the-weather-company,
Weave Living,1,Warburg Pincus,warburg-pincus,yes,official_site,https://warburgpincus.com/investments/weave-living/,
Web Reservations International,1,Hellman & Friedman,hellman-friedman,no,official_site,https://hf.com/portfolio/web-reservations-international-ltd/,
Web.com,1,Vista Equity Partners,vista-equity,no,geig_article,,
WebMD,1,KKR,kkr,yes,wikipedia,https://en.wikipedia.org/wiki/WebMD,https://en.wikipedia.org/wiki/WebMD
Webpt,1,Warburg Pincus,warburg-pincus,yes,official_site|wikipedia,https://warburgpincus.com/investments/webpt/,https://en.wikipedia.org/wiki/WebPT
Websense,1,Vista Equity Partners,vista-equity,no,official_site,https://www.vistaequitypartners.com/company/websense/,
Webtrends,1,Francisco Partners,francisco-partners,no,official_site,https://www.franciscopartners.com/investments/webtrends,
Wella,1,KKR,kkr,yes,wikipedia,https://en.wikipedia.org/wiki/Wella,https://en.wikipedia.org/wiki/Wella
Whatfix,1,Warburg Pincus,warburg-pincus,yes,official_site,https://warburgpincus.com/investments/whatfix/,
Whip Around,1,Accel-KKR,accel-kkr,no,official_site,,
Wiedemann & Berg Film Production,1,KKR,kkr,yes,wikipedia,https://en.wikipedia.org/wiki/Wiedemann_%26_Berg_Film_Production,https://en.wikipedia.org/wiki/Wiedemann_%26_Berg_Film_Production
Willis Group,1,KKR,kkr,yes,wikipedia,https://en.wikipedia.org/wiki/Willis_Group,https://en.wikipedia.org/wiki/Willis_Group
WIN Reality,1,Spectrum Equity,spectrum-equity,no,official_site,,
Wincor Nixdorf,1,KKR,kkr,yes,wikipedia,https://en.wikipedia.org/wiki/Wincor_Nixdorf,https://en.wikipedia.org/wiki/Wincor_Nixdorf
Winoa,1,KKR,kkr,yes,wikipedia,https://en.wikipedia.org/wiki/Winoa,https://en.wikipedia.org/wiki/Winoa
Wistia,1,Accel-KKR,accel-kkr,no,official_site,,
WNS Global Services,1,Warburg Pincus,warburg-pincus,yes,wikipedia,https://en.wikipedia.org/wiki/WNS_Global_Services,https://en.wikipedia.org/wiki/WNS_Global_Services
Wolt,1,KKR,kkr,yes,wikipedia,https://en.wikipedia.org/wiki/Wolt,https://en.wikipedia.org/wiki/Wolt
Wometco Enterprises,1,KKR,kkr,yes,wikipedia,https://en.wikipedia.org/wiki/Wometco_Enterprises,https://en.wikipedia.org/wiki/Wometco_Enterprises
Wometco Home Theater,1,KKR,kkr,yes,wikipedia,https://en.wikipedia.org/wiki/Wometco_Home_Theater,https://en.wikipedia.org/wiki/Wometco_Home_Theater
Wood Mackenzie,1,Hellman & Friedman,hellman-friedman,no,official_site,https://hf.com/portfolio/wood-mackenzie-ltd/,
Woods Equipment,1,Genstar Capital,genstar-capital,yes,official_site,,
WorkFlex,1,Spectrum Equity,spectrum-equity,no,official_site,,
Workwave,1,Hg,hg,no,official_site,,
World Check,1,Spectrum Equity,spectrum-equity,no,official_site,,
WP Engine,1,Silver Lake,silver-lake,no,official_site|wikipedia,https://www.silverlake.com/portfolio/wp-engine/,https://en.wikipedia.org/wiki/WP_Engine
Wrike,1,Vista Equity Partners,vista-equity,no,official_site|wikipedia,https://www.vistaequitypartners.com/company/wrike/,https://en.wikipedia.org/wiki/Wrike
WTC Wharf,1,KKR,kkr,yes,wikipedia,https://en.wikipedia.org/wiki/WTC_Wharf,https://en.wikipedia.org/wiki/WTC_Wharf
X (social network),1,Silver Lake,silver-lake,no,wikipedia,https://en.wikipedia.org/wiki/X_%28social_network%29,https://en.wikipedia.org/wiki/X_%28social_network%29
Xactly,1,Vista Equity Partners,vista-equity,no,official_site,https://www.vistaequitypartners.com/company/xactly/,
Xactly Corporation,1,Vista Equity Partners,vista-equity,no,wikipedia,https://en.wikipedia.org/wiki/Xactly_Corporation,https://en.wikipedia.org/wiki/Xactly_Corporation
Xcellenet,1,Francisco Partners,francisco-partners,no,official_site,https://www.franciscopartners.com/investments/xcellenet,
Xiu.com,1,Warburg Pincus,warburg-pincus,yes,wikipedia,https://en.wikipedia.org/wiki/Xiu.com,https://en.wikipedia.org/wiki/Xiu.com
Xoriant,1,Silver Lake,silver-lake,no,official_site,https://www.silverlake.com/portfolio/xoriant/,
Xplor Technologies,1,Silver Lake,silver-lake,no,official_site,https://www.silverlake.com/portfolio/clubessential-holdings/,
Xtiva,1,Accel-KKR,accel-kkr,no,official_site,,
Xuyen A,1,Warburg Pincus,warburg-pincus,yes,official_site,https://warburgpincus.com/investments/xuyen-a/,
YachtWorld,1,Permira,permira,yes,wikipedia,https://en.wikipedia.org/wiki/YachtWorld,https://en.wikipedia.org/wiki/YachtWorld
Yashili,1,Carlyle,carlyle,yes,wikipedia,https://en.wikipedia.org/wiki/Yashili,https://en.wikipedia.org/wiki/Yashili
Yes Energy,1,Accel-KKR,accel-kkr,no,official_site,,
YES Network,1,Providence Equity Partners,providence-equity,yes,wikipedia,https://en.wikipedia.org/wiki/YES_Network,https://en.wikipedia.org/wiki/YES_Network
Yodlee,1,Warburg Pincus,warburg-pincus,yes,wikipedia,https://en.wikipedia.org/wiki/Yodlee,https://en.wikipedia.org/wiki/Yodlee
Yokohama Off-Highway Tires,1,Warburg Pincus,warburg-pincus,yes,wikipedia,https://en.wikipedia.org/wiki/Yokohama_Off-Highway_Tires,https://en.wikipedia.org/wiki/Yokohama_Off-Highway_Tires
Yorktown Center,1,KKR,kkr,yes,wikipedia,https://en.wikipedia.org/wiki/Yorktown_Center,https://en.wikipedia.org/wiki/Yorktown_Center
Young & Rubicam,1,Hellman & Friedman,hellman-friedman,no,official_site,https://hf.com/portfolio/young-rubicam-inc/,
YourEncore,1,Accel-KKR,accel-kkr,no,official_site,,
Zapproved,1,Vista Equity Partners,vista-equity,no,official_site,https://www.vistaequitypartners.com/company/zapproved/,
Zekelman Industries,1,Carlyle,carlyle,yes,wikipedia,https://en.wikipedia.org/wiki/Zekelman_Industries,https://en.wikipedia.org/wiki/Zekelman_Industries
Zenefits,1,Francisco Partners,francisco-partners,no,official_site,https://www.franciscopartners.com/investments/zenefits,
Zenwork,1,Spectrum Equity,spectrum-equity,no,official_site,,
Zhong Ou Asset Management,1,Warburg Pincus,warburg-pincus,yes,wikipedia,https://en.wikipedia.org/wiki/Zhong_Ou_Asset_Management,https://en.wikipedia.org/wiki/Zhong_Ou_Asset_Management
Zhongyuan Consumer Finance,1,Warburg Pincus,warburg-pincus,yes,official_site,https://warburgpincus.com/investments/zhongyuan-consumer-finance-company/,
Ziggo,1,Warburg Pincus,warburg-pincus,yes,wikipedia,https://en.wikipedia.org/wiki/Ziggo,https://en.wikipedia.org/wiki/Ziggo
Zimperium,1,Warburg Pincus,warburg-pincus,yes,wikipedia,https://en.wikipedia.org/wiki/Zimperium,https://en.wikipedia.org/wiki/Zimperium
Zinc Ahead,1,Accel-KKR,accel-kkr,no,official_site,,
Zipari,1,Thoma Bravo,thoma-bravo,no,official_site,,
Ziroom,1,Warburg Pincus,warburg-pincus,yes,official_site,https://warburgpincus.com/investments/ziroom/,
Zocdoc,1,Francisco Partners,francisco-partners,no,official_site,https://www.franciscopartners.com/investments/zocdoc,
Zodiac Nautic,1,Carlyle,carlyle,yes,wikipedia,https://en.wikipedia.org/wiki/Zodiac_Nautic,https://en.wikipedia.org/wiki/Zodiac_Nautic
zooplus,1,Hellman & Friedman,hellman-friedman,no,official_site,https://hf.com/portfolio/zooplus/,
Zotec Partners,1,Francisco Partners,francisco-partners,no,official_site,https://www.franciscopartners.com/investments/zotec-partners,
ZPG,1,Silver Lake,silver-lake,no,official_site,https://www.silverlake.com/portfolio/zpg/,
ZSM,1,Warburg Pincus,warburg-pincus,yes,official_site,https://warburgpincus.com/investments/zsm/,
Zuffa,1,KKR,kkr,yes,wikipedia,https://en.wikipedia.org/wiki/Zuffa,https://en.wikipedia.org/wiki/Zuffa
Zuora,1,Silver Lake,silver-lake,no,official_site,https://www.silverlake.com/portfolio/zuora/,
Zwift,1,KKR,kkr,yes,wikipedia,https://en.wikipedia.org/wiki/Zwift,https://en.wikipedia.org/wiki/Zwift
Zynga,1,Silver Lake,silver-lake,no,official_site,https://www.silverlake.com/portfolio/zynga/,
Zywave,1,Vista Equity Partners,vista-equity,no,official_site|wikipedia,https://www.vistaequitypartners.com/company/zywave/,https://en.wikipedia.org/wiki/Zywave
"© 1996-2026 Welsh, Carson, Anderson & Stowe. All Rights Reserved.",1,"Welsh, Carson, Anderson & Stowe",wcas,yes,official_site,,
